document_id,country,document_type,language,title,url,published_date,edition_of,active,notes
zaf-pcc-jet-ip,ZAF,data_portal,,South Africa's Just Energy Transition Investment Plan,https://www.climatecommission.org.za/south-africas-jet-ip,,,true,National JET IP landing page; country ticket expands linked reports and projects
zaf-jet-implementation-plan-2023-2027,ZAF,implementation_plan,en,JET Implementation Plan 2023-2027,https://justenergytransition.co.za/wp-content/uploads/2024/10/JET-Implementation-Plan-2023-2027-1.pdf,,,true,Official implementation plan linked from the national JET resource hub
idn-cipp-portal,IDN,data_portal,,Comprehensive Investment and Policy Plan,https://jetp-id.org/cipp,,,true,Original official CIPP landing page; current successor and updates must be resolved in country ticket
idn-cipp-2023,IDN,investment_plan,,Comprehensive Investment and Policy Plan,https://jetp-id.org/storage/official-jetp-cipp-2023-vshare_f_en-1700532655.pdf,2023-11-21,,true,Official CIPP 2023 URL; retain blocked observations and locate an authoritative mirror if needed
idn-cipp-2023-cpr-mirror,IDN,investment_plan,en,Comprehensive Investment and Policy Plan,https://cdn.climatepolicyradar.org/navigator/IDN/2023/comprehensive-investment-and-policy-plan_111dabc5e962ec140a6080232a0bb367.pdf,2023-11-21,,true,Archived copy whose metadata preserves the official source URL and MD5 111dabc5e962ec140a6080232a0bb367
vnm-moit-portal,VNM,data_portal,vi,Viet Nam JETP official portal,https://jetp.moit.gov.vn/,,,true,Portal for RMP decisions project submissions news and newsletters
vnm-rmp-2023,VNM,investment_plan,en,Viet Nam JETP Resource Mobilisation Plan,https://climate.ec.europa.eu/system/files/2023-12/RMP_Viet%20Nam_Eng_%28Final%20to%20publication%29.pdf,2023-12-01,,true,Official RMP linked from the EEAS launch page
sen-eu-portal,SEN,data_portal,en,Just Energy Transition Partnership in Senegal,https://international-partnerships.ec.europa.eu/policies/global-gateway/just-energy-transition-partnership-senegal_en,,,true,Official IPG overview; country ticket adds national investment plan annexes and project sources
sen-investment-plan-l4,SEN,investment_plan,,Plan d'Investissement de la Transition energetique juste,https://www.itie.sn/wp-content/uploads/2025/06/20250402-ENERCAP-Livrable-L4-v5-clean-1.pdf,2025-04-02,,true,Official-host copy of the national investment plan; retain outages as collection evidence
sen-investment-plan-l4-mirror,SEN,investment_plan,fr,Plan d'Investissement de la Transition energetique juste,https://www.vie-publique.sn/docs/002da0bc-10a7-458c-9111-09accbd0f255/plan-investissement-transition-energetique-juste-jet-senegal-mepm.pdf,2025-04-02,,true,Public mirror of the ministry document; accept for evidence only after document-level identity review
zaf-jet-pmu-resource-hub,ZAF,data_portal,en,JET PMU Resource Hub,https://justenergytransition.co.za/resource-hub,,,true,Canonical discovery route for plans reports and partner groups
zaf-jet-pmu-news,ZAF,data_portal,en,JET PMU News and Updates,https://justenergytransition.co.za/news,,,true,Official press releases registers and media leads
zaf-jet-pmu-projects,ZAF,project_list,en,JET PMU Projects,https://justenergytransition.co.za/projects,,,true,Official project collection; custom post type contained 12 records at collection
zaf-jet-ip-2023-2027,ZAF,investment_plan,en,South Africa's Just Energy Transition Investment Plan 2023-2027,https://justenergytransition.co.za/wp-content/uploads/2024/10/South-Africas-Just-Energy-Transition-Investment-Plan-JET-IP-2023-2027-FINAL-1.pdf,2022-11-04,,true,Official preservation URL on the current JET PMU resource hub
zaf-jet-quarterly-2024-q3,ZAF,progress_update,en,JET IP Quarterly Progress Report 30 September 2024,https://justenergytransition.co.za/wp-content/uploads/2024/12/Just-Energy-Transition_Progress-Report-v2.pdf,2024-09-30,,true,First published implementation progress report; covers April to September 2024
zaf-jet-quarterly-2024-q4,ZAF,progress_update,en,JET IP Quarterly Progress Report 31 December 2024,https://justenergytransition.co.za/wp-content/uploads/2025/02/Just-Energy-Transition_Progress-Report-December-2024Final-1.pdf,2024-12-31,,true,Official end-2024 progress report
zaf-jet-quarterly-2025-q1,ZAF,progress_update,en,JET IP Quarterly Progress Report 31 March 2025,https://justenergytransition.co.za/wp-content/uploads/2025/04/JetQuarterly31March2025.pdf,2025-03-31,,true,Quarter close also carries annual indicators for the South African financial year
zaf-jet-quarterly-2025-q2,ZAF,progress_update,en,JET IP Quarterly Progress Report 30 June 2025,https://justenergytransition.co.za/wp-content/uploads/2025/08/Jet-IP-Quarterly-Report-30-June-2025-1.pdf,2025-06-30,,true,Official resource-hub report
zaf-jet-quarterly-2025-q3,ZAF,progress_update,en,JET IP Quarterly Progress Report 30 September 2025 revised,https://justenergytransition.co.za/wp-content/uploads/2025/11/Jet-Quarterly-30-Sep-2025-Revised.pdf,2025-09-30,,true,Revised official media object preferred over the earlier upload
zaf-jet-quarterly-2025-q4,ZAF,progress_update,en,JET IP Quarterly Progress Report 31 December 2025,https://justenergytransition.co.za/wp-content/uploads/2026/03/JET-IP-Quarterly-Report-31-December-2025.pdf,2025-12-31,,true,Official resource-hub report
zaf-jet-quarterly-2026-q1,ZAF,progress_update,en,JET IP Quarterly Progress Report 31 March 2026,https://justenergytransition.co.za/wp-content/uploads/2026/06/JET-IP-2026-Q1-Progress-Report-final.pdf,2026-06-26,,true,Reporting period ends 2026-03-31; published 2026-06-26. Latest edition found on official report index and resource hub checked 2026-09-14; Q2 not found on those routes.
zaf-jet-grants-register-2024-q2,ZAF,project_list,en,JET Grants Register 2024 Q1-Q2,https://justenergytransition.co.za/wp-content/uploads/2024/10/JET-Grants-Register-2024Q1-2024Q2.pdf,2024-06-30,,true,First register installment published as PDF
zaf-jet-grants-register-2024-q3,ZAF,project_list,,JET Grants Register 2024 Q3,https://justenergytransition.co.za/wp-content/uploads/2024/11/JET-Grants-Register-2024Q1-2024Q3-Published-Final.-xlsx.xlsx,2024-09-30,,true,Official machine-readable cumulative register
zaf-jet-grants-register-2025-q1,ZAF,project_list,,JET Grants Register 2025 Q1,https://justenergytransition.co.za/wp-content/uploads/2025/03/JETGrantsRegister2025Q1-Published.xlsx,2025-03-31,,true,Latest standalone grants workbook found before the Investment Register dashboard
zaf-jet-investment-register-q1-2026,ZAF,data_portal,en,JET IP Investment Register Q1 2026,https://justenergytransition.co.za/jet-investment-register-dashboard,2026-03-30,,true,Official embedded Overall Data table; 257 material rows after excluding summary rows
zaf-project-nomzamo-agri-village,ZAF,project_page,en,"Sustainable local development in Nomzamo Agri Village, Ermelo, Mpumalanga",https://justenergytransition.co.za/project/sustainable-local-development-in-nomzamo-agri-village-ermelo-mpumalanga,2025-07-29,,true,Official page describing the French and Danish register components; see project-source-links.csv
zaf-project-just-transition-framework-france,ZAF,project_page,en,Implementation of the Just Transitions Framework (France),https://justenergytransition.co.za/project/implementation-of-the-just-transitions-framework-france,2024-11-13,,true,Adjudicated against the official register
zaf-project-mining-ghost-towns-france,ZAF,project_page,en,Revitalization of Mining Ghost Towns (France),https://justenergytransition.co.za/project/revitalisation-of-mining-ghost-towns-france,2024-10-24,,true,Adjudicated against the official register
zaf-project-social-policies-france,ZAF,project_page,en,The Role of Social Policies in the Framework for Just Transition (France),https://justenergytransition.co.za/project/the-role-of-social-policies-in-the-framework-for-just-transition-france,2024-10-24,,true,Adjudicated against the official register
zaf-project-lessons-best-practices-uk,ZAF,project_page,en,Distilling the Just Energy Transition in South Africa - Lessons Learned and Best Practices (UK),https://justenergytransition.co.za/project/distilling-the-just-energy-transition-in-south-africa-lessons-learned-and-best-practices-uk,2024-10-24,,true,Adjudicated against the official register
zaf-project-mpumalanga-pathways-uk,ZAF,project_page,en,Mapping Mitigation and Adaptation Pathways for Mpumalanga (UK),https://justenergytransition.co.za/project/mapping-mitigation-and-adaptation-pathways-for-mpumalanga-uk,2024-10-24,,true,Adjudicated against the official register
zaf-project-cape-town-grid-uk-pact,ZAF,project_page,en,City of Cape Town Grid Regulation - UK PACT Skill-Share,https://justenergytransition.co.za/project/city-of-cape-town-grid-regulation-uk-pact-skill-share,2024-10-24,,true,Adjudicated against the official register
zaf-project-energy-one-stop-shop-uk-pact,ZAF,project_page,en,Energy One Stop Shop - UK PACT Skill-Share,https://justenergytransition.co.za/project/energy-one-stop-shop-uk-pact-skill-share-supporting-south-africas-just-energy-transition,2024-10-14,,true,Adjudicated as the completed municipal skill-share rather than the later DTIC EOSS phase
zaf-project-just-sa-germany,ZAF,project_page,en,Just Transition to a Decarbonised Economy for South Africa (JUST SA) (Germany),https://justenergytransition.co.za/project/just-transition-to-a-decarbonised-economy-for-south-africa-just-sa,2024-10-13,,true,Adjudicated against the official register
zaf-project-sagen-germany,ZAF,project_page,en,South African-German Energy Programme (SAGEN) (Germany),https://justenergytransition.co.za/project/south-african-german-energy-programme-sagen-2,2024-10-13,,true,Umbrella page for three SAGEN register components; see project-source-links.csv
zaf-project-h2sa-ptx-hub-germany,ZAF,project_page,en,Promoting the development of a green hydrogen sector in South Africa (H2.SA) and International PtX Hub South Africa (Germany),https://justenergytransition.co.za/project/promoting-the-development-of-a-green-hydrogen-sector-in-south-africa-h2-sa-and-international-ptx-hub-south-africa,2024-10-13,,true,Umbrella page for H2.SA and PtX Hub register components; see project-source-links.csv
zaf-project-cpd4e-germany,ZAF,project_page,en,Career Path Development for Employment (CPD4E) (Germany),https://justenergytransition.co.za/project/south-african-german-energy-programme-sagen,2024-10-13,,true,Primary German programme link; Swiss and provisional EU co-funding are in project-source-links.csv
zaf-eu-jetp-country-page,ZAF,data_portal,en,Just Energy Transition Partnership in South Africa,https://international-partnerships.ec.europa.eu/policies/global-gateway/just-energy-transition-partnership-south-africa-0_en,,,true,Official IPG overview naming Team Europe participants and the current initial commitment
zaf-afd-jet-policy-loan-2024,ZAF,project_page,en,Supporting the just dimensions of South Africa's Just Energy Transition,https://www.afd.fr/en/projects/supporting-just-dimensions-south-africas-just-energy-transition,2024-11-07,,true,Direct AFD project record for the EUR 400 million public policy loan
zaf-kfw-jetp-project-profile,ZAF,project_page,en,Support for a just energy transition,https://www.kfw-entwicklungsbank.de/Global/Subsahara-Africa/PI-Just-energy-transition-South-Africa/,,,true,Direct German cooperation profile; page states as of July 2025 and records Netherlands and Denmark joining plus US withdrawal
zaf-fcdo-jetp-programme-301523,ZAF,data_portal,en,"Just Energy Transition Partnership Support, South Africa",https://devtracker.fcdo.gov.uk/programme/GB-GOV-1-301523/summary,,,true,Direct UK programme record with IATI identifier GB-GOV-1-301523 and linked projects transactions partners and documents
zaf-jet-us-withdrawal-2025,ZAF,official_news,en,South Africa JET PMU acknowledges United States withdrawal from the JETP,https://justenergytransition.co.za/wp-content/uploads/2025/03/20250306_SouthAfricasJustEnergyTransitionProjectManagementUnitAcknowledgestheUnitesStatesWithdrawalfromtheJustEnergyTransitionPartnership.pdf,2025-03-06,,true,Official national notice; keeps the withdrawal distinct from earlier US commitments in versioned registers
zaf-eib-dbsa-renewables-2024,ZAF,official_news,en,EIB and DBSA increase support for private sector renewable energy to EUR 600 million,https://www.eib.org/en/press/all/2024-329-eib-and-development-bank-of-southern-africa-increase-support-for-private-sector-renewable-energy-to-eur-600-million-zar-11-9-billion,2024-09-11,,true,Direct EIB financing update explicitly aligned with South Africa's JETP
zaf-world-bank-eskom-jet-p177398,ZAF,project_page,,Eskom Just Energy Transition Project,https://projects.worldbank.org/en/projects-operations/project-detail/P177398,,,true,Direct World Bank project record P177398; project documents and financing events require separate extraction
zaf-afdb-jet-funding-platform,ZAF,project_page,,Support to the creation of a JET funding platform to promote inclusion transparency and enterprise development,https://www.afdb.org/en/projects-and-operations/p-za-i00-013,,,true,Direct AfDB project record P-ZA-I00-013
zaf-dbsa-ntcsa-transmission,ZAF,official_news,en,DBSA and NTCSA accelerate South Africa's transmission network expansion,https://www.dbsa.org/press-releases/dbsa-and-ntcsa-accelerate-sas-transmission-network-expansion,,,true,Direct DBSA implementation-partner page; harvest response determines availability
zaf-ntcsa-transmission-plans,ZAF,data_portal,en,Transmission Development Plans,https://www.ntcsa.co.za/transmission-development-plans-tdp/,,,true,Direct operator portal linking annual transmission development plan reports
zaf-jetp-political-declaration-2021,ZAF,political_declaration,en,Political Declaration on the Just Energy Transition in South Africa,https://www.bundesregierung.de/resource/blob/974430/1974538/b2264555c87d8cbdd97bd1eb8b16387a/political-declaration-on-the-just-energy-transition-in-south-africa-data.pdf?download=1,2021-11-02,,true,Official-government preservation copy of the founding declaration
zaf-jetp-leaders-midyear-2022,ZAF,progress_update,,Six-month update on progress in advancing the Just Energy Transition Partnership,https://webarchive.nationalarchives.gov.uk/ukgwa/20230311221000/https:/ukcop26.org/six-month-update-on-progress-in-advancing-the-just-energy-transition-partnership-jetp/,,,true,UK National Archives capture of the retired COP26 site; retain an explicit blocked observation if robot verification prevents harvest
zaf-jetp-leaders-2022,ZAF,annual_report,en,Twelve-month update on progress in advancing the South Africa Just Energy Transition Partnership,https://www.gov.uk/government/publications/advancing-the-south-africa-just-energy-transition-partnership-12-month-progress-update/twelve-month-update-on-progress-in-advancing-the-south-africa-just-energy-transition-partnership,2022-11-10,,true,First annual leaders update with the original USD 8.5 billion instrument table
zaf-jetp-leaders-2023,ZAF,annual_report,en,COP28 update on progress in advancing the South Africa Just Energy Transition Partnership,https://www.gov.uk/government/news/advancing-the-south-africa-just-energy-transition-partnership,2023-12-12,,true,Second annual leaders update
zaf-jetp-leaders-2024,ZAF,annual_report,en,Twelve month Just Energy Transition Partnership leaders update for 2024,https://www.gov.uk/government/news/twelve-month-just-energy-transition-partnership-leaders-update-for-2024,2024-11-27,,true,Third annual leaders update
zaf-jetp-leaders-2025,ZAF,annual_report,en,12-month Just Energy Transition Partnership leaders update 2025,https://www.gov.uk/government/news/12-month-just-energy-transition-partnership-leaders-update-2025,2025-12-09,,true,Fourth annual leaders update; links the full 2022-2025 series
zaf-jetp-leaders-2025-annex,ZAF,project_list,en,IPG Project Updates 2025,https://assets.publishing.service.gov.uk/media/6932910acdec734f4dff42af/Annex_-_IPG_Project_Updates_2025.pdf,2025-12-09,,true,Project-level annex to the 2025 leaders update
zaf-jet-grants-register-2023-q3,ZAF,project_list,en,JET-IP Grant Mapping Register 2023 Q3,https://justenergytransition.co.za/wp-content/uploads/2024/11/JET-2023Q3Register.pdf,2023-09-30,,true,Earliest versioned grant register exposed by the current investment-register portal
zaf-jet-grants-storyline-2024,ZAF,progress_update,,JET Grants Register overview 2024,https://www.stateofthenation.gov.za/assets/downloads/climate/Grants%20register%20overview.pdf,2024-10-23,,true,Official storyline published alongside the 2024 Q1-Q2 register
zaf-jet-grants-faq-2024,ZAF,progress_update,en,JET Grants Register Frequently Asked Questions 2024,https://justenergytransition.co.za/wp-content/uploads/2024/10/Grants-register-FAQs.pdf,2024-10-23,,true,Method note published alongside the 2024 Q1-Q2 register
zaf-jet-grants-storyline-2025-q1,ZAF,progress_update,en,JET Grants Register Storyline 2025 Q1,https://justenergytransition.co.za/wp-content/uploads/2025/03/JETGrantsRegisterStoryline-Published.pdf,2025-03-06,,true,Updated storyline published with the 2025 Q1 workbook
zaf-jet-grants-faq-2025-q1,ZAF,progress_update,en,JET Grants Register Frequently Asked Questions 2025 Q1,https://justenergytransition.co.za/wp-content/uploads/2025/03/GrantsRegisterFrequentlyAskedQuestions-Published2025Q1.pdf,2025-03-06,,true,Updated method note published with the 2025 Q1 workbook
zaf-project-report-nomzamo-2025,ZAF,operator_report,en,Impact case study Sustainable local development in Nomzamo Agri Village,https://justenergytransition.co.za/wp-content/uploads/2025/07/ASDU_Impact-Case-Study_Nomzamo-Agricultural-Village.pdf,2025-05-12,,true,Report describes French and Danish register components; see project-source-links.csv
zaf-zandkopsdrift-eu-2025,ZAF,approval_document,en,Zandkopsdrift rare earths and battery grade manganese strategic project,https://op.europa.eu/en/publication-detail/-/publication/94a61889-65e3-11f0-bf4e-01aa75ed71a1/language-en,2025-07-17,,true,Official EU Publications Office record
zaf-zandkopsdrift-operator,ZAF,project_page,,The Zandkopsdrift Project,https://frontierrareearths.com/project,,,true,Direct operator project page; financing claims require separate official evidence
zaf-growth-gateway-report-2026,ZAF,operator_report,en,Growth Gateway South Africa SMME JET Deal Accelerator blueprint,https://assets.publishing.service.gov.uk/media/6a8409833be22055c1aaa3fd/South_Africa_SMME_JET_Deal_Accelerator_-_Blueprint_for_scaling_SMMEs_in_Mpumalanga.pdf,2026-08-19,,true,Official 15-page FCDO report
zaf-growth-gateway-devtracker-300812,ZAF,data_portal,en,The Growth Gateway programme,https://devtracker.fcdo.gov.uk/programme/GB-GOV-1-300812/summary,,,true,Direct programme record with IATI identifier GB-GOV-1-300812
zaf-murp-afdb-2026,ZAF,official_news,,African Development Bank approves USD 400 million loan for Mpumalanga municipal utility reform,https://www.afdb.org/en/news-and-events/african-development-bank-approves-400-million-loan-support-municipal-utility-reform-south-africas-mpumalanga-province-95536,2026-07-16,,true,Direct funder announcement; retain blocked verdict if AfDB anti-bot prevents harvest
zaf-eepbip-maf,ZAF,project_page,en,South Africa Public Buildings and Infrastructure,https://mitigation-action.org/projects/south-africa-public-buildings-and-infrastructure/,,,true,Direct funder project profile reporting EUR 20.1 million and active implementation
zaf-eepbip-giz-profile-2023,ZAF,operator_report,en,South Africa Energy Efficiency in Public Buildings and Infrastructure Programme,https://www.giz.de/en/downloads/giz2023-en-EEPBIP.pdf,2023-01-01,,true,Direct two-page implementer profile
zaf-eepbip-portal,ZAF,data_portal,en,Energy Efficiency in Public Buildings and Infrastructure Programme,https://www.eepbip.org.za/,,,true,Programme portal states DEE ownership and implementation model
zaf-dtic-parliament-nev-2025,ZAF,official_news,en,Ministerial reply NW5618 on implementation of the 2023 EV White Paper,https://pmg.org.za/committee-question/33886/,2025-11-07,,true,Parliamentary record reproducing the ministerial reply and linking its source document
idn-jetp-joint-statement-2022,IDN,political_declaration,,Launch of the Just Energy Transition Partnership in Indonesia,https://id.usembassy.gov/united-states-supports-the-launch-of-the-just-energy-transition-partnership-jetp-in-indonesia/,2022-11-15,,true,Official IPG-member announcement preserving the launch date package and targets; the linked White House PDF is no longer the stable access route
idn-jetp-reports-2025-landing,IDN,data_portal,en,JETP Progress Report 2025 and Thematic Reports,https://jetp.id/news/jetp-reports-2025,2025-12-01,,true,Official index for the final progress report and six thematic studies
idn-jetp-progress-report-2025,IDN,annual_report,en,JETP Progress Report 2025,https://drive.usercontent.google.com/download?id=1RhW5MLzbza69uaZHfho4bnQLSmjnAjWO&export=download&confirm=t,2025-12-02,,true,English final report; direct file identifier resolved from the official JETP report index
idn-jetp-energy-efficiency-electrification-2025,IDN,operator_report,en,Energy Efficiency and Electrification Study,https://drive.usercontent.google.com/download?id=1JDhuF_HptvuRu8jBTWIEH33RybFNE_to&export=download&confirm=t,2025-12-01,,true,English thematic report 1 linked from the official JETP report index
idn-jetp-captive-power-study-2025,IDN,operator_report,en,Captive Power Study Report,https://drive.usercontent.google.com/download?id=1GjtDiDblQyHfYIPzUWZFOu9QO8_gQkk_&export=download&confirm=t,2025-12-01,,true,English thematic report 2 linked from the official JETP report index
idn-jetp-just-transition-study-2025,IDN,operator_report,en,Just Transition Study,https://drive.usercontent.google.com/download?id=1i1XgotGsbydM4FQ5dBxQPgncs2Lkpkov&export=download&confirm=t,2025-12-01,,true,English thematic report 3 linked from the official JETP report index
idn-jetp-guarantees-insurance-2025,IDN,operator_report,en,Unlocking clean energy finance and investment in Indonesia: The role of guarantees and insurance,https://drive.usercontent.google.com/download?id=1ka0vPuF8ydvDAjDCrCo_FIQmIThKL2gk&export=download&confirm=t,2025-12-01,,true,Thematic report 4 linked from the official JETP report index
idn-jetp-small-scale-renewables-finance-2025,IDN,operator_report,en,Financing small-scale renewable energy projects in Indonesia: A focus on decentralised and remote solutions,https://drive.usercontent.google.com/download?id=10P6BuNhTtDmxF9VFNMsa6d1Nd5zjYn3i&export=download&confirm=t,2025-12-01,,true,Thematic report 5 linked from the official JETP report index
idn-jetp-carbon-pricing-2025,IDN,operator_report,en,Advancing Power Sector Decarbonization Through Carbon Pricing,https://drive.usercontent.google.com/download?id=1mhH15V_gw9nR5cOB6mRCvcJg2cGw0-_U&export=download&confirm=t,2025-12-01,,true,English thematic report 6 linked from the official JETP report index
idn-cmea-progress-march-2025,IDN,official_news,,Government forms Energy Transition and Green Economy Task Force and reports 54 funded projects,https://www.ekon.go.id/publikasi/detail/6275/perkuat-komitmen-percepatan-implementasi-just-energy-transition-partnership-jetp-pemerintah-bentuk-satgas-transisi-energi-dan-ekonomi-hijau,2025-03-24,,true,Official source for USD 1.1 billion commitments across 54 projects including 9 loan or equity projects and 45 grants
idn-cmea-progress-december-2025,IDN,official_news,,JETP prepares IDR 350 trillion for renewable energy financing in Indonesia,https://www.ekon.go.id/publikasi/detail/6718/just-energy-transition-partnership-jetp-siapkan-rp350-triliun-untuk-pembiayaan-renewable-energy-di-indonesia,2025-12-05,,true,Official update reports USD 3.1 billion mobilised by November 2025 and USD 5.5 billion in negotiation; do not conflate the figures
idn-world-bank-isle1-2023,IDN,official_news,en,World Bank Supports Increased Access to Sustainable and Lower-Cost Electricity in Eastern Indonesia,https://www.worldbank.org/en/news/press-release/2023/06/26/world-bank-supports-increased-access-to-sustainable-and-lower-cost-electricity-in-eastern-indonesia,2023-06-26,,true,Direct funder announcement for project P174350; reports World Bank and climate-fund financing without implying disbursement
idn-world-bank-isle1-technical-assessment-2022,IDN,approval_document,en,Sustainable Least-Cost Electrification-1 Technical Assessment,https://documents1.worldbank.org/curated/en/099060223111034380/pdf/P1743500d92d28050b90b0e4ff4b6ea41d.pdf,,,true,Direct technical assessment for World Bank project P174350; document is dated September 2022
idn-jica-mrt-east-west-2024,IDN,official_news,en,Signing of Japanese ODA Loan Agreement with Indonesia: Contributing to an alleviation in traffic congestion through construction of MRT,https://www.jica.go.jp/english/information/press/2024/20240514_10.html,2024-05-14,,true,Direct lender announcement for the Jakarta Metropolitan MRT East-West Line Project Phase 1 I; agreement signed 13 May 2024
idn-jica-mrt-north-south-2023,IDN,official_news,ja,Signing of Japanese ODA loan agreements with Indonesia: Supporting economic growth and climate action and deepening bilateral relations,https://www.jica.go.jp/information/press/2023/20230403_10.html,2023-04-03,,true,Japanese-language direct lender announcement includes Construction of Jakarta MRT Project Phase 2 II and JPY 87.918 billion
idn-adb-aset-56368-001,IDN,project_page,,"Affordable and Sustainable Energy Transition Program, Subprogram 1",https://www.adb.org/projects/56368-001/main,,,true,Direct ADB project record 56368-001
idn-adb-aset-news-2024,IDN,official_news,en,ADB Approves Policy Loan to Support Indonesia's Energy Transition,https://www.adb.org/news/adb-approves-policy-loan-support-indonesia-energy-transition,2024-09-20,,true,Direct ADB approval announcement for the USD 500 million policy-based loan cofinanced with AFD and KfW
idn-adb-aicet-56140-001,IDN,project_page,,Accelerating Indonesia's Clean Energy Transition Program Phase 1,https://www.adb.org/projects/56140-001/main,,,true,Direct ADB project record 56140-001 with approval signing effectivity and disbursement fields
idn-adb-aicet-news-2025,IDN,official_news,en,ADB Boosts Indonesia's Clean Energy Transition,https://www.adb.org/news/adb-boosts-indonesias-clean-energy-transition,2025-11-19,,true,Direct ADB approval announcement for the results-based programme and administered cofinancing
idn-adb-muara-laboh-2-2025,IDN,official_news,en,ADB Supports Indonesia's Green Energy Transition with Geothermal Expansion Project,https://www.adb.org/news/adb-supports-indonesia-green-energy-transition-geothermal-expansion-project,2025-01-14,,true,Direct co-lender announcement for the 83 MW Muara Laboh Stage 2 expansion; separate from the JBIC amount in the JETP report
idn-gfanz-saguling-2025,IDN,official_news,en,First Indonesian JETP Solar Project Mobilizes USD 60 Million as Investment Momentum Builds,https://www.gfanzero.com/press/first-indonesian-jetp-solar-project-mobilizes-usd-60-million-as-investment-momentum-builds/,2025-04-29,,true,Direct JETP finance announcement by GFANZ; reports 92 MWp and a USD 60 million agreement among DEG Proparco and Standard Chartered
idn-jetp-xurya-equity-2024,IDN,official_news,en,Norwegian and British Investment in Indonesian Start-up Marks First Equity Milestone in JETP Disbursement,https://jetp.id/news/norwegian-and-british-investment-in-indonesian-start-up-marks-first-equity-milestone-in-jetp-disbursement,2024-07-01,,true,Direct JETP Secretariat announcement for Norfund Climate Investment Fund and BII equity in Xurya
idn-portfolio-wolcot,IDN,project_page,en,Women-Led Coal Transition Mechanism WOLCOT,https://portfolio.jetp.id/program/women-led-coal-transition-mechanism-wolcot-1,,,true,Direct official programme profile independently indexed from the 2025 report table
idn-portfolio-esmap-canada,IDN,project_page,en,Energy Sector Management Assistance Program ESMAP Canada,https://portfolio.jetp.id/program/energy-sector-management-assistance-program-esmap,,,true,Direct official programme profile; page identifies Canada and CAD 2 million
idn-portfolio-etp,IDN,project_page,en,South East Asia Energy Transition Partnership ETP,https://portfolio.jetp.id/program/south-east-asia-energy-transition-partnership-etp,,,true,Direct official programme profile for the multi-donor ETP
idn-portfolio-cefim,IDN,project_page,en,Clean Energy Finance and Investment Mobilisation CEFIM Programme,https://portfolio.jetp.id/program/clean-energy-finance-and-investment-mobilisation-cefim-programme,,,true,Direct official programme profile independently indexed from the 2025 report table
idn-portfolio-cetp,IDN,project_page,en,Clean Energy Transition Program CETP,https://portfolio.jetp.id/program/clean-energy-transition-program-cetp,,,true,Direct official programme profile independently indexed from the 2025 report table
idn-portfolio-enerkey,IDN,project_page,en,EnerKey Project,https://portfolio.jetp.id/program/enerkey-project,,,true,Direct official programme profile independently indexed from the 2025 report table
idn-portfolio-euicf,IDN,project_page,en,EU-Indonesia Cooperation Facility,https://portfolio.jetp.id/program/eu-indonesia-cooperation-facility,,,true,Direct official programme profile independently indexed from the 2025 report table
idn-portfolio-s4i,IDN,project_page,en,Support for Infrastructure Investments in Indonesia S4I,https://portfolio.jetp.id/program/support-for-infrastructure-investments-in-indonesia-s4i-for-the-establishment-of-indonesias-development-bank-project,,,true,Direct official programme profile independently indexed from the 2025 report table
idn-portfolio-sdg-one,IDN,project_page,en,SDG Indonesia One,https://portfolio.jetp.id/program/sdg-indonesia-one,,,true,Direct official programme profile independently indexed from the 2025 report table
idn-portfolio-ietf,IDN,project_page,en,Indonesia Energy Transition Facility IETF,https://portfolio.jetp.id/program/ietf-indonesia-energy-transition-facility,,,true,Direct official programme profile for the EU and French contributions
idn-portfolio-ipdf,IDN,project_page,en,Indonesia Policy Dialogue Fund IPDF,https://portfolio.jetp.id/program/indonesia-policy-dialogue-fund-ipdf,,,true,Direct official programme profile independently indexed from the 2025 report table
idn-portfolio-efsd,IDN,project_page,en,European Fund for Sustainable Development Plus energy project preparation,https://portfolio.jetp.id/program/european-fund-for-sustainable-development-plus-efsd-for-energy-project-preparation,,,true,Direct official programme profile independently indexed from the 2025 report table
idn-portfolio-etmptf,IDN,project_page,en,Energy Transition Mechanism Partnership Trust Fund ETMPTF,https://portfolio.jetp.id/program/energy-transition-mechanism-partnership-trust-fund-etmptf-1,,,true,Direct official programme profile independently indexed from the 2025 report table
idn-portfolio-seti,IDN,project_page,en,Sustainable Energy Transition in Indonesia SETI,https://portfolio.jetp.id/program/sustainable-energy-transition-in-indonesia-seti-1,,,true,Direct official programme profile independently indexed from the 2025 report table
idn-portfolio-etap,IDN,project_page,en,Energy Transition Acceleration Programme ETAP,https://portfolio.jetp.id/program/energy-transition-acceleration-programme-etap,,,true,Direct official programme profile independently indexed from the 2025 report table
idn-portfolio-iki-jet,IDN,project_page,en,Innovation Regions for a Just Energy Transition IKI JET,https://portfolio.jetp.id/program/innovation-regions-for-a-just-energy-transition-iki-jet,,,true,Direct official programme profile independently indexed from the 2025 report table
idn-portfolio-low-carbon-buildings,IDN,project_page,en,Asia Low Carbon Building Transition,https://portfolio.jetp.id/program/asia-low-carbon-building-transition,,,true,Direct official programme profile independently indexed from the 2025 report table
idn-portfolio-gesit,IDN,project_page,en,Green Jobs for Social Inclusion and Sustainable Transformation GESIT,https://portfolio.jetp.id/program/green-jobs-for-social-inclusion-and-sustainable-transformation-gesit,,,true,Direct official programme profile independently indexed from the 2025 report table
idn-portfolio-reep2,IDN,project_page,en,1000 Islands Renewable Energy for Electrification Programme Phase II REEP2,https://portfolio.jetp.id/program/1000-islands-renewable-energy-for-electrification-programme-phase-ii-reep2,,,true,Direct official programme profile independently indexed from the 2025 report table
idn-portfolio-case,IDN,project_page,en,Clean Affordable and Secure Energy for Southeast Asia CASE,https://portfolio.jetp.id/program/clean-affordable-and-secure-energy-for-southeast-asia-case,,,true,Direct official programme profile independently indexed from the 2025 report table
idn-portfolio-entri,IDN,project_page,en,Renewable Energy Mini-Grids Triangular Cooperation ENTRI,https://portfolio.jetp.id/program/renewable-energy-mini-grids-triangular-cooperation-entri-project,,,true,Direct official programme profile independently indexed from the 2025 report table
idn-portfolio-explore,IDN,project_page,en,Strategic Exploration of Economic Mitigation Potentials through Renewables ExploRE,https://portfolio.jetp.id/program/strategic-exploration-of-economic-mitigation-potentials-through-renewables-explore-project,,,true,Direct official programme profile independently indexed from the 2025 report table
idn-portfolio-candi-umbul,IDN,project_page,en,Candi Umbul Geothermal Project,https://portfolio.jetp.id/program/candi-umbul-geothermal-project,,,true,Direct official programme profile independently indexed from the 2025 report table
idn-portfolio-sustainable-hydropower,IDN,project_page,en,Accompanying Measure Sustainable Hydropower,https://portfolio.jetp.id/program/accompanying-measure-sustainable-hydropower,,,true,Direct official programme profile independently indexed from the 2025 report table
idn-portfolio-jetp-esia,IDN,project_page,en,Facilitating Financing for Indonesia JETP ESIA Study,https://portfolio.jetp.id/program/facilitating-financing-for-indonesias-just-energy-transition-partnership-esia-study,,,true,Direct official programme profile independently indexed from the 2025 report table
idn-portfolio-perform,IDN,project_page,en,Performing Energy Transition through Fiscal Reform in Indonesia PERFORM,https://portfolio.jetp.id/program/performing-energy-transition-through-fiscal-reform-in-indonesia-perform,,,true,Direct official programme profile independently indexed from the 2025 report table
idn-portfolio-jetp-financing,IDN,project_page,en,Facilitating Financing for Indonesia Just Energy Transition Partnership,https://portfolio.jetp.id/program/facilitating-financing-for-indonesias-just-energy-transition-partnership,,,true,Direct official programme profile independently indexed from the separate ESIA row
idn-portfolio-re2grid,IDN,project_page,en,RE2Grid,https://portfolio.jetp.id/program/re2grid,,,true,Direct official programme profile independently indexed from the 2025 report table
idn-portfolio-re2cool,IDN,project_page,en,RE2Cool,https://portfolio.jetp.id/program/re2cool,,,true,Direct official programme profile independently indexed from the 2025 report table
idn-portfolio-carbon-monetization,IDN,project_page,en,Carbon Monetization,https://portfolio.jetp.id/program/carbon-monetization,,,true,Direct official programme profile independently indexed from the 2025 report table
idn-portfolio-energy-hub,IDN,project_page,en,Energy Hub,https://portfolio.jetp.id/program/energy-hub,,,true,Direct official programme profile independently indexed from the 2025 report table
idn-portfolio-iki-flex,IDN,project_page,en,IKI-Flex JETP Support Package,https://portfolio.jetp.id/program/iki-flex-jetp-support-package-1,,,true,Direct official programme profile independently indexed from the 2025 report table
idn-portfolio-secretariat-capacity,IDN,project_page,en,Institutional and Capacity Building Support for the JETP Secretariat,https://portfolio.jetp.id/program/institutional-and-capacity-building-support-for-the-just-energy-transition-partnership-secretariat,,,true,Direct official programme profile independently indexed from the 2025 report table
idn-portfolio-patuha2,IDN,project_page,en,Grant for Patuha Unit-2 Geothermal Power Generation Project,https://portfolio.jetp.id/program/grant-for-patuha-unit-2-geothermal-power-generation-project,,,true,Direct official programme profile independently indexed from the 2025 report table
idn-portfolio-mentari-policy,IDN,project_page,en,MENTARI Contributions to the JETP,https://portfolio.jetp.id/program/mentari-contributions-to-the-jetp,,,true,Direct official programme profile for the MENTARI policy contribution
idn-portfolio-green-energy-transition,IDN,project_page,en,Green Energy Transition Indonesia,https://portfolio.jetp.id/program/green-energy-transition-indonesia,,,true,Direct official programme profile independently indexed from the 2025 report table
idn-portfolio-uk-pact,IDN,project_page,en,UK PACT Indonesia,https://portfolio.jetp.id/program/uk-pact-indonesia,,,true,Direct official programme profile independently indexed from the 2025 report table
idn-portfolio-jt-framework,IDN,project_page,en,Operationalisation of the Just Transition Framework in JETP Indonesia Phase 2,https://portfolio.jetp.id/program/operationalisation-of-the-just-transition-framework-in-jetp-indonesia-phase-2,,,true,Direct official programme profile independently indexed from the 2025 report table
idn-portfolio-mentari-vgf,IDN,project_page,en,MENTARI Viability Gap Fund,https://portfolio.jetp.id/program/mentari-viability-gap-fund,,,true,Direct official programme profile independently indexed from the 2025 report table
idn-portfolio-growth-gateway,IDN,project_page,en,Growth Gateway,https://portfolio.jetp.id/program/growth-gateway,,,true,Direct official programme profile independently indexed from the 2025 report table
idn-portfolio-esmap-uk,IDN,project_page,en,Energy Sector Management Assistance Program UK,https://portfolio.jetp.id/program/energy-sector-management-assistance-program,,,true,Direct official programme profile; page identifies the UK and GBP 5 million
idn-portfolio-pt-smi-retirement,IDN,project_page,en,PT SMI Early Retirement Program,https://portfolio.jetp.id/program/pt-smi-early-retirement-program,,,true,Direct official programme profile independently indexed from the 2025 report table
idn-portfolio-cfpp-repurposing,IDN,project_page,en,Coal-Fired Power Plant Site Repurposing,https://portfolio.jetp.id/program/coal-fired-power-plant-site-repurposing,,,true,Direct official programme profile independently indexed from the 2025 report table
idn-portfolio-jt-coal-regions,IDN,project_page,en,Just Transition in Coal Regions,https://portfolio.jetp.id/program/just-transition-in-coal-regions,,,true,Direct official programme profile independently indexed from the 2025 report table
idn-portfolio-project-gecs,IDN,project_page,en,Green Energy Corridor Sulawesi GECS,https://portfolio.jetp.id/project/green-energy-corridor-sulawesi-gecs,,,true,Current official project profile showing approved KfW financing after the 2025 progress-report snapshot
idn-portfolio-project-nagajaya,IDN,project_page,en,Nagajaya Microhydro 6.5 MW,https://portfolio.jetp.id/project/nagajaya-microhydro-65-mw,,,true,Current official project profile showing approved Norfund equity and source-specific 6.5 MW capacity
idn-portfolio-project-hululais,IDN,project_page,en,Geothermal Hululais Units 1 and 2,https://portfolio.jetp.id/project/geothermal-hululais-unit-1-2,,,true,Current official project profile showing approved JICA financing after the 2025 progress-report snapshot
idn-project-dieng3-adb,IDN,project_page,,Geothermal Power Expansion Project - Dieng Unit 3,https://www.adb.org/projects/58342-001/main,,,true,Direct financier project page; current status is Proposed and the source may block automated harvesting
idn-project-cirebon-framework-marubeni,IDN,official_news,en,Memorandum of Understanding for Early Retirement of Cirebon-1 Coal-Fired Power Plant,https://www.marubeni.com/en/news/2023/info/00037.html,2023-12-04,,true,Direct participant announcement of a conditional framework for possible early retirement
idn-news-cirebon-retirement-reuters-2025,IDN,secondary_news,,Indonesia backpedals on retiring Cirebon coal power plant early,https://www.reuters.com/business/energy/indonesia-backpedals-retiring-cirebon-coal-power-plant-early-2025-12-05/,2025-12-05,,true,Independent news report quoting the coordinating economic minister that early retirement was unlikely to proceed
idn-project-seg-construction-2024,IDN,official_news,en,SEG Solar held groundbreaking ceremony for Indonesia integrated photovoltaic manufacturing base,https://www.segsolar.com/press/news/112,2024-09-30,,true,Direct operator construction milestone
idn-project-seg-operational-2025,IDN,official_news,en,SEG Solar Indonesia manufacturing base celebrates successful operation of Phase I,https://www.segsolar.eu/press/news/128,2025-08-15,,true,Direct operator report of mass production and initial shipments after the 2024 groundbreaking
idn-project-singkarak-acwa-2022,IDN,official_news,en,ACWA Power set to enter Indonesia with two floating solar PV projects,https://acwapower.com/en/media-center/latest-news/acwa-power-set-to-enter-indonesia-with-two-floating-solar-pv-projects/,2022-11-01,,true,Direct developer announcement of the 50 MWac Singkarak project and ownership structure; does not supersede its later suspended status
idn-project-sutami-construction-plnnp-2026,IDN,official_news,en,PLN Nusantara Power strengthens Karangkates floating solar development,https://www.plnnusantarapower.co.id/media-relation/press-release/percepat-transisi-energi-bersih-pln-nusantara-power-perkuat-pengembangan-plts-terapung-karangkates,2026-03-06,,true,Direct operator report that the 10 February 2026 soft launch marked the construction phase
idn-project-tanah-laut-plnnp,IDN,project_page,en,Green flagship projects: Tanah Laut wind power plant,https://www.plnnusantarapower.co.id/about-us/achievements/green-flagship-projects,,,true,Direct operator profile identifying 70 MW wind plus 10 MW/10 MWh battery storage and development status
idn-project-tanah-laut-ppa-ptplnnr,IDN,official_news,en,PJBI Total Eren and Adaro Power sign Tanah Laut wind PPA,https://ptplnnr.com/news-and-articles/detail/pjbi-along-with-total-eren-and-adaro-power-sign-a-power-purchase-agreement-with-pln-for-indonesias-first-bess-technology-wind-farm-pltb,2023-05-04,,true,Direct participant announcement of the PPA for 70 MW wind plus 10 MWh BESS
idn-project-legok-agreement-ut-2024,IDN,official_news,en,Legok Nangka project cooperation agreement,https://www.unitedtractors.com/en/legok-nangka-project-cooperation-agreement-between-jabar-environmental-solutions-jes-and-the-west-java-provincial-government/,2024-07-23,,true,Direct consortium participant report of the cooperation agreement and project scope
idn-news-legok-groundbreaking-antara-2026,IDN,secondary_news,en,Legok Nangka PSEL to boost waste management and clean energy,https://en.antaranews.com/news/424445/legok-nangka-psel-to-boost-waste-management-clean-energy-ministry,2026-07-29,,true,News report of the official groundbreaking and construction timetable
idn-project-rsud-retrofit-c40,IDN,operator_report,,Retrofitting 27 Hospitals in Jakarta,https://cff-prod.s3.amazonaws.com/storage/files/r5rRE6f7F5gg1QIMR8I6reXUGZJIXKyOlcQ3jSlN.pdf,,,true,Project report documenting audits and rooftop-solar plus energy-efficiency scenarios across 27 hospitals; not evidence of financing approval or construction
idn-portfolio-project-index-2026,IDN,data_portal,en,Current JETP project portfolio,https://portfolio.jetp.id/project,,,true,Current official project index checked project by project; seven profiles were exposed at the September 2026 review date
idn-eib-ptsmi-mou-2024,IDN,official_news,en,Indonesia EIB Global agrees to support PT SMI on sustainable infrastructure development,https://www.eib.org/en/press/all/2024-084-eib-global-agrees-to-support-pt-smi-on-sustainable-infrastructure-development-in-indonesia,2024-02-23,,true,Direct funder announcement of a potential EUR 500m framework loan subject to approval
idn-jetp-work-plan-2024-presentation,IDN,progress_update,en,JETP Indonesia 2024 Work Plan presentation,https://asiacleanenergyforum.adb.org/wp-content/uploads/2024/06/Paul-Butarbutar.pdf,2024-06-05,,true,Public ADB forum presentation by the JETP Secretariat executive director naming Hijaunesia 1 and 2 and the 400 MW Sulawesi and 250 MW Sumatra hydro procurements
idn-ibvogt-diesel-west-2023,IDN,official_news,en,ib vogt awarded Western Cluster of Indonesia Diesel Replacement Program,https://www.ibvogt.com/ib-vogt-awarded-diesel-replacement-program-projects-in-western-indonesia/,2023-12-22,,true,Direct winner announcement covering 48 western projects with 60 MWp solar and 175 MWh storage; scheduled construction is not coded as actual construction
idn-geapp-diesel-replacement-program,IDN,project_page,en,Diesel to Renewables to Power Indonesia Energy Transition,https://energyalliance.org/project/diesel-to-renewables-to-power-indonesias-energy-transition/,,,true,Programme-level partner page covering the 94-location 0.2 GW first phase without resolving the eastern cluster to an exact direct project page
idn-ieefa-dediesel-update-2026,IDN,secondary_news,,Advancing Indonesia 100GW solar program through de-dieselization for energy security,https://ieefa.org/resources/advancing-indonesias-100gw-solar-program-through-de-dieselization-energy-security,2026-04-02,,true,Current independent assessment says implementation remained slow and no first-phase power purchase agreements had been signed
vnm-rmp-2023-vi,VNM,investment_plan,vi,Viet Nam JETP Resource Mobilisation Plan (Vietnamese),https://jetp.moit.gov.vn/Images/User/quantri/2025/3/2._bao_cao_dai_tieng_viet-_30.11-sua-da_nen.pdf,2023-12-01,,true,Official Vietnamese RMP direct PDF linked by the MOIT JETP portal
vnm-decision-1009-2023,VNM,implementation_plan,vi,Decision 1009/QD-TTg approving the initial JETP implementation scheme,https://jetp.moit.gov.vn/Images/User/quantri/2025/3/1009_qd-ttg_31082023_trong_tor.pdf,2023-08-31,,true,Official signed decision direct PDF linked by the MOIT JETP portal
vnm-decision-458-2026,VNM,implementation_plan,,Decision 458/QD-TTg approving the updated JETP implementation scheme,https://datafiles.chinhphu.vn/cpp/files/vbpq/2026/3/458-ttg.signed.pdf,2026-03-20,,true,Official signed decision direct PDF linked by the MOIT JETP portal
vnm-moit-newsletter-01-2025-03,VNM,progress_update,vi,Viet Nam JETP Newsletter issue 1 - March 2025,https://jetp.moit.gov.vn/Images/User/quantri/2025/5/ban_tin_so_1-thang_3.pdf,2025-03-31,,true,First issue in the complete official monthly series observed at collection
vnm-moit-newsletter-02-2025-04,VNM,progress_update,vi,Viet Nam JETP Newsletter issue 2 - April 2025,https://jetp.moit.gov.vn/Images/User/quantri/2025/5/ban_tin_so_2_-_thang_4_-_update.pdf,2025-05-09,,true,Official monthly newsletter
vnm-moit-newsletter-03-2025-05,VNM,progress_update,vi,Viet Nam JETP Newsletter issue 3 - May 2025,https://jetp.moit.gov.vn/Images/User/ngocanh/2025/6/newsletter_no.3_vie_18.6.pdf,2025-06-23,,true,Official monthly newsletter
vnm-moit-newsletter-04-2025-06,VNM,progress_update,vi,Viet Nam JETP Newsletter issue 4 - June 2025,https://jetp.moit.gov.vn/Images/User/ngocanh/2025/7/tin_so_4_vie-7-14.pdf,2025-07-18,,true,Official monthly newsletter
vnm-moit-newsletter-05-2025-07,VNM,progress_update,vi,Viet Nam JETP Newsletter issue 5 - July 2025,https://jetp.moit.gov.vn/Images/User/ngocanh/2025/8/tin_so_5_vie_0408.pdf,2025-08-15,,true,Official monthly newsletter
vnm-moit-newsletter-06-2025-08,VNM,progress_update,vi,Viet Nam JETP Newsletter issue 6 - August 2025,https://jetp.moit.gov.vn/Images/User/ngocanh/2025/9/tin_so_6_vie.pdf,2025-09-27,,true,Official monthly newsletter
vnm-moit-newsletter-07-2025-09,VNM,progress_update,vi,Viet Nam JETP Newsletter issue 7 - September 2025,https://jetp.moit.gov.vn/Images/User/halinh/2025/10/tin_so_7_vie_1.pdf,2025-10-18,,true,Official monthly newsletter
vnm-moit-newsletter-08-2025-10,VNM,progress_update,vi,Viet Nam JETP Newsletter issue 8 - October 2025,https://jetp.moit.gov.vn/Images/User/halinh/2025/11/tin_so_8_vie.pdf,2025-11-10,,true,Official monthly newsletter
vnm-moit-newsletter-09-2025-11,VNM,progress_update,vi,Viet Nam JETP Newsletter issue 9 - November 2025,https://jetp.moit.gov.vn/Images/User/ngocanh/2025/12/ban_tin_jetp_viet_nam_so_9.pdf,2025-12-22,,true,Official monthly newsletter
vnm-moit-newsletter-10-2025-12,VNM,progress_update,vi,Viet Nam JETP Newsletter issue 10 - December 2025,https://jetp.moit.gov.vn/Images/User/ngocanh/2026/1/tin_so_10_vie.pdf,2026-01-26,,true,Official monthly newsletter
vnm-moit-newsletter-11-2026-01,VNM,progress_update,vi,Viet Nam JETP Newsletter issue 11 - January 2026,https://jetp.moit.gov.vn/Images/User/ngocanh/2026/2/bantin1_(2).pdf,2026-02-13,,true,Official monthly newsletter
vnm-moit-newsletter-12-2026-02,VNM,progress_update,vi,Viet Nam JETP Newsletter issue 12 - February 2026,https://jetp.moit.gov.vn/Images/User/ngocanh/2026/3/ban_tin_jetp_so_12-thang_2.2026_vie-da_nen.pdf,2026-03-12,,true,Official monthly newsletter
vnm-moit-newsletter-13-2026-03,VNM,progress_update,vi,Viet Nam JETP Newsletter issue 13 - March 2026,https://jetp.moit.gov.vn/Images/User/ngocanh/2026/4/ban_tin_so_13__vie_(1).pdf,2026-04-13,,true,Latest newsletter in the two-page official document index observed on 2026-09-12
vnm-evn-decision-1929-news-2026,VNM,official_news,,Renewable energy target under Decision 1929/QD-BCT,https://www.evn.com.vn/d/vi-VN/news/Phan-dau-nang-ty-le-nguon-nang-luong-tai-tao-dat-khoang-47-tong-cong-suat-dien-60-17-509141,2026-08-03,,true,Official operator news confirms the decision number and date but does not expose the signed full text
vnm-moit-project-index-2026,VNM,project_list,vi,Current Viet Nam JETP-aligned project index,https://jetp.moit.gov.vn/du-an/,,,true,Official project index checked on 2026-09-12 exposes three named project profiles
vnm-moit-project-bac-ai,VNM,project_page,vi,Bac Ai pumped-storage hydropower plant 1200 MW,https://jetp.moit.gov.vn/chi-tiet-du-an/?id=15,,,true,Official profile reports project cost financing participants technical-design status and planned completion
vnm-moit-project-binh-duong-dong-nai,VNM,project_page,vi,Binh Duong and Dong Nai substations and transmission reinforcement,https://jetp.moit.gov.vn/chi-tiet-du-an/?id=14,,,true,Official profile reports the EUR 67 million AFD loan and detailed-design status
vnm-moit-project-tri-an,VNM,project_page,vi,Tri An hydropower plant expansion,https://jetp.moit.gov.vn/chi-tiet-du-an/?id=4,,,true,Official profile reports the 200 MW expansion EUR 65 million KfW loan and construction status
vnm-evn-afd-transmission-2025,VNM,official_news,en,EVNNPT and AFD sign EUR 67 million financing agreement to strengthen Viet Nam power transmission,https://en.evn.com.vn/d/en-US/news/EVNNPT-and-AFD-sign-67-million-financing-agreement-to-strengthen-Vietnams-power-transmission-network-60-12-500732,2025-05-27,,true,Direct operator announcement says the 26 May agreement finances two 500 kV substations and associated lines
vnm-evn-kfw-tri-an-2025,VNM,official_news,en,EVN signs EUR 65 million loan agreement for Tri An hydropower plant expansion,https://en.evn.com.vn/d/en-US/news/EVN-signs-65-million-loan-agreement-for-Tri-An-Hydropower-Plant-Expansion-Project-60-12-500802,2025-06-25,,true,Direct operator announcement dates the agreement 24 June and reports construction and commissioning milestones
vnm-evn-cdp-bac-ai-2025,VNM,official_news,en,EVN and CDP sign letter of intent on Bac Ai pumped-storage hydropower,https://en.evn.com.vn/d/en-US/news/EVN-and-Italys-CDP-sign-letter-of-intent-on-Vietnams-first-pumped-storage-hydropower-project-60-12-500957,2025-09-04,,true,Direct operator announcement records the CDP letter of intent and the six-DFI term sheet signed on 12 May 2025
vnm-eib-bac-ai-package-2025,VNM,official_news,en,EU reinforces support for Viet Nam JETP with EUR 430 million Bac Ai package,https://www.eib.org/en/press/all/2025-377-eu-reinforces-support-for-vietnam-s-just-energy-transition-with-eur430-million-package,2025-10-09,,true,Direct funder announcement identifies a EUR 430 million Team Europe package distinct from the broader six-DFI EUR 480 million term sheet
vnm-eeas-jetp-project-progress-2025,VNM,progress_update,en,Viet Nam promotes Just Energy Transition projects,https://www.eeas.europa.eu/jetp-vn-jul2025_en?s=184,2025-07-09,,true,Official IPG co-chair account names three projects and preserves the source-bounded arithmetic of three named plus four unnamed initial plus 17 screened projects
vnm-adb-vinfast-55327-001,VNM,project_page,,VinFast electric mobility green loan project,https://www.adb.org/projects/55327-001/main,,,true,Direct ADB project page located but automated retrieval returns HTTP 403; no explicit mapping to the July 2025 strict JETP portfolio was found
vnm-adb-bess-58382-001,VNM,project_page,,Accelerating battery energy storage system development in Asia and the Pacific,https://www.adb.org/projects/58382-001/main,,,true,Direct ADB regional technical-assistance page includes Viet Nam but automated retrieval returns HTTP 403 and the page does not establish membership in the strict 24
vnm-adb-vinfast-news-2022,VNM,official_news,,ADB leads USD 135 million climate financing package for VinFast electric mobility,https://www.adb.org/news/adb-leads-135-million-climate-financing-package-support-electric-mobility-viet-nam,2022-10-24,,true,Direct ADB announcement predates the JETP and therefore remains an extended climate-finance lead rather than a strict JETP allocation
vnm-bii-vpbank-2025,VNM,official_news,,BII commits USD 50 million to VPBank for Viet Nam green energy transition,https://www.bii.co.uk/en/news-insight/news/british-international-investment-commits-50m-to-vpbank-supporting-vietnams-green-energy-transition/,2025-07-29,,true,Direct BII announcement located but automated retrieval returns HTTP 403 and the title does not by itself establish a match to the strict 24
vnm-vpbank-sustainable-finance-2025,VNM,official_news,,VPBank and partners announce USD 350 million sustainable-finance facility,https://www.vpbank.com.vn/en/tin-tuc/thong-cao-bao-chi/2025/vpbank-cung-smbc-bii-efa-findev-canada-va-jica-cong-bo-khoan-vay-hop-von-tri-gia-350-trieu-usd-nham-thuc-day-phat-trien-ben-vung-tai-viet-nam,2025-07-29,,true,Official borrower confirmation names BII and the full facility but does not attribute the transaction to JETP
vnm-iati-bii-publisher,VNM,data_portal,,IATI publisher profile for British International Investment,https://dev2.dashboard.iatistandard.org/publishers/bii/,,,true,Dashboard generated 2026-09-06 identifies reporting organisation GB-COH-03877777 but reports zero valid activities and a failing activity dataset
sen-political-declaration-fr-2023,SEN,political_declaration,fr,Partenariat pour une transition énergétique juste au Sénégal,https://international-partnerships.ec.europa.eu/system/files/2023-06/political-declaration-for-a-jetp-with-senegal_fr.pdf,2023-06-22,,true,Official French political declaration; records gas as a transition fuel and the initial EUR 2.5 billion mobilisation period without treating either as a project event
sen-investment-plan-annexes-mirror,SEN,investment_plan,fr,Annexes du Plan d’investissement de la transition énergétique juste,https://www.vie-publique.sn/docs/f003f026-01ff-4996-8959-6d01c9139b91/annexes-plan-dinvestissement-transition-energetique-juste-jetp-senegal-mepm.pdf,2025-03-17,,true,Public mirror of ministry annexes; Annex 2 exposes 38 received-project entries that remain distinct from the main plan's narrative count and quick-win cohort
sen-mepm-portal-2026,SEN,data_portal,fr,Ministry of Energy Petroleum and Mines portal,https://energie-mines.gouv.sn/,,,true,Current ministry portal checked on 2026-09-12; exposes sector documentation and public agencies but no dedicated JETP annual-report series
sen-elysee-jetp-launch-2023,SEN,official_news,en,Launch of a Just Energy Transition Partnership,https://www.elysee.fr/en/emmanuel-macron/2023/06/22/launch-of-a-just-energy-transition-partnership,2023-06-22,,true,Official French launch statement records the five-member IPG and the commitment to prepare an investment plan
sen-bmz-jetp-factsheet,SEN,progress_update,en,Just Energy Transition Partnership with Senegal,https://www.bmz.de/resource/blob/324366/factsheet-jetp-senegal-en.pdf,,,true,Official German factsheet describes the JETP concept objectives and Senegal milestones
sen-uk-jetp-launch-2023,SEN,official_news,en,Senegal and the International Partners Group announce Just Energy Transition Partnership,https://www.gov.uk/government/news/senegal-and-the-international-partners-group-announce-just-energy-transition-partnership,2023-06-22,,true,Official UK-hosted joint launch statement includes the French German EU UK and Canadian positions
sen-eib-jetp-launch-2023,SEN,official_news,en,Senegal and international partners announce a Just Energy Transition Partnership,https://www.eib.org/en/press/all/2023-242-senegal-and-international-partners-announce-a-just-energy-transition-partnership-combining-climate-and-development-objectives,2023-06-22,,true,Official EIB launch record identifies the IPG and the initial milestones
sen-afdb-plan-procurement-2023,SEN,approval_document,,Elaboration of a JETP investment plan and national capacity building,https://www.afdb.org/fr/documents/ami-senegal-elaboration-dun-plan-dinvestissement-de-la-transition-energetique-juste-jet-au-senegal-et-renforcement-de-capacites-des-acteurs-nationaux-aetc,2023-10-02,,true,Official AfDB procurement route located; the current interactive page is protected by a human-verification challenge
sen-senelec-reports-index,SEN,data_portal,fr,Senelec annual reports,https://www.senelec.sn/rapports/,,,true,Official operator index exposes annual reports for 2019 through 2024 but no 2025 report as observed on 2026-09-12
sen-senelec-annual-report-2023,SEN,annual_report,fr,Senelec annual report 2023,https://www.senelec.sn/media/rapports/pdf/rapport-annuel-senelec-2023-vf-ok1745314522.pdf,,,true,Official operator report includes dated project evidence for BEST PADAES PAMACEL the BRT solar plant and battery storage
sen-senelec-annual-report-2024,SEN,annual_report,fr,Senelec annual report 2024,https://www.senelec.sn/media/rapports/pdf/rapport-annuel-senelec-20241760024319_1.pdf,,,true,Latest official operator annual report available on the reports index; it is not a dedicated JETP annual report
sen-aeme-project-08,SEN,project_page,fr,Eclairage efficace des bâtiments,https://www.aeme.sn/eclairage-efficace-des-batiments/,,,true,
sen-aeme-project-09,SEN,project_page,fr,Eclairage public efficace et intégré,https://www.aeme.sn/eclairage-public-efficace-et-integre/,,,true,
sen-aeme-project-10,SEN,project_page,fr,Ecofridges,https://www.aeme.sn/ecofridges/,,,true,
sen-aeme-project-11,SEN,project_page,fr,"Mise à niveau des bâtiments, solarisation et digitalisation",https://www.aeme.sn/mise-niveau-des-batiments/,,,true,
sen-aeme-project-12,SEN,project_page,fr,Amélioration des performances énergétiques des stades,https://www.aeme.sn/amelioration-des-performances-energetiques-des-stades/,,,true,
sen-aeme-project-13,SEN,project_page,fr,Points Informations Territorialisés,https://www.aeme.sn/pit/,,,true,
sen-aeme-project-14,SEN,project_page,fr,Analyse et optimisation de la facture de administration,https://www.aeme.sn/analyse-et-optimisation-de-la-facture-de-ladministration/,,,true,
sen-aeme-report-2023,SEN,annual_report,fr,Rapport annuel 2023,https://www.aeme.sn/wp-content/uploads/2025/06/RAPPORT-ANNUEL-2023_compressed.pdf,,,true,
sen-aner-project-api,SEN,data_portal,fr,Public project catalogue,https://aner.sn/api/projects,,,true,Public endpoint used by https://aner.sn/projects; archive API content because HTML is a JavaScript shell.
sen-aner-project-29,SEN,project_page,fr,Projet de diffusion des pompes solaires pour des usages productifs au Sénégal,https://aner.sn/api/projects/by-slug/projet-diffusion-pompes-solaires-usages-productifs,,,true,Human page: https://aner.sn/projects/projet-diffusion-pompes-solaires-usages-productifs
sen-aner-project-31,SEN,project_page,fr,Phase IV – Programme national d'éclairage public solaire (En perspective),https://aner.sn/api/projects/by-slug/phase-iv-programme-national-eclairage-public-solaire,,,true,Human page: https://aner.sn/projects/phase-iv-programme-national-eclairage-public-solaire
sen-aner-project-27,SEN,project_page,fr,Energie solaire pour l'autonomisation et le renforcement économique des femmes en milieu rural au Sénégal (ESAREF),https://aner.sn/api/projects/by-slug/energie-solaire-autonomisation-femmes-rurales-esaref,,,true,Human page: https://aner.sn/projects/energie-solaire-autonomisation-femmes-rurales-esaref
sen-aner-project-22,SEN,project_page,fr,"Utilisation de la réfrigération solaire pour la conservation des produits agricoles, halieutiques et laitiers",https://aner.sn/api/projects/by-slug/utilisation-de-la-refrigeration-solaire-pour-la-conservation-des-produits,,,true,Human page: https://aner.sn/projects/utilisation-de-la-refrigeration-solaire-pour-la-conservation-des-produits
sen-aner-project-20,SEN,project_page,fr,Projet d'hybridation solaire de 2 000 forages en milieu rural,https://aner.sn/api/projects/by-slug/projet-dhybridation-solaire-de-2000-forages-en-milieu-rural,,,true,Human page: https://aner.sn/projects/projet-dhybridation-solaire-de-2000-forages-en-milieu-rural
sen-senelec-procurement-2026,SEN,project_list,fr,Procurement notices 2026,https://www.senelec.sn/marches/passation/?tab=appels,,,true,
sen-afd-diass-storage,SEN,project_page,fr,Identifier des solutions de stockage des énergies renouvelables,https://www.afd.fr/sites/afd/files/2024-06-03-08-52/06_AT_Senelec_Senegal_stockage_FR_OK.pdf,,,true,"Undated factsheet; 2018 labels the technical assistance, not a dated construction or financing agreement."
sen-senelec-thies-touba-par,SEN,official_news,fr,PAR pour deux centrales photovoltaïques avec stockage à Thiès et Touba,https://tenders-afd.dgmarket.com/tender/86609882,2024-10-18,,true,Primary buyer notice hosted on AFD procurement portal; financing requested is not financing approved.
sen-annex8-project-analysis,SEN,investment_plan,fr,Annexe 8 - Analyse des projets,https://www.vie-publique.sn/docs/91d17da4-9ebc-472c-bcc2-0192d159188a/annexe-8-analyse-des-projets-plan-dinvestissement-transition-energetique-senegal-enercap.pdf,,,true,Mirror of ministry-commissioned primary document; numbered analysis projects differ from Annex 2 submission ordinals.
sen-offgrid-mini-grid-2025,SEN,operator_report,,Solution Mini-Grid 2025,https://offgrideurope.com/documents/Off-Grid_Europe_Mini-Grid_2025_FR.pdf,,,true,Promoter background and Much Cooler product; not proof of implementation of Annex 2 project 18.
sen-bmn-energy-programme,SEN,project_page,fr,Environnement et Efficacité Energétique,https://www.bmn.sn/statistiques/environnement-et-efficacite-energetique/,,,true,Programme-level context; exact plan proposal identity requires separate review.
sen-pnb-programme,SEN,project_list,fr,Programme national de Biogaz Sénégal,https://pnb.sn/,,,true,
sen-cetud-biognv-2021,SEN,official_news,fr,Prix innovation BioGNV Sénégal,https://cetud.sn/1ere-edition-prix-de-l-innovation-1er-prix-decerne-a-sb2-4all-pour-le-projet-biognv-senegal/,2021-09-20,,true,Earlier BioGNV initiative; identity with the later plan plant is not established by this news alone.
sen-aser-programmes,SEN,project_list,,ASER programme portal,https://aser.sn/,,,true,
sen-mha-sambangalou,SEN,official_news,fr,Barrage hydroélectrique de Sambangalou - reprise des travaux,https://mha.gouv.sn/barrage-hydroelectrique-de-sambangalou-la-reprise-imminente-des-travaux/,,,true,Conventional hydro dam; must not be treated as the proposed pumped-storage addition.
sen-vemar-fass-ngom,SEN,project_page,fr,Energies renouvelables - Fass Ngom,https://www.vemargroup.com/energies-renouvelables.html,,,true,Different promoter from Annex 2; geographic similarity alone does not establish identity.
sen-senelec-saloum-tender-2026,SEN,official_news,fr,AAO 30/2026 - Centrales hybrides pour 18 îles du Saloum,https://www.senelec.sn/media/marches/appels/Avis_AO_30-_2026_PREQUALIFICATION_VF.pdf,2026-09-09,,true,
sen-uasz-vev-thesis-2024,SEN,operator_report,fr,Chambre froide solaire pour le Village Ecole Vert du CFPP,https://rivieresdusud.uasz.sn/bitstream/handle/123456789/2405/badiane_memoire_2024.pdf?sequence=1,2024-08-10,,true,"University primary research conducted at Senelec CFPP; component evidence, not whole-campus completion."
sen-semis-storage-study,SEN,project_page,fr,Etude de faisabilité des systèmes de stockage BESS,https://semis.sn/wordpress/projects/etude-de-faisabilite-pour-limplantation-des-systemes-stockage-batterie-bess-dans-le-reseau-national-du-senegal/,,,true,Earlier two-site feasibility study; do not equate to the broader QW8 network study.
sen-energy-compact-2025,SEN,investment_plan,fr,Pacte national énergie du Sénégal,https://thedocs.worldbank.org/en/doc/852a120aa85ab5eea4c1d3a176ff84ac-0010012025/original/M300-AES-Compact-Senegal.pdf,,,true,January 2025 compact; month precision retained in notes rather than inventing a day.
sen-aner-magazine-2026,SEN,operator_report,fr,Transition numéro 1 - premier semestre 2026,https://aner.sn/uploads/magazine-aner-transition-s1-2026.pdf,,,true,Operator magazine; preserve programme and component boundaries when comparing to the investment plan.
sen-diass-groundbreaking-2026,SEN,official_news,fr,Projet de stockage par batterie de Diass,https://www.senelec.sn/actualites/projet-de-stockage-par-batterie-de-diass/,2026-04-20,,true,
sen-ifc-biogas-609428,SEN,project_page,en,Senegal Biogas - Advisory project 609428,https://disclosures.ifc.org/project-detail/AS/609428/senegal-biogas,2025-11-03,,true,Advisory approval is not plant investment approval; budget pending.
sen-ifc-cetud-ppp-2025,SEN,official_news,fr,IFC et CETUD - quatre accords de conseil PPP,https://www.ifc.org/fr/pressroom/2025/ifc-and-cetud-expand-partnership-to-improve-sustainable-transport-in-senegal-throu,2025-05-08,,true,
sen-swedfund-biofuels,SEN,project_page,en,Biofuels Senegal,https://www.swedfund.se/en/investments-and-projects/biofuels-senegal,2025-03-13,,true,
sen-offgrid-muchcooler-eoi-2026,SEN,official_news,en,Much Cooler - Expression of Interest,https://offgrideurope.com/blog/expression-of-interest-much-cooler,2026-02-04,,true,Promoter follow-up; exact crosswalk from the plan submission remains to be established.
sen-offgrid-africool-mou-2025,SEN,official_news,en,Africool cold storage memorandum,https://offgrideurope.com/blog/80rqwqsx8o8gpz34g7ysovciwiwsu0,2025-10-09,,true,Broader partnership; do not allocate FCFA170bn to the plan warehouse proposal.
sen-offgrid-muchcooler-product,SEN,project_page,en,Much Cooler solar cooling system,https://offgrideurope.com/products/much-cooler,,,true,"Product and pilot evidence, not the entire proposed rollout."
sen-aser-www-retry,SEN,project_list,,ASER public portal - www route,https://www.aser.sn/,,,true,Retry after canonical portal connection refusal; record access failure separately from project absence.
sen-gov-access-project-fiches,SEN,project_list,,Acces universel - fiches projets,https://www.sencoders.gouv.sn/fiches-projets.html,,,true,Public portal; keep TLS verification enabled.
sen-pnb-biogas-model,SEN,project_page,fr,Biogaz - implementation and financing model,https://pnb.sn/biogaz/,,,true,"Programme context, not proof of 27000-unit extension finance."
sen-pnb-financing-partners,SEN,project_page,fr,Partenaires - credit guarantees,https://pnb.sn/nos-activites/partenaires/,,,true,Credit guarantee mechanism; no allocation to the 27000-unit proposal inferred.
sen-aner-gandiaye-tender-2020,SEN,official_news,,AOI 002-20 ANER - Gandiaye solar desalination,https://www.aner.sn/wp-content/uploads/2020/06/Avis-d%E2%80%99appel-d%E2%80%99offres-N%C2%B0-AOI-002-20ANER.pdf,,,true,Pre-JETP single-site pilot; must not represent delivery of later multi-unit proposal.
sen-afd-arescaleup-2025,SEN,operator_report,fr,ARE Scale-Up 2017-2025 bilan,https://www.afd.fr/sites/default/files/2026-01/afd_bilan_are-scale-up_2017-2025_web.pdf,,,true,Smartgrid and Diass feasibility support; not QW8-specific study completion.
sen-investment-plan-annex8-official,SEN,investment_plan,,Annexe 8 - Analyse des projets recus,https://www.itie.sn/wp-content/uploads/2025/06/Plan-dInvestissement-Annexe-8-Analyse-des-projets-recus.pdf,,,true,Official-host recheck of the previously preserved ministry-authored Annex 8.
sen-irve-framework-tender-2026,SEN,official_news,,IRVE regulatory study - notice 107072743,https://www.dgmarket.com/tenders/np-notice.do?keywords=&noticeId=107072743,,,true,Framework study referencing Senelec pilot; not national charger rollout.
sen-caa-aner-capacity-065,SEN,project_page,,ANER climate-finance capacity support 065,https://climateactionafrica.ca/fr/projects/renforcement-des-capacites-sur-des-projets-denergies-renouvelables-au-senegal-065/,,,true,Canadian-supported technical assistance; exact crosswalk to standalone plan capacity proposal unresolved.
sen-mha-water-compact-2026,SEN,investment_plan,fr,Pacte national eau Senegal 2026-2030,https://www.worldbank.org/content/dam/theworldbankgroupasset/document/2026/water-forward-compacts/Pacte%20Eau%20Senegal_2026_FR.pdf,,,true,April 2026; proposed borehole solarisation targets do not establish implementation of the JETP submission.
sen-omvg-portal-retry,SEN,project_list,,OMVG official portal,https://www.omvg.org/,,,true,Follow-up for the Sambangalou pumped-storage study; conventional dam is separate.
sen-omvg-energy-portal,SEN,project_list,fr,Projet Energie OMVG,https://www.pe-omvg.org/,,,true,Conventional 128 MW dam and interconnection; not proof of pumped-storage delivery.
sen-kasofor-afd,SEN,project_page,fr,KASOFOR resilience project,https://www.afd.fr/fr/projets/kasofor-resilience-des-communautes-insulaires-de-casamance-face-au-changement-climatique,,,true,Related Casamance programme; no identity assertion with UASZ Abene JETP proposal.
sen-kasofor-fondem,SEN,project_page,fr,KASOFOR programme,https://fondem.ong/kasofor/,,,true,Implementer context; title/geography overlap alone cannot establish identity.
sen-giz-ped2-2024,SEN,operator_report,fr,Programme Energies Durables II,https://www.giz.de/en/downloads/giz2024-fr-programme-energies-durables.pdf,,,true,"Broad 2022-2025 assistance, not proof of the ANER standalone capacity proposal."
sen-artelia-thiestouba-gbif,SEN,data_portal,en,Bird inventory and ESIA project metadata - Touba-Toul and Dealy,https://api.gbif.org/v1/dataset/081fc123-1a65-4d0f-a9a0-a53c939d6727,2026-03-27,,true,Registration date; metadata is not a financing agreement or completed ESIA.
sen-boad-ouarkhokh-esia,SEN,operator_report,fr,EIES centrale solaire Ouarkhokh - provisional February 2026,https://admin.boad.org/wp-content/uploads/2026/02/Rapport_EIES-Centrale-solaire-Ouarkhokh_Send-Senelec_Huwaei.pdf,,,true,Possible Koungheul/Linguere lineage; project vehicle must be established independently.
sen-mrv-350-villages,SEN,project_list,fr,Project catalogue - 2025 feasibility study for 350 Senegal villages,https://www.mrvenergy.com/items?lang=en,,,true,Contractor evidence; village list and ASER project reference remain to be crosschecked.
sen-senelec-huawei-mou-social,SEN,official_news,fr,Senelec Huawei - Linguere and Koungheul agreement,https://fr.linkedin.com/posts/senelecofficielle_senelec-energy-senegal-activity-7493684231382962176-uODO,,,true,Operator social announcement; preserve failed retrieval if access blocked.
sen-rts-huawei-mou-2026,SEN,official_news,fr,Linguere et Koungheul - deux centrales de 50 MW,https://www.rts.sn/actualite/detail/a-la-une/linguere-et-koungheul-le-senegal-et-huawei-scellent-un-accord-pour-deux-centrales-solaires-de-50-mw,2026-08-12,,true,Contemporaneous reporting; MoU does not establish debt commitment or Champions Nationaux ownership.
sen-energy-policy-2025-2029,SEN,operator_report,fr,Lettre de politique de developpement energie et mines 2025-2029,https://energie-mines.gouv.sn/wp-content/uploads/2025/07/LPDSEM-2025-2029-_VF_Print.pdf,,,true,Sector policy: gas and renewables targets; not JETP expenditure evidence.
sen-nrgi-jetp-feasibility-2026,SEN,operator_report,fr,Faire du plan JETP un cadre realisable et equitable,https://resourcegovernance.org/publications/faire-du-plan-dinvestissement-jetp-du-senegal-un-cadre-realisable-et-equitable,2026-01-26,,true,Attributed analytical interpretation; projected payments are not observed disbursements.
sen-nrgi-territories-2026,SEN,operator_report,fr,Voix des territoires - experiences et defis,https://resourcegovernance.org/fr/publications/voix-des-territoires-experiences-et-defis-de-la-transition-energetique-au-senegal,2026-05-25,,true,Local experiences; inspect inconsistent technology labels and 11-financed claim before reuse.
sen-senego-mobilised-2026,SEN,official_news,fr,JETP moins dun milliard mobilise,https://senego.com/senegal-le-partenariat-jetp-a-mobilise-moins-dun-milliard-deuros-en-3-ans_1992808.html,2026-08-12,,true,Attributed to Catherine Diop via Dakaractu; undefined mobilisation is not a disbursement total.
sen-scout-puelec-commissioning-2025,SEN,official_news,fr,PUELEC - Medina Kenioto Magnankanti Matakoussi,https://energie-mines.gouv.sn/programme-durgence-delectrification-puelec-medina-kenioto-magnankanti-et-matakoussi-illumines-pour-la-premiere-fois-depuis-lindependance-du-senegal/,2025-11-09,,true,"State-funder and ASER implementation reporting for PUELEC parent. Three localities, not the whole programme or the 600-village injection proposal."
sen-scout-puelec-pip-2026,SEN,implementation_plan,,Programme dinvestissements publics 2026-2028,https://budget.sec.gouv.sn/telecharger-le-document/695e61fa-3338-4ee5-8734-43790a2a028a/telechargement,,,true,Prospective public investment programming is not disbursement.
sen-scout-energy-policy-evaluation,SEN,operator_report,fr,Evaluation finale LPDSE 2019-2023,https://energie-mines.gouv.sn/wp-content/uploads/2025/05/LPDSE-2019-2023_Rapport-Evaluation-finale_VRevisee2.pdf,,,true,Historical PUELEC phase 1 context; no finance commitment inferred from programme validation.
sen-scout-giz-ped2-project,SEN,project_page,,PED II project 2020.2099.8,https://www.giz.de/projektdaten/projects.action?pn=202020998&request_locale=en_GB,,,true,Names GFA but not MRV or the 350-village contract. Programme envelope must not be allocated to the study.
sen-scout-clean-cooking-strategy,SEN,implementation_plan,fr,Strategie combustibles domestiques et biocarburants 2025-2035,https://energie-mines.gouv.sn/wp-content/uploads/2025/06/Rapport-Final-Strategie-CD.pdf,,,true,PNB historical baseline and national target are not delivery of the JETP extension.
sen-scout-ouarkhokh-par,SEN,operator_report,fr,PAR provisoire centrale Ouarkhokh - February 2026,https://admin.boad.org/wp-content/uploads/2026/02/PAR_Centrale-Solaire_Ouarkhokh_VP_02022026_Send-Senelec_Huwaei.pdf,,,true,Reports July 2024 CNTIC EPC; not a signed contract copy or Champions Nationaux SPV evidence.
sen-scout-ouarkhokh-pepp,SEN,operator_report,fr,PEPP provisoire centrale Ouarkhokh,https://admin.boad.org/wp-content/uploads/2026/02/PEPP-Provisoire_Centrale-solaire_Ouarkhokh.pdf,,,true,Reports Huawei MoU; relation to CNTIC EPC remains unresolved.
sen-scout-genertec-ouarkhokh,SEN,official_news,en,Linguere PV and energy storage project kicks off,https://www.intlgt.cn/en/NewsMedia/Latestnews/202606/t20260616_57438.html,,,true,Publication date in URL; recent groundbreaking is not precisely dated and is not joined to Champions Nationaux ownership. Date correction: English page has no visible publication date; URL path20260616 is not publication proof. Separate Chinese report visibly dated26May2026.
sen-scout-aner-fiches-ice,SEN,project_list,fr,ANER complete project fiches,https://www.ice.it/it/sites/default/files/inline-files/ANER_Fiches_Projets_Complet.pdf,,,true,"ANER-authored public mirror; D2B17SN01 covers 192 health facilities, not the entire public-buildings proposal."
sen-scout-cesag-aner-thesis,SEN,operator_report,fr,Analyse de la performance du systeme de suivi-evaluation - ANER,https://bibliotheque.cesag.sn/documents_numeriques/M0599MPSG25.pdf,,,true,Secondary exact-title leads for desalination and TURBULENT. Cover academic year 2021-2022 differs from 2026 PDF creation metadata; publication date unresolved.
sen-senelec-ppm-2026-v2,SEN,implementation_plan,fr,Plan de passation P_SENELEC_2026_2,https://www.senelec.sn/media/marches/documents/PPM_SENELEC_2026_VERSION_2_VALIDE_LE_13_03_2026.pdf,,,true,"Direct procurement-plan rows C_DEG_155 and C_DQSE_273. Dates are planned; no award or delivery inference. Validation date13March2026 is in filename, exact publication date unresolved."
sen-arcop-aser-audit-2023,SEN,operator_report,fr,Audit des marches ASER - gestion 2023,https://arcop.sn/wp-content/uploads/2025/10/RAPPORT-AGENCE-SENEGALAISE-DELECTRIFICATION-RURALE-ASER-2023-1.pdf,,,true,"Pages55-56 T_ASER_003 lots T0038/T0039: exact total matches ministry PUELEC component. Payment orders are not proof of settlement. BCI state funding, no JETP/IPG attribution."
sen-mepm-cntic-huawei-contracts-2025,SEN,official_news,fr,Partenariat SENELEC CNTIC Huawei - deux contrats EPC+F,https://energie-mines.gouv.sn/partenariat-senelec-et-huawei/,2025-07-28,,true,CNTIC and Huawei roles coexist; contract chronology differs from provisional PAR24July2024. No Champions Nationaux legal join or financier/amount established.
sen-mepm-ouarkhokh-groundbreaking-2026,SEN,official_news,fr,Pose de premiere pierre centrale solaire Linguere Ouarkhokh,https://energie-mines.gouv.sn/pose-de-la-premiere-pierre-de-la-centrale-solaire-photovoltaique-a-linguere-le-senegal-accelere-sa-souverainete-energetique/,2026-04-10,,true,Dated physical-site evidence only; not joined to Champions Nationaux investment vehicle.
sen-genertec-ouarkhokh-chinese-2026,SEN,official_news,zh,Linguere solar-storage project begins implementation - Chinese report,https://www.intlgt.cn/xwzx/gsxw/202605/t20260526_57364.html,2026-05-26,,true,"Contractor-group account corroborates Ouarkhokh50MW+30MW90MWh; report date is not precise groundbreaking day, no SPV join."
sen-mepm-huawei-sites-mou-2026,SEN,official_news,fr,Visite de travail Huawei - Linguere et Koungheul,https://energie-mines.gouv.sn/visite-de-travail-sur-invitation-du-groupe-huawei-technologies-co-ltd/,2026-08-13,,true,"Explicit two-site crosswalk for Senelec operator package; memorandum follows contract and works reports, no confirmed legal vehicle/finance/JETP join."
sen-afd-irve-ami12-2026,SEN,project_page,,AMII12/2026 C_DEG_155 - schema directeur electrification mobilite,https://afd.dgmarket.com/tenders/np-notice.do?keywords=&noticeId=107072743,2026-04-15,,true,"Browser-readable buyer notice; automated archive blocked. Original body names ACF funding, unlike AFD hosting metadata. Official Senelec PPM independently confirms code and ACF-DON."
sen-boad-linguere-loan-2026,SEN,approval_document,fr,150e Conseil BOAD - pret Linguere41.5 milliards FCFA,https://admin.boad.org/wp-content/uploads/2026/03/COMPRESS-CA-150-1.pdf,2026-03-27,,true,Board25-26March2026 approves partial project loan; no signed agreement/disbursement/JETP attribution or Champions Nationaux legal join.
sen-boad-dakar-office-2026,SEN,official_news,fr,Inauguration bureaux BOAD Senegal - Linguere50MW,https://admin.boad.org/wp-content/uploads/2026/05/COMPRESS-INAUGUATION-MRSN-2.pdf,2026-05-07,,true,Institutional involvement corroboration; Marchboardcommunique supplies actual loanapproval separately.
sen-giz-ped2-awards-2025,SEN,operator_report,de,GIZ Vertrage mit Firmen und Institutionen2025,https://www.giz.de/sites/default/files/media/elvis-document/2025-08/giz2025-de-vertraege-firmen-institutionen.pdf,,,true,Page14 ARGE Speedykom-GFA199340EUR PEDII consulting; no MRV/350villages contractjoin. Report year is2025; no publication date inferred from URL or reporting cutoff.
sen-isdb-aser-133-award,SEN,operator_report,,Attribution T_ASER_013/2020 -133 villages,https://www.isdb.org/project-procurement/sites/pproc/files/2021-10/CPM-Notification%20attribution%20de%20march%C3%A9%20DAO%20BID.PDF,,,true,Separate133-village package; not330localities/150repowering proposal.
sen-aner-d2b-live-api,SEN,project_page,,D2B17SN01 -192healthfacilities - ANER API,https://aner.sn/api/projects/by-slug/le-solaire-pour-ameliorer-le-secteur-de-la-sante-ziguinchor-sedhiou-kolda,,,true,Currentoperatorrecord for narrowerhealthcomponent; not Annex23 entireinstitutionalprogramme. Database createdAt is not publication date.
sen-aner-archive-autonomisation-public-buildings,SEN,project_page,,Autonomisation par voie solaire de bâtiments publics,https://data.commoncrawl.org/crawl-data/CC-MAIN-2023-50/segments/1700679100632.0/warc/CC-MAIN-20231207022257-20231207052257-00050.warc.gz#bytes=706361336-706379020,,,false,"Historical ANER response capture, not current live page. Original URL https://www.aner.sn/projet/autonomisation-par-voie-solaire-de-batiments-publics/; capture 2023-12-07T02:46:50Z; WARC byte offset 706361336, length 17685; payload sha1:CMB2TS6R73ANUYHBTFQVRYK22ICI2DB7. Frozen source requires HTTP Range header for specified bytes; disabled for ordinary full-file refresh."
sen-aner-archive-esipc,SEN,project_page,,"Programme d’électrification par voie solaire d’infrastructures publiques et communautaires (ESIP), volets 1, 2 et 3",https://data.commoncrawl.org/crawl-data/CC-MAIN-2024-51/segments/1733066061339.24/warc/CC-MAIN-20241210132922-20241210162922-00363.warc.gz#bytes=577021821-577039752,,,false,"Historical ANER response capture, not current live page. Original URL https://www.aner.sn/projet/programme-delectrification-par-voie-solaire-dinfrastructures-publiques-et-communautaires-esip-volet-1-2-et-3/; capture 2024-12-10T15:35:55Z; WARC byte offset 577021821, length 17932; payload sha1:BQ5YRUB4NYH2WOX27NPUQJRLLCTJEP6J. Frozen source requires HTTP Range header for specified bytes; disabled for ordinary full-file refresh."
sen-aner-archive-esipc-v4,SEN,project_page,,"Projet d’électrification par voie solaire d’infrastructures publiques et communautaires (ESIPC), volet 4",https://data.commoncrawl.org/crawl-data/CC-MAIN-2025-21/segments/1746990726410.98/warc/CC-MAIN-20250525003427-20250525033427-00884.warc.gz#bytes=569403233-569421262,,,false,"Historical ANER response capture, not current live page. Original URL https://www.aner.sn/projet/projet-delectrification-par-voie-solaire-dinfrastructures-publiques-et-communautaires-esipc-volet-4/; capture 2025-05-25T01:48:46Z; WARC byte offset 569403233, length 18030; payload sha1:WS4I6ZFZDXBSD5BN2XBAFTBN5VFJZDI3. Frozen source requires HTTP Range header for specified bytes; disabled for ordinary full-file refresh."
sen-aner-archive-d2b,SEN,project_page,,Projet « Developp2Build » (D2B),https://data.commoncrawl.org/crawl-data/CC-MAIN-2025-21/segments/1746990726410.98/warc/CC-MAIN-20250525003427-20250525033427-00764.warc.gz#bytes=558253421-558271231,,,false,"Historical ANER response capture, not current live page. Original URL https://www.aner.sn/projet/projet-developp2build-d2b/; capture 2025-05-25T02:01:57Z; WARC byte offset 558253421, length 17811; payload sha1:H6ATTIZ3SOA33R5OFVV55S6N4HVAKJEU. Frozen source requires HTTP Range header for specified bytes; disabled for ordinary full-file refresh."
sen-aner-archive-gandiaye,SEN,project_page,,Projet d’installation d’une unité de dessalement d’eau saumâtre fonctionnant avec l’énergie solaire photovoltaïque dans la commune de Gandiaye,https://data.commoncrawl.org/crawl-data/CC-MAIN-2024-51/segments/1733066061339.24/warc/CC-MAIN-20241210132922-20241210162922-00815.warc.gz#bytes=579381381-579399285,,,false,"Historical ANER response capture, not current live page. Original URL https://www.aner.sn/projet/projet-dinstallation-dune-unite-de-dessalement-deau-saumatre-fonctionnant-avec-lenergie-solaire-photovoltaique-dans-la-commune-de-gandiaye-2/; capture 2024-12-10T15:38:29Z; WARC byte offset 579381381, length 17905; payload sha1:VJM4NQHEEPPDPYUGYHPUN3J3QWTJBPHV. Frozen source requires HTTP Range header for specified bytes; disabled for ordinary full-file refresh."
sen-aner-archive-agpm-2025,SEN,implementation_plan,,Avis général de passation des marchés - Gestion 2025,https://data.commoncrawl.org/crawl-data/CC-MAIN-2025-13/segments/1742004432960.46/warc/CC-MAIN-20250316082354-20250316112354-00279.warc.gz#bytes=613321930-613418829,,,false,"Historical ANER PDF response capture, not a present-day live fetch. Original URL https://www.aner.sn/wp-content/uploads/2025/01/AGPM-2025.pdf; capture 2025-03-16T09:37:30Z; WARC byte offset 613321930, length 96900; payload sha1:D2HJ73TTN23E7BTMYTWINO7L4SFFOSLD. Frozen source requires HTTP Range header for specified bytes; disabled for ordinary full-file refresh."
sen-senelec-agpm-2026-contact,SEN,implementation_plan,fr,Avis general de passation des marches 2026 - official document-request route,https://www.senelec.sn/media/marches/documents/AVIS_GENERAL_-_2026_VF.pdf,,,true,"Page4 points5 and7 verify notificationcpm@senelec.sn procurement contact. General procurement plan, not an awarded charging contract or exact Annex35 crosswalk."
sen-omvg-project-contact,SEN,project_page,fr,OMVG Projet Energie - official institutional routing contact,https://www.pe-omvg.org/node/2,,,true,Footer verifies contact@pe-omvg.org. Conventional dam/interconnection description does not establish Annex38 pumped-storage identity; used to route request for separate study.
sen-irve-attachments-107072743,SEN,implementation_plan,,AMII12/2026 C_DEG_155 attachment listing,https://afd.dgmarket.com/tenders/biddingDocumentsList.do?noticeId=107072743,,,true,Exact public download-list endpoint linked by notice107072743; ordinary retrieval HTTP403. Five advertised attachments are not archived or treated as read.
sen-arcop-aeepower-decision107-2024,SEN,operator_report,,Decision107/2024/ARCOP/CRD/DEF of2October2024 - AEE Power procurement dispute,https://arcop.sn/wp-content/uploads/2024/10/DECISION-107-2024-ARCOP-DEF-DU-02-OCTOBRE-2024.pdf,2024-10-02,,true,"Historical procedural decision; identifies Santander letter30September2024 and temporary contract suspension. Not proof of current2026 suspension, settled bank transfers or Annex7 600-village identity. Read with December2024 decision138."
sen-arcop-aeepower-decision138-2024,SEN,operator_report,,Decision0138/2024/ARCOP/CRD/DEF of24December2024 -928locality contract records,https://arcop.sn/wp-content/uploads/2025/01/DECISION-N%C2%B0138-2024-du-24-ARCOP-CRD-DEF-du-24-DEC-2024.pdf,2024-12-24,,true,"PDF p3 identifies928localities, contract amount FCFA91833980000 HT,25November2023 tripartite engagement and21December2023 subcontract. No Annex7 technical or village-schedule join. Dispositive closes conciliation and refers matters to courts; no finding of established criminal guilt."
sen-aner-psd-2025-2029,SEN,implementation_plan,fr,ANER strategic development plan2025-2029 - final July2025,https://www.aner.sn/uploads/plan_strategique_developpement_aner_2025_2029.pdf,,,true,"PDF cover gives July2025 without day. API publishedAt2025-07-01 may be normalized; no exact issue day inferred. Pages22/48 distinguish public-institution solar-autonomy project from narrower health programme; FCFA60.4bn conditional budget is not finance secured. Page21 objective-level100sites60MW is a target, not project delivery."
sen-aner-document-catalogue,SEN,data_portal,,ANER official document catalogue - PSD record5,https://www.aner.sn/api/documents,,,true,"Official API record5 exposes original PSD download URL and publisher date metadata; createdAt is database creation, not study completion. Catalogue dates do not prove implementation."
sen-aner-contact-2026,SEN,data_portal,,ANER official contact route,https://www.aner.sn/contact/,,,true,Institutional contact route for requested original project fiches and procurement records; no message sent.
sen-aner-rooftop-preliminary-report,SEN,operator_report,fr,Preliminary rooftop solar survey - public buildings in Senegal,https://www.aner.sn/uploads/rapport_final_rooftop_solar_senegal.pdf,,,true,"Official ANER catalogue record9. MPE beneficiary, World Bank-financed study by GOPA/Akilee.25building shortlist narrows to13eligible plus1unvalidated; approximately1MWc design scope, not Annex23 fullprogramme or completed installations. Cover undated; API2020-01-01 and PDFmetadata do not establish exactpublication day."
sen-aner-wp2-productive-use,SEN,operator_report,fr,WP2 identification of high-potential productive-use renewable projects,https://www.aner.sn/uploads/wp2_upe_giz_senegal_final.pdf,,,true,Official ANER catalogue record3. Gandiaye desalination case lacks sufficient financial data; does not establish Annex28 200-unit proposal or TURBULENT fiche. No canonical project finance or implementation inferred.
sen-aner-public-contact-app,SEN,data_portal,,ANER public web application - official contact email,https://www.aner.sn/assets/index-D1U9hq9T.js,,,true,Public application code contains mailto:info@aner.sn and contact-page address; preserves contact provenance when HTML is a client-rendered shell.
sen-aser-public-contact-app,SEN,data_portal,,ASER public web application - official contact email,https://aser.sn/assets/index-Be2S8Jfw.js,,,true,Public application code contains mailto:contact@aser.sn and official contact route; not a project implementation source.
sen-boad-signed-instruments-2024,SEN,annual_report,fr,BOAD2024 Annex5 list of signed instruments,https://admin.boad.org/wp-content/uploads/2025/06/A05_LISTE-DES-AP-PP-ET-CP-SIGNES-2024.pdf,,,true,"Disclosure template provides operation numbers, signature dates, counterparties and terms for2024 instruments. It does not include or prove a2026 Linguere agreement; used to identify the precise future disclosure needed."
