referent_row_id,line_id,referent_kind,referent_id,status,method,method_version,confidence,justification_line_ids,decided_at,decided_by,supersedes,notes
0875.agreement.agreement-zaf-register-actip001,zaf-jet-investment-register-q1-2026-overall-data-1,agreement,agreement-zaf-register-actip001,accepted,register_id,1,1,zaf-jet-investment-register-q1-2026-overall-data-1,2026-09-24,scripts/jetp/build_reconciliation.py,,
0875.agreement.agreement-zaf-register-actip002,zaf-jet-investment-register-q1-2026-overall-data-2,agreement,agreement-zaf-register-actip002,accepted,register_id,1,1,zaf-jet-investment-register-q1-2026-overall-data-2,2026-09-24,scripts/jetp/build_reconciliation.py,,
0875.agreement.agreement-zaf-register-can001,zaf-jet-investment-register-q1-2026-overall-data-3,agreement,agreement-zaf-register-can001,accepted,register_id,1,1,zaf-jet-investment-register-q1-2026-overall-data-3,2026-09-24,scripts/jetp/build_reconciliation.py,,
0875.agreement.agreement-zaf-register-can002,zaf-jet-investment-register-q1-2026-overall-data-4,agreement,agreement-zaf-register-can002,accepted,register_id,1,1,zaf-jet-investment-register-q1-2026-overall-data-4,2026-09-24,scripts/jetp/build_reconciliation.py,,
0875.agreement.agreement-zaf-register-can003,zaf-jet-investment-register-q1-2026-overall-data-5,agreement,agreement-zaf-register-can003,accepted,register_id,1,1,zaf-jet-investment-register-q1-2026-overall-data-5,2026-09-24,scripts/jetp/build_reconciliation.py,,
0875.agreement.agreement-zaf-register-can004,zaf-jet-investment-register-q1-2026-overall-data-6,agreement,agreement-zaf-register-can004,accepted,register_id,1,1,zaf-jet-investment-register-q1-2026-overall-data-6,2026-09-24,scripts/jetp/build_reconciliation.py,,
0875.agreement.agreement-zaf-register-can005,zaf-jet-investment-register-q1-2026-overall-data-7,agreement,agreement-zaf-register-can005,accepted,register_id,1,1,zaf-jet-investment-register-q1-2026-overall-data-7,2026-09-24,scripts/jetp/build_reconciliation.py,,
0875.agreement.agreement-zaf-register-can006,zaf-jet-investment-register-q1-2026-overall-data-8,agreement,agreement-zaf-register-can006,accepted,register_id,1,1,zaf-jet-investment-register-q1-2026-overall-data-8,2026-09-24,scripts/jetp/build_reconciliation.py,,
0875.agreement.agreement-zaf-register-can007,zaf-jet-investment-register-q1-2026-overall-data-9,agreement,agreement-zaf-register-can007,accepted,register_id,1,1,zaf-jet-investment-register-q1-2026-overall-data-9,2026-09-24,scripts/jetp/build_reconciliation.py,,
0875.agreement.agreement-zaf-register-can008,zaf-jet-investment-register-q1-2026-overall-data-10,agreement,agreement-zaf-register-can008,accepted,register_id,1,1,zaf-jet-investment-register-q1-2026-overall-data-10,2026-09-24,scripts/jetp/build_reconciliation.py,,
0875.agreement.agreement-zaf-register-dk001,zaf-jet-investment-register-q1-2026-overall-data-11,agreement,agreement-zaf-register-dk001,accepted,register_id,1,1,zaf-jet-investment-register-q1-2026-overall-data-11,2026-09-24,scripts/jetp/build_reconciliation.py,,
0875.agreement.agreement-zaf-register-dk002,zaf-jet-investment-register-q1-2026-overall-data-12,agreement,agreement-zaf-register-dk002,accepted,register_id,1,1,zaf-jet-investment-register-q1-2026-overall-data-12,2026-09-24,scripts/jetp/build_reconciliation.py,,
0875.agreement.agreement-zaf-register-dk003,zaf-jet-investment-register-q1-2026-overall-data-13,agreement,agreement-zaf-register-dk003,accepted,register_id,1,1,zaf-jet-investment-register-q1-2026-overall-data-13,2026-09-24,scripts/jetp/build_reconciliation.py,,
0875.agreement.agreement-zaf-register-dk004,zaf-jet-investment-register-q1-2026-overall-data-14,agreement,agreement-zaf-register-dk004,accepted,register_id,1,1,zaf-jet-investment-register-q1-2026-overall-data-14,2026-09-24,scripts/jetp/build_reconciliation.py,,
0875.agreement.agreement-zaf-register-dk005,zaf-jet-investment-register-q1-2026-overall-data-15,agreement,agreement-zaf-register-dk005,accepted,register_id,1,1,zaf-jet-investment-register-q1-2026-overall-data-15,2026-09-24,scripts/jetp/build_reconciliation.py,,
0875.agreement.agreement-zaf-register-dk006,zaf-jet-investment-register-q1-2026-overall-data-16,agreement,agreement-zaf-register-dk006,accepted,register_id,1,1,zaf-jet-investment-register-q1-2026-overall-data-16,2026-09-24,scripts/jetp/build_reconciliation.py,,
0875.agreement.agreement-zaf-register-dk008,zaf-jet-investment-register-q1-2026-overall-data-17,agreement,agreement-zaf-register-dk008,accepted,register_id,1,1,zaf-jet-investment-register-q1-2026-overall-data-17,2026-09-24,scripts/jetp/build_reconciliation.py,,
0875.agreement.agreement-zaf-register-dk009,zaf-jet-investment-register-q1-2026-overall-data-18,agreement,agreement-zaf-register-dk009,accepted,register_id,1,1,zaf-jet-investment-register-q1-2026-overall-data-18,2026-09-24,scripts/jetp/build_reconciliation.py,,
0875.agreement.agreement-zaf-register-dk010,zaf-jet-investment-register-q1-2026-overall-data-19,agreement,agreement-zaf-register-dk010,accepted,register_id,1,1,zaf-jet-investment-register-q1-2026-overall-data-19,2026-09-24,scripts/jetp/build_reconciliation.py,,
0875.agreement.agreement-zaf-register-dk011,zaf-jet-investment-register-q1-2026-overall-data-20,agreement,agreement-zaf-register-dk011,accepted,register_id,1,1,zaf-jet-investment-register-q1-2026-overall-data-20,2026-09-24,scripts/jetp/build_reconciliation.py,,
0875.agreement.agreement-zaf-register-dk012,zaf-jet-investment-register-q1-2026-overall-data-21,agreement,agreement-zaf-register-dk012,accepted,register_id,1,1,zaf-jet-investment-register-q1-2026-overall-data-21,2026-09-24,scripts/jetp/build_reconciliation.py,,
0875.agreement.agreement-zaf-register-dk013,zaf-jet-investment-register-q1-2026-overall-data-22,agreement,agreement-zaf-register-dk013,accepted,register_id,1,1,zaf-jet-investment-register-q1-2026-overall-data-22,2026-09-24,scripts/jetp/build_reconciliation.py,,
0875.agreement.agreement-zaf-register-dk014,zaf-jet-investment-register-q1-2026-overall-data-23,agreement,agreement-zaf-register-dk014,accepted,register_id,1,1,zaf-jet-investment-register-q1-2026-overall-data-23,2026-09-24,scripts/jetp/build_reconciliation.py,,
0875.agreement.agreement-zaf-register-dk015,zaf-jet-investment-register-q1-2026-overall-data-24,agreement,agreement-zaf-register-dk015,accepted,register_id,1,1,zaf-jet-investment-register-q1-2026-overall-data-24,2026-09-24,scripts/jetp/build_reconciliation.py,,
0875.agreement.agreement-zaf-register-dk018,zaf-jet-investment-register-q1-2026-overall-data-25,agreement,agreement-zaf-register-dk018,accepted,register_id,1,1,zaf-jet-investment-register-q1-2026-overall-data-25,2026-09-24,scripts/jetp/build_reconciliation.py,,
0875.agreement.agreement-zaf-register-dk019,zaf-jet-investment-register-q1-2026-overall-data-26,agreement,agreement-zaf-register-dk019,accepted,register_id,1,1,zaf-jet-investment-register-q1-2026-overall-data-26,2026-09-24,scripts/jetp/build_reconciliation.py,,
0875.agreement.agreement-zaf-register-dk020,zaf-jet-investment-register-q1-2026-overall-data-27,agreement,agreement-zaf-register-dk020,accepted,register_id,1,1,zaf-jet-investment-register-q1-2026-overall-data-27,2026-09-24,scripts/jetp/build_reconciliation.py,,
0875.agreement.agreement-zaf-register-eu001,zaf-jet-investment-register-q1-2026-overall-data-28,agreement,agreement-zaf-register-eu001,accepted,register_id,1,1,zaf-jet-investment-register-q1-2026-overall-data-28,2026-09-24,scripts/jetp/build_reconciliation.py,,
0875.agreement.agreement-zaf-register-eu002,zaf-jet-investment-register-q1-2026-overall-data-29,agreement,agreement-zaf-register-eu002,accepted,register_id,1,1,zaf-jet-investment-register-q1-2026-overall-data-29,2026-09-24,scripts/jetp/build_reconciliation.py,,
0875.agreement.agreement-zaf-register-eu003,zaf-jet-investment-register-q1-2026-overall-data-30,agreement,agreement-zaf-register-eu003,accepted,register_id,1,1,zaf-jet-investment-register-q1-2026-overall-data-30,2026-09-24,scripts/jetp/build_reconciliation.py,,
0875.agreement.agreement-zaf-register-eu004,zaf-jet-investment-register-q1-2026-overall-data-31,agreement,agreement-zaf-register-eu004,accepted,register_id,1,1,zaf-jet-investment-register-q1-2026-overall-data-31,2026-09-24,scripts/jetp/build_reconciliation.py,,
0875.agreement.agreement-zaf-register-eu005,zaf-jet-investment-register-q1-2026-overall-data-32,agreement,agreement-zaf-register-eu005,accepted,register_id,1,1,zaf-jet-investment-register-q1-2026-overall-data-32,2026-09-24,scripts/jetp/build_reconciliation.py,,
0875.agreement.agreement-zaf-register-eu006,zaf-jet-investment-register-q1-2026-overall-data-33,agreement,agreement-zaf-register-eu006,accepted,register_id,1,1,zaf-jet-investment-register-q1-2026-overall-data-33,2026-09-24,scripts/jetp/build_reconciliation.py,,
0875.agreement.agreement-zaf-register-eu007,zaf-jet-investment-register-q1-2026-overall-data-34,agreement,agreement-zaf-register-eu007,accepted,register_id,1,1,zaf-jet-investment-register-q1-2026-overall-data-34,2026-09-24,scripts/jetp/build_reconciliation.py,,
0875.agreement.agreement-zaf-register-eu008,zaf-jet-investment-register-q1-2026-overall-data-35,agreement,agreement-zaf-register-eu008,accepted,register_id,1,1,zaf-jet-investment-register-q1-2026-overall-data-35,2026-09-24,scripts/jetp/build_reconciliation.py,,
0875.agreement.agreement-zaf-register-eu010,zaf-jet-investment-register-q1-2026-overall-data-36,agreement,agreement-zaf-register-eu010,accepted,register_id,1,1,zaf-jet-investment-register-q1-2026-overall-data-36,2026-09-24,scripts/jetp/build_reconciliation.py,,
0875.agreement.agreement-zaf-register-eu011,zaf-jet-investment-register-q1-2026-overall-data-37,agreement,agreement-zaf-register-eu011,accepted,register_id,1,1,zaf-jet-investment-register-q1-2026-overall-data-37,2026-09-24,scripts/jetp/build_reconciliation.py,,
0875.agreement.agreement-zaf-register-eu012,zaf-jet-investment-register-q1-2026-overall-data-38,agreement,agreement-zaf-register-eu012,accepted,register_id,1,1,zaf-jet-investment-register-q1-2026-overall-data-38,2026-09-24,scripts/jetp/build_reconciliation.py,,
0875.agreement.agreement-zaf-register-eu013,zaf-jet-investment-register-q1-2026-overall-data-39,agreement,agreement-zaf-register-eu013,accepted,register_id,1,1,zaf-jet-investment-register-q1-2026-overall-data-39,2026-09-24,scripts/jetp/build_reconciliation.py,,
0875.agreement.agreement-zaf-register-eu014,zaf-jet-investment-register-q1-2026-overall-data-40,agreement,agreement-zaf-register-eu014,accepted,register_id,1,1,zaf-jet-investment-register-q1-2026-overall-data-40,2026-09-24,scripts/jetp/build_reconciliation.py,,
0875.agreement.agreement-zaf-register-eu015,zaf-jet-investment-register-q1-2026-overall-data-41,agreement,agreement-zaf-register-eu015,accepted,register_id,1,1,zaf-jet-investment-register-q1-2026-overall-data-41,2026-09-24,scripts/jetp/build_reconciliation.py,,
0875.agreement.agreement-zaf-register-eu016,zaf-jet-investment-register-q1-2026-overall-data-42,agreement,agreement-zaf-register-eu016,accepted,register_id,1,1,zaf-jet-investment-register-q1-2026-overall-data-42,2026-09-24,scripts/jetp/build_reconciliation.py,,
0875.agreement.agreement-zaf-register-eu017,zaf-jet-investment-register-q1-2026-overall-data-43,agreement,agreement-zaf-register-eu017,accepted,register_id,1,1,zaf-jet-investment-register-q1-2026-overall-data-43,2026-09-24,scripts/jetp/build_reconciliation.py,,
0875.agreement.agreement-zaf-register-eu018,zaf-jet-investment-register-q1-2026-overall-data-44,agreement,agreement-zaf-register-eu018,accepted,register_id,1,1,zaf-jet-investment-register-q1-2026-overall-data-44,2026-09-24,scripts/jetp/build_reconciliation.py,,
0875.agreement.agreement-zaf-register-eu019,zaf-jet-investment-register-q1-2026-overall-data-45,agreement,agreement-zaf-register-eu019,accepted,register_id,1,1,zaf-jet-investment-register-q1-2026-overall-data-45,2026-09-24,scripts/jetp/build_reconciliation.py,,
0875.agreement.agreement-zaf-register-eu020,zaf-jet-investment-register-q1-2026-overall-data-46,agreement,agreement-zaf-register-eu020,accepted,register_id,1,1,zaf-jet-investment-register-q1-2026-overall-data-46,2026-09-24,scripts/jetp/build_reconciliation.py,,
0875.agreement.agreement-zaf-register-eu021,zaf-jet-investment-register-q1-2026-overall-data-47,agreement,agreement-zaf-register-eu021,accepted,register_id,1,1,zaf-jet-investment-register-q1-2026-overall-data-47,2026-09-24,scripts/jetp/build_reconciliation.py,,
0875.agreement.agreement-zaf-register-fr001,zaf-jet-investment-register-q1-2026-overall-data-48,agreement,agreement-zaf-register-fr001,accepted,register_id,1,1,zaf-jet-investment-register-q1-2026-overall-data-48,2026-09-24,scripts/jetp/build_reconciliation.py,,
0875.agreement.agreement-zaf-register-fr002,zaf-jet-investment-register-q1-2026-overall-data-49,agreement,agreement-zaf-register-fr002,accepted,register_id,1,1,zaf-jet-investment-register-q1-2026-overall-data-49,2026-09-24,scripts/jetp/build_reconciliation.py,,
0875.agreement.agreement-zaf-register-fr003,zaf-jet-investment-register-q1-2026-overall-data-50,agreement,agreement-zaf-register-fr003,accepted,register_id,1,1,zaf-jet-investment-register-q1-2026-overall-data-50,2026-09-24,scripts/jetp/build_reconciliation.py,,
0875.agreement.agreement-zaf-register-fr004,zaf-jet-investment-register-q1-2026-overall-data-51,agreement,agreement-zaf-register-fr004,accepted,register_id,1,1,zaf-jet-investment-register-q1-2026-overall-data-51,2026-09-24,scripts/jetp/build_reconciliation.py,,
0875.agreement.agreement-zaf-register-fr005,zaf-jet-investment-register-q1-2026-overall-data-52,agreement,agreement-zaf-register-fr005,accepted,register_id,1,1,zaf-jet-investment-register-q1-2026-overall-data-52,2026-09-24,scripts/jetp/build_reconciliation.py,,
0875.agreement.agreement-zaf-register-fr006,zaf-jet-investment-register-q1-2026-overall-data-53,agreement,agreement-zaf-register-fr006,accepted,register_id,1,1,zaf-jet-investment-register-q1-2026-overall-data-53,2026-09-24,scripts/jetp/build_reconciliation.py,,
0875.agreement.agreement-zaf-register-fr007,zaf-jet-investment-register-q1-2026-overall-data-54,agreement,agreement-zaf-register-fr007,accepted,register_id,1,1,zaf-jet-investment-register-q1-2026-overall-data-54,2026-09-24,scripts/jetp/build_reconciliation.py,,
0875.agreement.agreement-zaf-register-fr009,zaf-jet-investment-register-q1-2026-overall-data-55,agreement,agreement-zaf-register-fr009,accepted,register_id,1,1,zaf-jet-investment-register-q1-2026-overall-data-55,2026-09-24,scripts/jetp/build_reconciliation.py,,
0875.agreement.agreement-zaf-register-fr010,zaf-jet-investment-register-q1-2026-overall-data-56,agreement,agreement-zaf-register-fr010,accepted,register_id,1,1,zaf-jet-investment-register-q1-2026-overall-data-56,2026-09-24,scripts/jetp/build_reconciliation.py,,
0875.agreement.agreement-zaf-register-fr011,zaf-jet-investment-register-q1-2026-overall-data-57,agreement,agreement-zaf-register-fr011,accepted,register_id,1,1,zaf-jet-investment-register-q1-2026-overall-data-57,2026-09-24,scripts/jetp/build_reconciliation.py,,
0875.agreement.agreement-zaf-register-fr012,zaf-jet-investment-register-q1-2026-overall-data-58,agreement,agreement-zaf-register-fr012,accepted,register_id,1,1,zaf-jet-investment-register-q1-2026-overall-data-58,2026-09-24,scripts/jetp/build_reconciliation.py,,
0875.agreement.agreement-zaf-register-fr013,zaf-jet-investment-register-q1-2026-overall-data-59,agreement,agreement-zaf-register-fr013,accepted,register_id,1,1,zaf-jet-investment-register-q1-2026-overall-data-59,2026-09-24,scripts/jetp/build_reconciliation.py,,
0875.agreement.agreement-zaf-register-fr014,zaf-jet-investment-register-q1-2026-overall-data-60,agreement,agreement-zaf-register-fr014,accepted,register_id,1,1,zaf-jet-investment-register-q1-2026-overall-data-60,2026-09-24,scripts/jetp/build_reconciliation.py,,
0875.agreement.agreement-zaf-register-fr015,zaf-jet-investment-register-q1-2026-overall-data-61,agreement,agreement-zaf-register-fr015,accepted,register_id,1,1,zaf-jet-investment-register-q1-2026-overall-data-61,2026-09-24,scripts/jetp/build_reconciliation.py,,
0875.agreement.agreement-zaf-register-fr016,zaf-jet-investment-register-q1-2026-overall-data-62,agreement,agreement-zaf-register-fr016,accepted,register_id,1,1,zaf-jet-investment-register-q1-2026-overall-data-62,2026-09-24,scripts/jetp/build_reconciliation.py,,
0875.agreement.agreement-zaf-register-fr017,zaf-jet-investment-register-q1-2026-overall-data-63,agreement,agreement-zaf-register-fr017,accepted,register_id,1,1,zaf-jet-investment-register-q1-2026-overall-data-63,2026-09-24,scripts/jetp/build_reconciliation.py,,
0875.agreement.agreement-zaf-register-fr019,zaf-jet-investment-register-q1-2026-overall-data-64,agreement,agreement-zaf-register-fr019,accepted,register_id,1,1,zaf-jet-investment-register-q1-2026-overall-data-64,2026-09-24,scripts/jetp/build_reconciliation.py,,
0875.agreement.agreement-zaf-register-fr020,zaf-jet-investment-register-q1-2026-overall-data-65,agreement,agreement-zaf-register-fr020,accepted,register_id,1,1,zaf-jet-investment-register-q1-2026-overall-data-65,2026-09-24,scripts/jetp/build_reconciliation.py,,
0875.agreement.agreement-zaf-register-fr021,zaf-jet-investment-register-q1-2026-overall-data-66,agreement,agreement-zaf-register-fr021,accepted,register_id,1,1,zaf-jet-investment-register-q1-2026-overall-data-66,2026-09-24,scripts/jetp/build_reconciliation.py,,
0875.agreement.agreement-zaf-register-fr022,zaf-jet-investment-register-q1-2026-overall-data-67,agreement,agreement-zaf-register-fr022,accepted,register_id,1,1,zaf-jet-investment-register-q1-2026-overall-data-67,2026-09-24,scripts/jetp/build_reconciliation.py,,
0875.agreement.agreement-zaf-register-fp001-1,zaf-jet-investment-register-q1-2026-overall-data-68,agreement,agreement-zaf-register-fp001-1,accepted,register_id,1,1,zaf-jet-investment-register-q1-2026-overall-data-68,2026-09-24,scripts/jetp/build_reconciliation.py,,
0875.agreement.agreement-zaf-register-fp001-2,zaf-jet-investment-register-q1-2026-overall-data-69,agreement,agreement-zaf-register-fp001-2,accepted,register_id,1,1,zaf-jet-investment-register-q1-2026-overall-data-69,2026-09-24,scripts/jetp/build_reconciliation.py,,
0875.agreement.agreement-zaf-register-fp001-3,zaf-jet-investment-register-q1-2026-overall-data-70,agreement,agreement-zaf-register-fp001-3,accepted,register_id,1,1,zaf-jet-investment-register-q1-2026-overall-data-70,2026-09-24,scripts/jetp/build_reconciliation.py,,
0875.agreement.agreement-zaf-register-fp001-4,zaf-jet-investment-register-q1-2026-overall-data-71,agreement,agreement-zaf-register-fp001-4,accepted,register_id,1,1,zaf-jet-investment-register-q1-2026-overall-data-71,2026-09-24,scripts/jetp/build_reconciliation.py,,
0875.agreement.agreement-zaf-register-fp001-5,zaf-jet-investment-register-q1-2026-overall-data-72,agreement,agreement-zaf-register-fp001-5,accepted,register_id,1,1,zaf-jet-investment-register-q1-2026-overall-data-72,2026-09-24,scripts/jetp/build_reconciliation.py,,
0875.agreement.agreement-zaf-register-gr001,zaf-jet-investment-register-q1-2026-overall-data-73,agreement,agreement-zaf-register-gr001,accepted,register_id,1,1,zaf-jet-investment-register-q1-2026-overall-data-73,2026-09-24,scripts/jetp/build_reconciliation.py,,
0875.agreement.agreement-zaf-register-gr002,zaf-jet-investment-register-q1-2026-overall-data-74,agreement,agreement-zaf-register-gr002,accepted,register_id,1,1,zaf-jet-investment-register-q1-2026-overall-data-74,2026-09-24,scripts/jetp/build_reconciliation.py,,
0875.agreement.agreement-zaf-register-gr003,zaf-jet-investment-register-q1-2026-overall-data-75,agreement,agreement-zaf-register-gr003,accepted,register_id,1,1,zaf-jet-investment-register-q1-2026-overall-data-75,2026-09-24,scripts/jetp/build_reconciliation.py,,
0875.agreement.agreement-zaf-register-gr004,zaf-jet-investment-register-q1-2026-overall-data-76,agreement,agreement-zaf-register-gr004,accepted,register_id,1,1,zaf-jet-investment-register-q1-2026-overall-data-76,2026-09-24,scripts/jetp/build_reconciliation.py,,
0875.agreement.agreement-zaf-register-gr006,zaf-jet-investment-register-q1-2026-overall-data-77,agreement,agreement-zaf-register-gr006,accepted,register_id,1,1,zaf-jet-investment-register-q1-2026-overall-data-77,2026-09-24,scripts/jetp/build_reconciliation.py,,
0875.agreement.agreement-zaf-register-gr007,zaf-jet-investment-register-q1-2026-overall-data-78,agreement,agreement-zaf-register-gr007,accepted,register_id,1,1,zaf-jet-investment-register-q1-2026-overall-data-78,2026-09-24,scripts/jetp/build_reconciliation.py,,
0875.agreement.agreement-zaf-register-gr008,zaf-jet-investment-register-q1-2026-overall-data-79,agreement,agreement-zaf-register-gr008,accepted,register_id,1,1,zaf-jet-investment-register-q1-2026-overall-data-79,2026-09-24,scripts/jetp/build_reconciliation.py,,
0875.agreement.agreement-zaf-register-gr009,zaf-jet-investment-register-q1-2026-overall-data-80,agreement,agreement-zaf-register-gr009,accepted,register_id,1,1,zaf-jet-investment-register-q1-2026-overall-data-80,2026-09-24,scripts/jetp/build_reconciliation.py,,
0875.agreement.agreement-zaf-register-gr011,zaf-jet-investment-register-q1-2026-overall-data-81,agreement,agreement-zaf-register-gr011,accepted,register_id,1,1,zaf-jet-investment-register-q1-2026-overall-data-81,2026-09-24,scripts/jetp/build_reconciliation.py,,
0875.agreement.agreement-zaf-register-gr012,zaf-jet-investment-register-q1-2026-overall-data-82,agreement,agreement-zaf-register-gr012,accepted,register_id,1,1,zaf-jet-investment-register-q1-2026-overall-data-82,2026-09-24,scripts/jetp/build_reconciliation.py,,
0875.agreement.agreement-zaf-register-gr013,zaf-jet-investment-register-q1-2026-overall-data-83,agreement,agreement-zaf-register-gr013,accepted,register_id,1,1,zaf-jet-investment-register-q1-2026-overall-data-83,2026-09-24,scripts/jetp/build_reconciliation.py,,
0875.agreement.agreement-zaf-register-gr014,zaf-jet-investment-register-q1-2026-overall-data-84,agreement,agreement-zaf-register-gr014,accepted,register_id,1,1,zaf-jet-investment-register-q1-2026-overall-data-84,2026-09-24,scripts/jetp/build_reconciliation.py,,
0875.agreement.agreement-zaf-register-gr014b,zaf-jet-investment-register-q1-2026-overall-data-85,agreement,agreement-zaf-register-gr014b,accepted,register_id,1,1,zaf-jet-investment-register-q1-2026-overall-data-85,2026-09-24,scripts/jetp/build_reconciliation.py,,
0875.agreement.agreement-zaf-register-gr015,zaf-jet-investment-register-q1-2026-overall-data-86,agreement,agreement-zaf-register-gr015,accepted,register_id,1,1,zaf-jet-investment-register-q1-2026-overall-data-86,2026-09-24,scripts/jetp/build_reconciliation.py,,
0875.agreement.agreement-zaf-register-gr016,zaf-jet-investment-register-q1-2026-overall-data-87,agreement,agreement-zaf-register-gr016,accepted,register_id,1,1,zaf-jet-investment-register-q1-2026-overall-data-87,2026-09-24,scripts/jetp/build_reconciliation.py,,
0875.agreement.agreement-zaf-register-gr017,zaf-jet-investment-register-q1-2026-overall-data-88,agreement,agreement-zaf-register-gr017,accepted,register_id,1,1,zaf-jet-investment-register-q1-2026-overall-data-88,2026-09-24,scripts/jetp/build_reconciliation.py,,
0875.agreement.agreement-zaf-register-gr018,zaf-jet-investment-register-q1-2026-overall-data-89,agreement,agreement-zaf-register-gr018,accepted,register_id,1,1,zaf-jet-investment-register-q1-2026-overall-data-89,2026-09-24,scripts/jetp/build_reconciliation.py,,
0875.agreement.agreement-zaf-register-gr019,zaf-jet-investment-register-q1-2026-overall-data-90,agreement,agreement-zaf-register-gr019,accepted,register_id,1,1,zaf-jet-investment-register-q1-2026-overall-data-90,2026-09-24,scripts/jetp/build_reconciliation.py,,
0875.agreement.agreement-zaf-register-gr020,zaf-jet-investment-register-q1-2026-overall-data-91,agreement,agreement-zaf-register-gr020,accepted,register_id,1,1,zaf-jet-investment-register-q1-2026-overall-data-91,2026-09-24,scripts/jetp/build_reconciliation.py,,
0875.agreement.agreement-zaf-register-gr021,zaf-jet-investment-register-q1-2026-overall-data-92,agreement,agreement-zaf-register-gr021,accepted,register_id,1,1,zaf-jet-investment-register-q1-2026-overall-data-92,2026-09-24,scripts/jetp/build_reconciliation.py,,
0875.agreement.agreement-zaf-register-gr022,zaf-jet-investment-register-q1-2026-overall-data-93,agreement,agreement-zaf-register-gr022,accepted,register_id,1,1,zaf-jet-investment-register-q1-2026-overall-data-93,2026-09-24,scripts/jetp/build_reconciliation.py,,
0875.agreement.agreement-zaf-register-gr023,zaf-jet-investment-register-q1-2026-overall-data-94,agreement,agreement-zaf-register-gr023,accepted,register_id,1,1,zaf-jet-investment-register-q1-2026-overall-data-94,2026-09-24,scripts/jetp/build_reconciliation.py,,
0875.agreement.agreement-zaf-register-gr024,zaf-jet-investment-register-q1-2026-overall-data-95,agreement,agreement-zaf-register-gr024,accepted,register_id,1,1,zaf-jet-investment-register-q1-2026-overall-data-95,2026-09-24,scripts/jetp/build_reconciliation.py,,
0875.agreement.agreement-zaf-register-gr025,zaf-jet-investment-register-q1-2026-overall-data-96,agreement,agreement-zaf-register-gr025,accepted,register_id,1,1,zaf-jet-investment-register-q1-2026-overall-data-96,2026-09-24,scripts/jetp/build_reconciliation.py,,
0875.agreement.agreement-zaf-register-gr026,zaf-jet-investment-register-q1-2026-overall-data-97,agreement,agreement-zaf-register-gr026,accepted,register_id,1,1,zaf-jet-investment-register-q1-2026-overall-data-97,2026-09-24,scripts/jetp/build_reconciliation.py,,
0875.agreement.agreement-zaf-register-gr026b,zaf-jet-investment-register-q1-2026-overall-data-98,agreement,agreement-zaf-register-gr026b,accepted,register_id,1,1,zaf-jet-investment-register-q1-2026-overall-data-98,2026-09-24,scripts/jetp/build_reconciliation.py,,
0875.agreement.agreement-zaf-register-gr027,zaf-jet-investment-register-q1-2026-overall-data-99,agreement,agreement-zaf-register-gr027,accepted,register_id,1,1,zaf-jet-investment-register-q1-2026-overall-data-99,2026-09-24,scripts/jetp/build_reconciliation.py,,
0875.agreement.agreement-zaf-register-gr028,zaf-jet-investment-register-q1-2026-overall-data-100,agreement,agreement-zaf-register-gr028,accepted,register_id,1,1,zaf-jet-investment-register-q1-2026-overall-data-100,2026-09-24,scripts/jetp/build_reconciliation.py,,
0875.agreement.agreement-zaf-register-gr028b,zaf-jet-investment-register-q1-2026-overall-data-101,agreement,agreement-zaf-register-gr028b,accepted,register_id,1,1,zaf-jet-investment-register-q1-2026-overall-data-101,2026-09-24,scripts/jetp/build_reconciliation.py,,
0875.agreement.agreement-zaf-register-gr029,zaf-jet-investment-register-q1-2026-overall-data-102,agreement,agreement-zaf-register-gr029,accepted,register_id,1,1,zaf-jet-investment-register-q1-2026-overall-data-102,2026-09-24,scripts/jetp/build_reconciliation.py,,
0875.agreement.agreement-zaf-register-gr029b,zaf-jet-investment-register-q1-2026-overall-data-103,agreement,agreement-zaf-register-gr029b,accepted,register_id,1,1,zaf-jet-investment-register-q1-2026-overall-data-103,2026-09-24,scripts/jetp/build_reconciliation.py,,
0875.agreement.agreement-zaf-register-gr030,zaf-jet-investment-register-q1-2026-overall-data-104,agreement,agreement-zaf-register-gr030,accepted,register_id,1,1,zaf-jet-investment-register-q1-2026-overall-data-104,2026-09-24,scripts/jetp/build_reconciliation.py,,
0875.agreement.agreement-zaf-register-gr031,zaf-jet-investment-register-q1-2026-overall-data-105,agreement,agreement-zaf-register-gr031,accepted,register_id,1,1,zaf-jet-investment-register-q1-2026-overall-data-105,2026-09-24,scripts/jetp/build_reconciliation.py,,
0875.agreement.agreement-zaf-register-gr032,zaf-jet-investment-register-q1-2026-overall-data-106,agreement,agreement-zaf-register-gr032,accepted,register_id,1,1,zaf-jet-investment-register-q1-2026-overall-data-106,2026-09-24,scripts/jetp/build_reconciliation.py,,
0875.agreement.agreement-zaf-register-gr033,zaf-jet-investment-register-q1-2026-overall-data-107,agreement,agreement-zaf-register-gr033,accepted,register_id,1,1,zaf-jet-investment-register-q1-2026-overall-data-107,2026-09-24,scripts/jetp/build_reconciliation.py,,
0875.agreement.agreement-zaf-register-gr034,zaf-jet-investment-register-q1-2026-overall-data-108,agreement,agreement-zaf-register-gr034,accepted,register_id,1,1,zaf-jet-investment-register-q1-2026-overall-data-108,2026-09-24,scripts/jetp/build_reconciliation.py,,
0875.agreement.agreement-zaf-register-gr035,zaf-jet-investment-register-q1-2026-overall-data-109,agreement,agreement-zaf-register-gr035,accepted,register_id,1,1,zaf-jet-investment-register-q1-2026-overall-data-109,2026-09-24,scripts/jetp/build_reconciliation.py,,
0875.agreement.agreement-zaf-register-gr036,zaf-jet-investment-register-q1-2026-overall-data-110,agreement,agreement-zaf-register-gr036,accepted,register_id,1,1,zaf-jet-investment-register-q1-2026-overall-data-110,2026-09-24,scripts/jetp/build_reconciliation.py,,
0875.agreement.agreement-zaf-register-gr037,zaf-jet-investment-register-q1-2026-overall-data-111,agreement,agreement-zaf-register-gr037,accepted,register_id,1,1,zaf-jet-investment-register-q1-2026-overall-data-111,2026-09-24,scripts/jetp/build_reconciliation.py,,
0875.agreement.agreement-zaf-register-gr038,zaf-jet-investment-register-q1-2026-overall-data-112,agreement,agreement-zaf-register-gr038,accepted,register_id,1,1,zaf-jet-investment-register-q1-2026-overall-data-112,2026-09-24,scripts/jetp/build_reconciliation.py,,
0875.agreement.agreement-zaf-register-gr039,zaf-jet-investment-register-q1-2026-overall-data-113,agreement,agreement-zaf-register-gr039,accepted,register_id,1,1,zaf-jet-investment-register-q1-2026-overall-data-113,2026-09-24,scripts/jetp/build_reconciliation.py,,
0875.agreement.agreement-zaf-register-gr040,zaf-jet-investment-register-q1-2026-overall-data-114,agreement,agreement-zaf-register-gr040,accepted,register_id,1,1,zaf-jet-investment-register-q1-2026-overall-data-114,2026-09-24,scripts/jetp/build_reconciliation.py,,
0875.agreement.agreement-zaf-register-gr041,zaf-jet-investment-register-q1-2026-overall-data-115,agreement,agreement-zaf-register-gr041,accepted,register_id,1,1,zaf-jet-investment-register-q1-2026-overall-data-115,2026-09-24,scripts/jetp/build_reconciliation.py,,
0875.agreement.agreement-zaf-register-nl001-1,zaf-jet-investment-register-q1-2026-overall-data-116,agreement,agreement-zaf-register-nl001-1,accepted,register_id,1,1,zaf-jet-investment-register-q1-2026-overall-data-116,2026-09-24,scripts/jetp/build_reconciliation.py,,
0875.agreement.agreement-zaf-register-nl001-2,zaf-jet-investment-register-q1-2026-overall-data-117,agreement,agreement-zaf-register-nl001-2,accepted,register_id,1,1,zaf-jet-investment-register-q1-2026-overall-data-117,2026-09-24,scripts/jetp/build_reconciliation.py,,
0875.agreement.agreement-zaf-register-nl001-3,zaf-jet-investment-register-q1-2026-overall-data-118,agreement,agreement-zaf-register-nl001-3,accepted,register_id,1,1,zaf-jet-investment-register-q1-2026-overall-data-118,2026-09-24,scripts/jetp/build_reconciliation.py,,
0875.agreement.agreement-zaf-register-nl001-4,zaf-jet-investment-register-q1-2026-overall-data-119,agreement,agreement-zaf-register-nl001-4,accepted,register_id,1,1,zaf-jet-investment-register-q1-2026-overall-data-119,2026-09-24,scripts/jetp/build_reconciliation.py,,
0875.agreement.agreement-zaf-register-nl001-5,zaf-jet-investment-register-q1-2026-overall-data-120,agreement,agreement-zaf-register-nl001-5,accepted,register_id,1,1,zaf-jet-investment-register-q1-2026-overall-data-120,2026-09-24,scripts/jetp/build_reconciliation.py,,
0875.agreement.agreement-zaf-register-nl001-6,zaf-jet-investment-register-q1-2026-overall-data-121,agreement,agreement-zaf-register-nl001-6,accepted,register_id,1,1,zaf-jet-investment-register-q1-2026-overall-data-121,2026-09-24,scripts/jetp/build_reconciliation.py,,
0875.agreement.agreement-zaf-register-nl001-7,zaf-jet-investment-register-q1-2026-overall-data-122,agreement,agreement-zaf-register-nl001-7,accepted,register_id,1,1,zaf-jet-investment-register-q1-2026-overall-data-122,2026-09-24,scripts/jetp/build_reconciliation.py,,
0875.agreement.agreement-zaf-register-nl001-8,zaf-jet-investment-register-q1-2026-overall-data-123,agreement,agreement-zaf-register-nl001-8,accepted,register_id,1,1,zaf-jet-investment-register-q1-2026-overall-data-123,2026-09-24,scripts/jetp/build_reconciliation.py,,
0875.agreement.agreement-zaf-register-nl001-9,zaf-jet-investment-register-q1-2026-overall-data-124,agreement,agreement-zaf-register-nl001-9,accepted,register_id,1,1,zaf-jet-investment-register-q1-2026-overall-data-124,2026-09-24,scripts/jetp/build_reconciliation.py,,
0875.agreement.agreement-zaf-register-nl002,zaf-jet-investment-register-q1-2026-overall-data-125,agreement,agreement-zaf-register-nl002,accepted,register_id,1,1,zaf-jet-investment-register-q1-2026-overall-data-125,2026-09-24,scripts/jetp/build_reconciliation.py,,
0875.agreement.agreement-zaf-register-nl003,zaf-jet-investment-register-q1-2026-overall-data-126,agreement,agreement-zaf-register-nl003,accepted,register_id,1,1,zaf-jet-investment-register-q1-2026-overall-data-126,2026-09-24,scripts/jetp/build_reconciliation.py,,
0875.agreement.agreement-zaf-register-nl004,zaf-jet-investment-register-q1-2026-overall-data-127,agreement,agreement-zaf-register-nl004,accepted,register_id,1,1,zaf-jet-investment-register-q1-2026-overall-data-127,2026-09-24,scripts/jetp/build_reconciliation.py,,
0875.agreement.agreement-zaf-register-nl005,zaf-jet-investment-register-q1-2026-overall-data-128,agreement,agreement-zaf-register-nl005,accepted,register_id,1,1,zaf-jet-investment-register-q1-2026-overall-data-128,2026-09-24,scripts/jetp/build_reconciliation.py,,
0875.agreement.agreement-zaf-register-nl006,zaf-jet-investment-register-q1-2026-overall-data-129,agreement,agreement-zaf-register-nl006,accepted,register_id,1,1,zaf-jet-investment-register-q1-2026-overall-data-129,2026-09-24,scripts/jetp/build_reconciliation.py,,
0875.agreement.agreement-zaf-register-nl007,zaf-jet-investment-register-q1-2026-overall-data-130,agreement,agreement-zaf-register-nl007,accepted,register_id,1,1,zaf-jet-investment-register-q1-2026-overall-data-130,2026-09-24,scripts/jetp/build_reconciliation.py,,
0875.agreement.agreement-zaf-register-nl008,zaf-jet-investment-register-q1-2026-overall-data-131,agreement,agreement-zaf-register-nl008,accepted,register_id,1,1,zaf-jet-investment-register-q1-2026-overall-data-131,2026-09-24,scripts/jetp/build_reconciliation.py,,
0875.agreement.agreement-zaf-register-nl009,zaf-jet-investment-register-q1-2026-overall-data-132,agreement,agreement-zaf-register-nl009,accepted,register_id,1,1,zaf-jet-investment-register-q1-2026-overall-data-132,2026-09-24,scripts/jetp/build_reconciliation.py,,
0875.agreement.agreement-zaf-register-nl010,zaf-jet-investment-register-q1-2026-overall-data-133,agreement,agreement-zaf-register-nl010,accepted,register_id,1,1,zaf-jet-investment-register-q1-2026-overall-data-133,2026-09-24,scripts/jetp/build_reconciliation.py,,
0875.agreement.agreement-zaf-register-nl011,zaf-jet-investment-register-q1-2026-overall-data-134,agreement,agreement-zaf-register-nl011,accepted,register_id,1,1,zaf-jet-investment-register-q1-2026-overall-data-134,2026-09-24,scripts/jetp/build_reconciliation.py,,
0875.agreement.agreement-zaf-register-nl012,zaf-jet-investment-register-q1-2026-overall-data-135,agreement,agreement-zaf-register-nl012,accepted,register_id,1,1,zaf-jet-investment-register-q1-2026-overall-data-135,2026-09-24,scripts/jetp/build_reconciliation.py,,
0875.agreement.agreement-zaf-register-sw001,zaf-jet-investment-register-q1-2026-overall-data-136,agreement,agreement-zaf-register-sw001,accepted,register_id,1,1,zaf-jet-investment-register-q1-2026-overall-data-136,2026-09-24,scripts/jetp/build_reconciliation.py,,
0875.agreement.agreement-zaf-register-sw002,zaf-jet-investment-register-q1-2026-overall-data-137,agreement,agreement-zaf-register-sw002,accepted,register_id,1,1,zaf-jet-investment-register-q1-2026-overall-data-137,2026-09-24,scripts/jetp/build_reconciliation.py,,
0875.agreement.agreement-zaf-register-sw003,zaf-jet-investment-register-q1-2026-overall-data-138,agreement,agreement-zaf-register-sw003,accepted,register_id,1,1,zaf-jet-investment-register-q1-2026-overall-data-138,2026-09-24,scripts/jetp/build_reconciliation.py,,
0875.agreement.agreement-zaf-register-sw004,zaf-jet-investment-register-q1-2026-overall-data-139,agreement,agreement-zaf-register-sw004,accepted,register_id,1,1,zaf-jet-investment-register-q1-2026-overall-data-139,2026-09-24,scripts/jetp/build_reconciliation.py,,
0875.agreement.agreement-zaf-register-sw005,zaf-jet-investment-register-q1-2026-overall-data-140,agreement,agreement-zaf-register-sw005,accepted,register_id,1,1,zaf-jet-investment-register-q1-2026-overall-data-140,2026-09-24,scripts/jetp/build_reconciliation.py,,
0875.agreement.agreement-zaf-register-sw006,zaf-jet-investment-register-q1-2026-overall-data-141,agreement,agreement-zaf-register-sw006,accepted,register_id,1,1,zaf-jet-investment-register-q1-2026-overall-data-141,2026-09-24,scripts/jetp/build_reconciliation.py,,
0875.agreement.agreement-zaf-register-sw007,zaf-jet-investment-register-q1-2026-overall-data-142,agreement,agreement-zaf-register-sw007,accepted,register_id,1,1,zaf-jet-investment-register-q1-2026-overall-data-142,2026-09-24,scripts/jetp/build_reconciliation.py,,
0875.agreement.agreement-zaf-register-sw008,zaf-jet-investment-register-q1-2026-overall-data-143,agreement,agreement-zaf-register-sw008,accepted,register_id,1,1,zaf-jet-investment-register-q1-2026-overall-data-143,2026-09-24,scripts/jetp/build_reconciliation.py,,
0875.agreement.agreement-zaf-register-sw009,zaf-jet-investment-register-q1-2026-overall-data-144,agreement,agreement-zaf-register-sw009,accepted,register_id,1,1,zaf-jet-investment-register-q1-2026-overall-data-144,2026-09-24,scripts/jetp/build_reconciliation.py,,
0875.agreement.agreement-zaf-register-uk001,zaf-jet-investment-register-q1-2026-overall-data-145,agreement,agreement-zaf-register-uk001,accepted,register_id,1,1,zaf-jet-investment-register-q1-2026-overall-data-145,2026-09-24,scripts/jetp/build_reconciliation.py,,
0875.agreement.agreement-zaf-register-uk002,zaf-jet-investment-register-q1-2026-overall-data-146,agreement,agreement-zaf-register-uk002,accepted,register_id,1,1,zaf-jet-investment-register-q1-2026-overall-data-146,2026-09-24,scripts/jetp/build_reconciliation.py,,
0875.agreement.agreement-zaf-register-uk003,zaf-jet-investment-register-q1-2026-overall-data-147,agreement,agreement-zaf-register-uk003,accepted,register_id,1,1,zaf-jet-investment-register-q1-2026-overall-data-147,2026-09-24,scripts/jetp/build_reconciliation.py,,
0875.agreement.agreement-zaf-register-uk005,zaf-jet-investment-register-q1-2026-overall-data-148,agreement,agreement-zaf-register-uk005,accepted,register_id,1,1,zaf-jet-investment-register-q1-2026-overall-data-148,2026-09-24,scripts/jetp/build_reconciliation.py,,
0875.agreement.agreement-zaf-register-uk006,zaf-jet-investment-register-q1-2026-overall-data-149,agreement,agreement-zaf-register-uk006,accepted,register_id,1,1,zaf-jet-investment-register-q1-2026-overall-data-149,2026-09-24,scripts/jetp/build_reconciliation.py,,
0875.agreement.agreement-zaf-register-uk007,zaf-jet-investment-register-q1-2026-overall-data-150,agreement,agreement-zaf-register-uk007,accepted,register_id,1,1,zaf-jet-investment-register-q1-2026-overall-data-150,2026-09-24,scripts/jetp/build_reconciliation.py,,
0875.agreement.agreement-zaf-register-uk008,zaf-jet-investment-register-q1-2026-overall-data-151,agreement,agreement-zaf-register-uk008,accepted,register_id,1,1,zaf-jet-investment-register-q1-2026-overall-data-151,2026-09-24,scripts/jetp/build_reconciliation.py,,
0875.agreement.agreement-zaf-register-uk009,zaf-jet-investment-register-q1-2026-overall-data-152,agreement,agreement-zaf-register-uk009,accepted,register_id,1,1,zaf-jet-investment-register-q1-2026-overall-data-152,2026-09-24,scripts/jetp/build_reconciliation.py,,
0875.agreement.agreement-zaf-register-uk011,zaf-jet-investment-register-q1-2026-overall-data-153,agreement,agreement-zaf-register-uk011,accepted,register_id,1,1,zaf-jet-investment-register-q1-2026-overall-data-153,2026-09-24,scripts/jetp/build_reconciliation.py,,
0875.agreement.agreement-zaf-register-uk012,zaf-jet-investment-register-q1-2026-overall-data-154,agreement,agreement-zaf-register-uk012,accepted,register_id,1,1,zaf-jet-investment-register-q1-2026-overall-data-154,2026-09-24,scripts/jetp/build_reconciliation.py,,
0875.agreement.agreement-zaf-register-uk013,zaf-jet-investment-register-q1-2026-overall-data-155,agreement,agreement-zaf-register-uk013,accepted,register_id,1,1,zaf-jet-investment-register-q1-2026-overall-data-155,2026-09-24,scripts/jetp/build_reconciliation.py,,
0875.agreement.agreement-zaf-register-uk014,zaf-jet-investment-register-q1-2026-overall-data-156,agreement,agreement-zaf-register-uk014,accepted,register_id,1,1,zaf-jet-investment-register-q1-2026-overall-data-156,2026-09-24,scripts/jetp/build_reconciliation.py,,
0875.agreement.agreement-zaf-register-uk015,zaf-jet-investment-register-q1-2026-overall-data-157,agreement,agreement-zaf-register-uk015,accepted,register_id,1,1,zaf-jet-investment-register-q1-2026-overall-data-157,2026-09-24,scripts/jetp/build_reconciliation.py,,
0875.agreement.agreement-zaf-register-uk016,zaf-jet-investment-register-q1-2026-overall-data-158,agreement,agreement-zaf-register-uk016,accepted,register_id,1,1,zaf-jet-investment-register-q1-2026-overall-data-158,2026-09-24,scripts/jetp/build_reconciliation.py,,
0875.agreement.agreement-zaf-register-uk017,zaf-jet-investment-register-q1-2026-overall-data-159,agreement,agreement-zaf-register-uk017,accepted,register_id,1,1,zaf-jet-investment-register-q1-2026-overall-data-159,2026-09-24,scripts/jetp/build_reconciliation.py,,
0875.agreement.agreement-zaf-register-uk018,zaf-jet-investment-register-q1-2026-overall-data-160,agreement,agreement-zaf-register-uk018,accepted,register_id,1,1,zaf-jet-investment-register-q1-2026-overall-data-160,2026-09-24,scripts/jetp/build_reconciliation.py,,
0875.agreement.agreement-zaf-register-uk019,zaf-jet-investment-register-q1-2026-overall-data-161,agreement,agreement-zaf-register-uk019,accepted,register_id,1,1,zaf-jet-investment-register-q1-2026-overall-data-161,2026-09-24,scripts/jetp/build_reconciliation.py,,
0875.agreement.agreement-zaf-register-uk020,zaf-jet-investment-register-q1-2026-overall-data-162,agreement,agreement-zaf-register-uk020,accepted,register_id,1,1,zaf-jet-investment-register-q1-2026-overall-data-162,2026-09-24,scripts/jetp/build_reconciliation.py,,
0875.agreement.agreement-zaf-register-uk021,zaf-jet-investment-register-q1-2026-overall-data-163,agreement,agreement-zaf-register-uk021,accepted,register_id,1,1,zaf-jet-investment-register-q1-2026-overall-data-163,2026-09-24,scripts/jetp/build_reconciliation.py,,
0875.agreement.agreement-zaf-register-uk022,zaf-jet-investment-register-q1-2026-overall-data-164,agreement,agreement-zaf-register-uk022,accepted,register_id,1,1,zaf-jet-investment-register-q1-2026-overall-data-164,2026-09-24,scripts/jetp/build_reconciliation.py,,
0875.agreement.agreement-zaf-register-uk023,zaf-jet-investment-register-q1-2026-overall-data-165,agreement,agreement-zaf-register-uk023,accepted,register_id,1,1,zaf-jet-investment-register-q1-2026-overall-data-165,2026-09-24,scripts/jetp/build_reconciliation.py,,
0875.agreement.agreement-zaf-register-uk024,zaf-jet-investment-register-q1-2026-overall-data-166,agreement,agreement-zaf-register-uk024,accepted,register_id,1,1,zaf-jet-investment-register-q1-2026-overall-data-166,2026-09-24,scripts/jetp/build_reconciliation.py,,
0875.agreement.agreement-zaf-register-uk025,zaf-jet-investment-register-q1-2026-overall-data-167,agreement,agreement-zaf-register-uk025,accepted,register_id,1,1,zaf-jet-investment-register-q1-2026-overall-data-167,2026-09-24,scripts/jetp/build_reconciliation.py,,
0875.agreement.agreement-zaf-register-uk026,zaf-jet-investment-register-q1-2026-overall-data-168,agreement,agreement-zaf-register-uk026,accepted,register_id,1,1,zaf-jet-investment-register-q1-2026-overall-data-168,2026-09-24,scripts/jetp/build_reconciliation.py,,
0875.agreement.agreement-zaf-register-uk027,zaf-jet-investment-register-q1-2026-overall-data-169,agreement,agreement-zaf-register-uk027,accepted,register_id,1,1,zaf-jet-investment-register-q1-2026-overall-data-169,2026-09-24,scripts/jetp/build_reconciliation.py,,
0875.agreement.agreement-zaf-register-uk028,zaf-jet-investment-register-q1-2026-overall-data-170,agreement,agreement-zaf-register-uk028,accepted,register_id,1,1,zaf-jet-investment-register-q1-2026-overall-data-170,2026-09-24,scripts/jetp/build_reconciliation.py,,
0875.agreement.agreement-zaf-register-uk029,zaf-jet-investment-register-q1-2026-overall-data-171,agreement,agreement-zaf-register-uk029,accepted,register_id,1,1,zaf-jet-investment-register-q1-2026-overall-data-171,2026-09-24,scripts/jetp/build_reconciliation.py,,
0875.agreement.agreement-zaf-register-uk030,zaf-jet-investment-register-q1-2026-overall-data-172,agreement,agreement-zaf-register-uk030,accepted,register_id,1,1,zaf-jet-investment-register-q1-2026-overall-data-172,2026-09-24,scripts/jetp/build_reconciliation.py,,
0875.agreement.agreement-zaf-register-uk031,zaf-jet-investment-register-q1-2026-overall-data-173,agreement,agreement-zaf-register-uk031,accepted,register_id,1,1,zaf-jet-investment-register-q1-2026-overall-data-173,2026-09-24,scripts/jetp/build_reconciliation.py,,
0875.agreement.agreement-zaf-register-uk033,zaf-jet-investment-register-q1-2026-overall-data-174,agreement,agreement-zaf-register-uk033,accepted,register_id,1,1,zaf-jet-investment-register-q1-2026-overall-data-174,2026-09-24,scripts/jetp/build_reconciliation.py,,
0875.agreement.agreement-zaf-register-uk034,zaf-jet-investment-register-q1-2026-overall-data-175,agreement,agreement-zaf-register-uk034,accepted,register_id,1,1,zaf-jet-investment-register-q1-2026-overall-data-175,2026-09-24,scripts/jetp/build_reconciliation.py,,
0875.agreement.agreement-zaf-register-uk035,zaf-jet-investment-register-q1-2026-overall-data-176,agreement,agreement-zaf-register-uk035,accepted,register_id,1,1,zaf-jet-investment-register-q1-2026-overall-data-176,2026-09-24,scripts/jetp/build_reconciliation.py,,
0875.agreement.agreement-zaf-register-uk037,zaf-jet-investment-register-q1-2026-overall-data-177,agreement,agreement-zaf-register-uk037,accepted,register_id,1,1,zaf-jet-investment-register-q1-2026-overall-data-177,2026-09-24,scripts/jetp/build_reconciliation.py,,
0875.agreement.agreement-zaf-register-uk039,zaf-jet-investment-register-q1-2026-overall-data-178,agreement,agreement-zaf-register-uk039,accepted,register_id,1,1,zaf-jet-investment-register-q1-2026-overall-data-178,2026-09-24,scripts/jetp/build_reconciliation.py,,
0875.agreement.agreement-zaf-register-uk042,zaf-jet-investment-register-q1-2026-overall-data-179,agreement,agreement-zaf-register-uk042,accepted,register_id,1,1,zaf-jet-investment-register-q1-2026-overall-data-179,2026-09-24,scripts/jetp/build_reconciliation.py,,
0875.agreement.agreement-zaf-register-uk043,zaf-jet-investment-register-q1-2026-overall-data-180,agreement,agreement-zaf-register-uk043,accepted,register_id,1,1,zaf-jet-investment-register-q1-2026-overall-data-180,2026-09-24,scripts/jetp/build_reconciliation.py,,
0875.agreement.agreement-zaf-register-uk044,zaf-jet-investment-register-q1-2026-overall-data-181,agreement,agreement-zaf-register-uk044,accepted,register_id,1,1,zaf-jet-investment-register-q1-2026-overall-data-181,2026-09-24,scripts/jetp/build_reconciliation.py,,
0875.agreement.agreement-zaf-register-uk045,zaf-jet-investment-register-q1-2026-overall-data-182,agreement,agreement-zaf-register-uk045,accepted,register_id,1,1,zaf-jet-investment-register-q1-2026-overall-data-182,2026-09-24,scripts/jetp/build_reconciliation.py,,
0875.agreement.agreement-zaf-register-uk046,zaf-jet-investment-register-q1-2026-overall-data-183,agreement,agreement-zaf-register-uk046,accepted,register_id,1,1,zaf-jet-investment-register-q1-2026-overall-data-183,2026-09-24,scripts/jetp/build_reconciliation.py,,
0875.agreement.agreement-zaf-register-uk047,zaf-jet-investment-register-q1-2026-overall-data-184,agreement,agreement-zaf-register-uk047,accepted,register_id,1,1,zaf-jet-investment-register-q1-2026-overall-data-184,2026-09-24,scripts/jetp/build_reconciliation.py,,
0875.agreement.agreement-zaf-register-uk048,zaf-jet-investment-register-q1-2026-overall-data-185,agreement,agreement-zaf-register-uk048,accepted,register_id,1,1,zaf-jet-investment-register-q1-2026-overall-data-185,2026-09-24,scripts/jetp/build_reconciliation.py,,
0875.agreement.agreement-zaf-register-uk049,zaf-jet-investment-register-q1-2026-overall-data-186,agreement,agreement-zaf-register-uk049,accepted,register_id,1,1,zaf-jet-investment-register-q1-2026-overall-data-186,2026-09-24,scripts/jetp/build_reconciliation.py,,
0875.agreement.agreement-zaf-register-uk050,zaf-jet-investment-register-q1-2026-overall-data-187,agreement,agreement-zaf-register-uk050,accepted,register_id,1,1,zaf-jet-investment-register-q1-2026-overall-data-187,2026-09-24,scripts/jetp/build_reconciliation.py,,
0875.agreement.agreement-zaf-register-uk051,zaf-jet-investment-register-q1-2026-overall-data-188,agreement,agreement-zaf-register-uk051,accepted,register_id,1,1,zaf-jet-investment-register-q1-2026-overall-data-188,2026-09-24,scripts/jetp/build_reconciliation.py,,
0875.agreement.agreement-zaf-register-uk052,zaf-jet-investment-register-q1-2026-overall-data-189,agreement,agreement-zaf-register-uk052,accepted,register_id,1,1,zaf-jet-investment-register-q1-2026-overall-data-189,2026-09-24,scripts/jetp/build_reconciliation.py,,
0875.agreement.agreement-zaf-register-uk053,zaf-jet-investment-register-q1-2026-overall-data-190,agreement,agreement-zaf-register-uk053,accepted,register_id,1,1,zaf-jet-investment-register-q1-2026-overall-data-190,2026-09-24,scripts/jetp/build_reconciliation.py,,
0875.agreement.agreement-zaf-register-uk054,zaf-jet-investment-register-q1-2026-overall-data-191,agreement,agreement-zaf-register-uk054,accepted,register_id,1,1,zaf-jet-investment-register-q1-2026-overall-data-191,2026-09-24,scripts/jetp/build_reconciliation.py,,
0875.agreement.agreement-zaf-register-uk055,zaf-jet-investment-register-q1-2026-overall-data-192,agreement,agreement-zaf-register-uk055,accepted,register_id,1,1,zaf-jet-investment-register-q1-2026-overall-data-192,2026-09-24,scripts/jetp/build_reconciliation.py,,
0875.agreement.agreement-zaf-register-uk056,zaf-jet-investment-register-q1-2026-overall-data-193,agreement,agreement-zaf-register-uk056,accepted,register_id,1,1,zaf-jet-investment-register-q1-2026-overall-data-193,2026-09-24,scripts/jetp/build_reconciliation.py,,
0875.agreement.agreement-zaf-register-uk057,zaf-jet-investment-register-q1-2026-overall-data-194,agreement,agreement-zaf-register-uk057,accepted,register_id,1,1,zaf-jet-investment-register-q1-2026-overall-data-194,2026-09-24,scripts/jetp/build_reconciliation.py,,
0875.agreement.agreement-zaf-register-uk058,zaf-jet-investment-register-q1-2026-overall-data-195,agreement,agreement-zaf-register-uk058,accepted,register_id,1,1,zaf-jet-investment-register-q1-2026-overall-data-195,2026-09-24,scripts/jetp/build_reconciliation.py,,
0875.agreement.agreement-zaf-register-uk059,zaf-jet-investment-register-q1-2026-overall-data-196,agreement,agreement-zaf-register-uk059,accepted,register_id,1,1,zaf-jet-investment-register-q1-2026-overall-data-196,2026-09-24,scripts/jetp/build_reconciliation.py,,
0875.agreement.agreement-zaf-register-uk060,zaf-jet-investment-register-q1-2026-overall-data-197,agreement,agreement-zaf-register-uk060,accepted,register_id,1,1,zaf-jet-investment-register-q1-2026-overall-data-197,2026-09-24,scripts/jetp/build_reconciliation.py,,
0875.agreement.agreement-zaf-register-uk061,zaf-jet-investment-register-q1-2026-overall-data-198,agreement,agreement-zaf-register-uk061,accepted,register_id,1,1,zaf-jet-investment-register-q1-2026-overall-data-198,2026-09-24,scripts/jetp/build_reconciliation.py,,
0875.agreement.agreement-zaf-register-uk062,zaf-jet-investment-register-q1-2026-overall-data-199,agreement,agreement-zaf-register-uk062,accepted,register_id,1,1,zaf-jet-investment-register-q1-2026-overall-data-199,2026-09-24,scripts/jetp/build_reconciliation.py,,
0875.agreement.agreement-zaf-register-uk063,zaf-jet-investment-register-q1-2026-overall-data-200,agreement,agreement-zaf-register-uk063,accepted,register_id,1,1,zaf-jet-investment-register-q1-2026-overall-data-200,2026-09-24,scripts/jetp/build_reconciliation.py,,
0875.agreement.agreement-zaf-register-uk064,zaf-jet-investment-register-q1-2026-overall-data-201,agreement,agreement-zaf-register-uk064,accepted,register_id,1,1,zaf-jet-investment-register-q1-2026-overall-data-201,2026-09-24,scripts/jetp/build_reconciliation.py,,
0875.agreement.agreement-zaf-register-uk065,zaf-jet-investment-register-q1-2026-overall-data-202,agreement,agreement-zaf-register-uk065,accepted,register_id,1,1,zaf-jet-investment-register-q1-2026-overall-data-202,2026-09-24,scripts/jetp/build_reconciliation.py,,
0875.agreement.agreement-zaf-register-uk066,zaf-jet-investment-register-q1-2026-overall-data-203,agreement,agreement-zaf-register-uk066,accepted,register_id,1,1,zaf-jet-investment-register-q1-2026-overall-data-203,2026-09-24,scripts/jetp/build_reconciliation.py,,
0875.agreement.agreement-zaf-register-uk067,zaf-jet-investment-register-q1-2026-overall-data-204,agreement,agreement-zaf-register-uk067,accepted,register_id,1,1,zaf-jet-investment-register-q1-2026-overall-data-204,2026-09-24,scripts/jetp/build_reconciliation.py,,
0875.agreement.agreement-zaf-register-uk068,zaf-jet-investment-register-q1-2026-overall-data-205,agreement,agreement-zaf-register-uk068,accepted,register_id,1,1,zaf-jet-investment-register-q1-2026-overall-data-205,2026-09-24,scripts/jetp/build_reconciliation.py,,
0875.agreement.agreement-zaf-register-uk069,zaf-jet-investment-register-q1-2026-overall-data-206,agreement,agreement-zaf-register-uk069,accepted,register_id,1,1,zaf-jet-investment-register-q1-2026-overall-data-206,2026-09-24,scripts/jetp/build_reconciliation.py,,
0875.agreement.agreement-zaf-register-uk070,zaf-jet-investment-register-q1-2026-overall-data-207,agreement,agreement-zaf-register-uk070,accepted,register_id,1,1,zaf-jet-investment-register-q1-2026-overall-data-207,2026-09-24,scripts/jetp/build_reconciliation.py,,
0875.agreement.agreement-zaf-register-uk071,zaf-jet-investment-register-q1-2026-overall-data-208,agreement,agreement-zaf-register-uk071,accepted,register_id,1,1,zaf-jet-investment-register-q1-2026-overall-data-208,2026-09-24,scripts/jetp/build_reconciliation.py,,
0875.agreement.agreement-zaf-register-uk072,zaf-jet-investment-register-q1-2026-overall-data-209,agreement,agreement-zaf-register-uk072,accepted,register_id,1,1,zaf-jet-investment-register-q1-2026-overall-data-209,2026-09-24,scripts/jetp/build_reconciliation.py,,
0875.agreement.agreement-zaf-register-uk073,zaf-jet-investment-register-q1-2026-overall-data-210,agreement,agreement-zaf-register-uk073,accepted,register_id,1,1,zaf-jet-investment-register-q1-2026-overall-data-210,2026-09-24,scripts/jetp/build_reconciliation.py,,
0875.agreement.agreement-zaf-register-uk074,zaf-jet-investment-register-q1-2026-overall-data-211,agreement,agreement-zaf-register-uk074,accepted,register_id,1,1,zaf-jet-investment-register-q1-2026-overall-data-211,2026-09-24,scripts/jetp/build_reconciliation.py,,
0875.agreement.agreement-zaf-register-uk075,zaf-jet-investment-register-q1-2026-overall-data-212,agreement,agreement-zaf-register-uk075,accepted,register_id,1,1,zaf-jet-investment-register-q1-2026-overall-data-212,2026-09-24,scripts/jetp/build_reconciliation.py,,
0875.agreement.agreement-zaf-register-uk076,zaf-jet-investment-register-q1-2026-overall-data-213,agreement,agreement-zaf-register-uk076,accepted,register_id,1,1,zaf-jet-investment-register-q1-2026-overall-data-213,2026-09-24,scripts/jetp/build_reconciliation.py,,
0875.agreement.agreement-zaf-register-uk077,zaf-jet-investment-register-q1-2026-overall-data-214,agreement,agreement-zaf-register-uk077,accepted,register_id,1,1,zaf-jet-investment-register-q1-2026-overall-data-214,2026-09-24,scripts/jetp/build_reconciliation.py,,
0875.agreement.agreement-zaf-register-us001,zaf-jet-investment-register-q1-2026-overall-data-215,agreement,agreement-zaf-register-us001,accepted,register_id,1,1,zaf-jet-investment-register-q1-2026-overall-data-215,2026-09-24,scripts/jetp/build_reconciliation.py,,
0875.agreement.agreement-zaf-register-us002,zaf-jet-investment-register-q1-2026-overall-data-216,agreement,agreement-zaf-register-us002,accepted,register_id,1,1,zaf-jet-investment-register-q1-2026-overall-data-216,2026-09-24,scripts/jetp/build_reconciliation.py,,
0875.agreement.agreement-zaf-register-us003,zaf-jet-investment-register-q1-2026-overall-data-217,agreement,agreement-zaf-register-us003,accepted,register_id,1,1,zaf-jet-investment-register-q1-2026-overall-data-217,2026-09-24,scripts/jetp/build_reconciliation.py,,
0875.agreement.agreement-zaf-register-us004,zaf-jet-investment-register-q1-2026-overall-data-218,agreement,agreement-zaf-register-us004,accepted,register_id,1,1,zaf-jet-investment-register-q1-2026-overall-data-218,2026-09-24,scripts/jetp/build_reconciliation.py,,
0875.agreement.agreement-zaf-register-us006,zaf-jet-investment-register-q1-2026-overall-data-219,agreement,agreement-zaf-register-us006,accepted,register_id,1,1,zaf-jet-investment-register-q1-2026-overall-data-219,2026-09-24,scripts/jetp/build_reconciliation.py,,
0875.agreement.agreement-zaf-register-us007,zaf-jet-investment-register-q1-2026-overall-data-220,agreement,agreement-zaf-register-us007,accepted,register_id,1,1,zaf-jet-investment-register-q1-2026-overall-data-220,2026-09-24,scripts/jetp/build_reconciliation.py,,
0875.agreement.agreement-zaf-register-us008,zaf-jet-investment-register-q1-2026-overall-data-221,agreement,agreement-zaf-register-us008,accepted,register_id,1,1,zaf-jet-investment-register-q1-2026-overall-data-221,2026-09-24,scripts/jetp/build_reconciliation.py,,
0875.agreement.agreement-zaf-register-us009,zaf-jet-investment-register-q1-2026-overall-data-222,agreement,agreement-zaf-register-us009,accepted,register_id,1,1,zaf-jet-investment-register-q1-2026-overall-data-222,2026-09-24,scripts/jetp/build_reconciliation.py,,
0875.agreement.agreement-zaf-register-us010,zaf-jet-investment-register-q1-2026-overall-data-223,agreement,agreement-zaf-register-us010,accepted,register_id,1,1,zaf-jet-investment-register-q1-2026-overall-data-223,2026-09-24,scripts/jetp/build_reconciliation.py,,
0875.agreement.agreement-zaf-register-us011,zaf-jet-investment-register-q1-2026-overall-data-224,agreement,agreement-zaf-register-us011,accepted,register_id,1,1,zaf-jet-investment-register-q1-2026-overall-data-224,2026-09-24,scripts/jetp/build_reconciliation.py,,
0875.agreement.agreement-zaf-register-us012,zaf-jet-investment-register-q1-2026-overall-data-225,agreement,agreement-zaf-register-us012,accepted,register_id,1,1,zaf-jet-investment-register-q1-2026-overall-data-225,2026-09-24,scripts/jetp/build_reconciliation.py,,
0875.agreement.agreement-zaf-register-us013,zaf-jet-investment-register-q1-2026-overall-data-226,agreement,agreement-zaf-register-us013,accepted,register_id,1,1,zaf-jet-investment-register-q1-2026-overall-data-226,2026-09-24,scripts/jetp/build_reconciliation.py,,
0875.agreement.agreement-zaf-register-us014,zaf-jet-investment-register-q1-2026-overall-data-227,agreement,agreement-zaf-register-us014,accepted,register_id,1,1,zaf-jet-investment-register-q1-2026-overall-data-227,2026-09-24,scripts/jetp/build_reconciliation.py,,
0875.agreement.agreement-zaf-register-us015,zaf-jet-investment-register-q1-2026-overall-data-228,agreement,agreement-zaf-register-us015,accepted,register_id,1,1,zaf-jet-investment-register-q1-2026-overall-data-228,2026-09-24,scripts/jetp/build_reconciliation.py,,
0875.agreement.agreement-zaf-register-us017,zaf-jet-investment-register-q1-2026-overall-data-229,agreement,agreement-zaf-register-us017,accepted,register_id,1,1,zaf-jet-investment-register-q1-2026-overall-data-229,2026-09-24,scripts/jetp/build_reconciliation.py,,
0875.agreement.agreement-zaf-register-us018,zaf-jet-investment-register-q1-2026-overall-data-230,agreement,agreement-zaf-register-us018,accepted,register_id,1,1,zaf-jet-investment-register-q1-2026-overall-data-230,2026-09-24,scripts/jetp/build_reconciliation.py,,
0875.agreement.agreement-zaf-register-us019,zaf-jet-investment-register-q1-2026-overall-data-231,agreement,agreement-zaf-register-us019,accepted,register_id,1,1,zaf-jet-investment-register-q1-2026-overall-data-231,2026-09-24,scripts/jetp/build_reconciliation.py,,
0875.agreement.agreement-zaf-register-us020,zaf-jet-investment-register-q1-2026-overall-data-232,agreement,agreement-zaf-register-us020,accepted,register_id,1,1,zaf-jet-investment-register-q1-2026-overall-data-232,2026-09-24,scripts/jetp/build_reconciliation.py,,
0875.agreement.agreement-zaf-register-us021,zaf-jet-investment-register-q1-2026-overall-data-233,agreement,agreement-zaf-register-us021,accepted,register_id,1,1,zaf-jet-investment-register-q1-2026-overall-data-233,2026-09-24,scripts/jetp/build_reconciliation.py,,
0875.agreement.agreement-zaf-register-us022,zaf-jet-investment-register-q1-2026-overall-data-234,agreement,agreement-zaf-register-us022,accepted,register_id,1,1,zaf-jet-investment-register-q1-2026-overall-data-234,2026-09-24,scripts/jetp/build_reconciliation.py,,
0875.agreement.agreement-zaf-register-us023,zaf-jet-investment-register-q1-2026-overall-data-235,agreement,agreement-zaf-register-us023,accepted,register_id,1,1,zaf-jet-investment-register-q1-2026-overall-data-235,2026-09-24,scripts/jetp/build_reconciliation.py,,
0875.agreement.agreement-zaf-register-us024,zaf-jet-investment-register-q1-2026-overall-data-236,agreement,agreement-zaf-register-us024,accepted,register_id,1,1,zaf-jet-investment-register-q1-2026-overall-data-236,2026-09-24,scripts/jetp/build_reconciliation.py,,
0875.agreement.agreement-zaf-register-us026,zaf-jet-investment-register-q1-2026-overall-data-237,agreement,agreement-zaf-register-us026,accepted,register_id,1,1,zaf-jet-investment-register-q1-2026-overall-data-237,2026-09-24,scripts/jetp/build_reconciliation.py,,
0875.agreement.agreement-zaf-register-us027,zaf-jet-investment-register-q1-2026-overall-data-238,agreement,agreement-zaf-register-us027,accepted,register_id,1,1,zaf-jet-investment-register-q1-2026-overall-data-238,2026-09-24,scripts/jetp/build_reconciliation.py,,
0875.agreement.agreement-zaf-register-us028,zaf-jet-investment-register-q1-2026-overall-data-239,agreement,agreement-zaf-register-us028,accepted,register_id,1,1,zaf-jet-investment-register-q1-2026-overall-data-239,2026-09-24,scripts/jetp/build_reconciliation.py,,
0875.agreement.agreement-zaf-register-us029,zaf-jet-investment-register-q1-2026-overall-data-240,agreement,agreement-zaf-register-us029,accepted,register_id,1,1,zaf-jet-investment-register-q1-2026-overall-data-240,2026-09-24,scripts/jetp/build_reconciliation.py,,
0875.agreement.agreement-zaf-register-us030,zaf-jet-investment-register-q1-2026-overall-data-241,agreement,agreement-zaf-register-us030,accepted,register_id,1,1,zaf-jet-investment-register-q1-2026-overall-data-241,2026-09-24,scripts/jetp/build_reconciliation.py,,
0875.agreement.agreement-zaf-register-us031,zaf-jet-investment-register-q1-2026-overall-data-242,agreement,agreement-zaf-register-us031,accepted,register_id,1,1,zaf-jet-investment-register-q1-2026-overall-data-242,2026-09-24,scripts/jetp/build_reconciliation.py,,
0875.agreement.agreement-zaf-register-us032,zaf-jet-investment-register-q1-2026-overall-data-243,agreement,agreement-zaf-register-us032,accepted,register_id,1,1,zaf-jet-investment-register-q1-2026-overall-data-243,2026-09-24,scripts/jetp/build_reconciliation.py,,
0875.agreement.agreement-zaf-register-us033,zaf-jet-investment-register-q1-2026-overall-data-244,agreement,agreement-zaf-register-us033,accepted,register_id,1,1,zaf-jet-investment-register-q1-2026-overall-data-244,2026-09-24,scripts/jetp/build_reconciliation.py,,
0875.agreement.agreement-zaf-register-us034,zaf-jet-investment-register-q1-2026-overall-data-245,agreement,agreement-zaf-register-us034,accepted,register_id,1,1,zaf-jet-investment-register-q1-2026-overall-data-245,2026-09-24,scripts/jetp/build_reconciliation.py,,
0875.agreement.agreement-zaf-register-us035,zaf-jet-investment-register-q1-2026-overall-data-246,agreement,agreement-zaf-register-us035,accepted,register_id,1,1,zaf-jet-investment-register-q1-2026-overall-data-246,2026-09-24,scripts/jetp/build_reconciliation.py,,
0875.agreement.agreement-zaf-register-us037,zaf-jet-investment-register-q1-2026-overall-data-247,agreement,agreement-zaf-register-us037,accepted,register_id,1,1,zaf-jet-investment-register-q1-2026-overall-data-247,2026-09-24,scripts/jetp/build_reconciliation.py,,
0875.agreement.agreement-zaf-register-us038,zaf-jet-investment-register-q1-2026-overall-data-248,agreement,agreement-zaf-register-us038,accepted,register_id,1,1,zaf-jet-investment-register-q1-2026-overall-data-248,2026-09-24,scripts/jetp/build_reconciliation.py,,
0875.agreement.agreement-zaf-register-us039,zaf-jet-investment-register-q1-2026-overall-data-249,agreement,agreement-zaf-register-us039,accepted,register_id,1,1,zaf-jet-investment-register-q1-2026-overall-data-249,2026-09-24,scripts/jetp/build_reconciliation.py,,
0875.agreement.agreement-zaf-register-afdb001,zaf-jet-investment-register-q1-2026-overall-data-250,agreement,agreement-zaf-register-afdb001,accepted,register_id,1,1,zaf-jet-investment-register-q1-2026-overall-data-250,2026-09-24,scripts/jetp/build_reconciliation.py,,
0875.agreement.agreement-zaf-register-afdb002,zaf-jet-investment-register-q1-2026-overall-data-251,agreement,agreement-zaf-register-afdb002,accepted,register_id,1,1,zaf-jet-investment-register-q1-2026-overall-data-251,2026-09-24,scripts/jetp/build_reconciliation.py,,
0875.agreement.agreement-zaf-register-afdb003,zaf-jet-investment-register-q1-2026-overall-data-252,agreement,agreement-zaf-register-afdb003,accepted,register_id,1,1,zaf-jet-investment-register-q1-2026-overall-data-252,2026-09-24,scripts/jetp/build_reconciliation.py,,
0875.agreement.agreement-zaf-register-afdb004,zaf-jet-investment-register-q1-2026-overall-data-253,agreement,agreement-zaf-register-afdb004,accepted,register_id,1,1,zaf-jet-investment-register-q1-2026-overall-data-253,2026-09-24,scripts/jetp/build_reconciliation.py,,
0875.agreement.agreement-zaf-register-sp001,zaf-jet-investment-register-q1-2026-overall-data-254,agreement,agreement-zaf-register-sp001,accepted,register_id,1,1,zaf-jet-investment-register-q1-2026-overall-data-254,2026-09-24,scripts/jetp/build_reconciliation.py,,
0875.agreement.agreement-zaf-register-idc001,zaf-jet-investment-register-q1-2026-overall-data-255,agreement,agreement-zaf-register-idc001,accepted,register_id,1,1,zaf-jet-investment-register-q1-2026-overall-data-255,2026-09-24,scripts/jetp/build_reconciliation.py,,
0875.agreement.agreement-zaf-register-idc002,zaf-jet-investment-register-q1-2026-overall-data-256,agreement,agreement-zaf-register-idc002,accepted,register_id,1,1,zaf-jet-investment-register-q1-2026-overall-data-256,2026-09-24,scripts/jetp/build_reconciliation.py,,
0875.agreement.agreement-zaf-register-idc003,zaf-jet-investment-register-q1-2026-overall-data-257,agreement,agreement-zaf-register-idc003,accepted,register_id,1,1,zaf-jet-investment-register-q1-2026-overall-data-257,2026-09-24,scripts/jetp/build_reconciliation.py,,
0875.agreement.agreement-idn-fin-isle-1,idn-world-bank-isle1-technical-assessment-2022-claim-66,agreement,agreement-idn-fin-isle-1,accepted,confirmed_document_link,1,1,idn-world-bank-isle1-technical-assessment-2022-claim-66,2026-09-24,scripts/jetp/build_reconciliation.py,,
0875.agreement.agreement-idn-fin-xurya-rooftop,idn-jetp-xurya-equity-2024-claim-75,agreement,agreement-idn-fin-xurya-rooftop,accepted,confirmed_document_link,1,1,idn-jetp-xurya-equity-2024-claim-75,2026-09-24,scripts/jetp/build_reconciliation.py,,
0875.agreement.agreement-idn-fin-pbl-aset,idn-adb-aset-news-2024-claim-69,agreement,agreement-idn-fin-pbl-aset,accepted,confirmed_document_link,1,1,idn-adb-aset-news-2024-claim-69,2026-09-24,scripts/jetp/build_reconciliation.py,,
0875.agreement.agreement-idn-fin-rbl-aicet,idn-adb-aicet-news-2025-claim-70,agreement,agreement-idn-fin-rbl-aicet,accepted,confirmed_document_link,1,1,idn-adb-aicet-news-2025-claim-70,2026-09-24,scripts/jetp/build_reconciliation.py,,
0875.agreement.agreement-idn-fin-saguling-floating-solar,idn-cipp-2023-cpr-mirror-solar-9,agreement,agreement-idn-fin-saguling-floating-solar,accepted,reviewed_plan_match,1,1,idn-cipp-2023-cpr-mirror-solar-9,2026-09-24,scripts/jetp/build_reconciliation.py,,
0875.agreement.agreement-idn-fin-mrt-north-south,idn-jica-mrt-north-south-2023-claim-68,agreement,agreement-idn-fin-mrt-north-south,accepted,confirmed_document_link,1,1,idn-jica-mrt-north-south-2023-claim-68,2026-09-24,scripts/jetp/build_reconciliation.py,,
0875.agreement.agreement-idn-fin-mrt-east-west,idn-jetp-progress-report-2025-energy-efficiency-1,agreement,agreement-idn-fin-mrt-east-west,accepted,reviewed_plan_match,1,1,idn-jetp-progress-report-2025-energy-efficiency-1,2026-09-24,scripts/jetp/build_reconciliation.py,,
0875.agreement.agreement-idn-grant-wolcot,idn-portfolio-wolcot-portfolio-1,agreement,agreement-idn-grant-wolcot,accepted,legacy_project_id,1,1,idn-portfolio-wolcot-portfolio-1,2026-09-24,scripts/jetp/build_reconciliation.py,,
0875.agreement.agreement-idn-grant-esmap-canada,idn-portfolio-esmap-canada-portfolio-2,agreement,agreement-idn-grant-esmap-canada,accepted,legacy_project_id,1,1,idn-portfolio-esmap-canada-portfolio-2,2026-09-24,scripts/jetp/build_reconciliation.py,,
0875.agreement.agreement-idn-grant-cefim,idn-portfolio-cefim-portfolio-5,agreement,agreement-idn-grant-cefim,accepted,legacy_project_id,1,1,idn-portfolio-cefim-portfolio-5,2026-09-24,scripts/jetp/build_reconciliation.py,,
0875.agreement.agreement-idn-grant-cetp,idn-portfolio-cetp-portfolio-6,agreement,agreement-idn-grant-cetp,accepted,legacy_project_id,1,1,idn-portfolio-cetp-portfolio-6,2026-09-24,scripts/jetp/build_reconciliation.py,,
0875.agreement.agreement-idn-grant-enerkey,idn-portfolio-enerkey-portfolio-7,agreement,agreement-idn-grant-enerkey,accepted,legacy_project_id,1,1,idn-portfolio-enerkey-portfolio-7,2026-09-24,scripts/jetp/build_reconciliation.py,,
0875.agreement.agreement-idn-grant-eu-indonesia-cooperation-facility,idn-portfolio-euicf-portfolio-8,agreement,agreement-idn-grant-eu-indonesia-cooperation-facility,accepted,legacy_project_id,1,1,idn-portfolio-euicf-portfolio-8,2026-09-24,scripts/jetp/build_reconciliation.py,,
0875.agreement.agreement-idn-grant-s4i,idn-portfolio-s4i-portfolio-9,agreement,agreement-idn-grant-s4i,accepted,legacy_project_id,1,1,idn-portfolio-s4i-portfolio-9,2026-09-24,scripts/jetp/build_reconciliation.py,,
0875.agreement.agreement-idn-grant-sdg-indonesia-one,idn-portfolio-sdg-one-portfolio-10,agreement,agreement-idn-grant-sdg-indonesia-one,accepted,legacy_project_id,1,1,idn-portfolio-sdg-one-portfolio-10,2026-09-24,scripts/jetp/build_reconciliation.py,,
0875.agreement.agreement-idn-grant-ipdf,idn-portfolio-ipdf-portfolio-13,agreement,agreement-idn-grant-ipdf,accepted,legacy_project_id,1,1,idn-portfolio-ipdf-portfolio-13,2026-09-24,scripts/jetp/build_reconciliation.py,,
0875.agreement.agreement-idn-grant-efsd-energy-preparation,idn-portfolio-efsd-portfolio-14,agreement,agreement-idn-grant-efsd-energy-preparation,accepted,legacy_project_id,1,1,idn-portfolio-efsd-portfolio-14,2026-09-24,scripts/jetp/build_reconciliation.py,,
0875.agreement.agreement-idn-grant-etmptf,idn-portfolio-etmptf-portfolio-15,agreement,agreement-idn-grant-etmptf,accepted,legacy_project_id,1,1,idn-portfolio-etmptf-portfolio-15,2026-09-24,scripts/jetp/build_reconciliation.py,,
0875.agreement.agreement-idn-grant-seti,idn-portfolio-seti-portfolio-16,agreement,agreement-idn-grant-seti,accepted,legacy_project_id,1,1,idn-portfolio-seti-portfolio-16,2026-09-24,scripts/jetp/build_reconciliation.py,,
0875.agreement.agreement-idn-grant-etap,idn-portfolio-etap-portfolio-17,agreement,agreement-idn-grant-etap,accepted,legacy_project_id,1,1,idn-portfolio-etap-portfolio-17,2026-09-24,scripts/jetp/build_reconciliation.py,,
0875.agreement.agreement-idn-grant-iki-jet,idn-portfolio-iki-jet-portfolio-18,agreement,agreement-idn-grant-iki-jet,accepted,legacy_project_id,1,1,idn-portfolio-iki-jet-portfolio-18,2026-09-24,scripts/jetp/build_reconciliation.py,,
0875.agreement.agreement-idn-grant-asia-low-carbon-buildings,idn-portfolio-low-carbon-buildings-portfolio-19,agreement,agreement-idn-grant-asia-low-carbon-buildings,accepted,legacy_project_id,1,1,idn-portfolio-low-carbon-buildings-portfolio-19,2026-09-24,scripts/jetp/build_reconciliation.py,,
0875.agreement.agreement-idn-grant-gesit,idn-portfolio-gesit-portfolio-20,agreement,agreement-idn-grant-gesit,accepted,legacy_project_id,1,1,idn-portfolio-gesit-portfolio-20,2026-09-24,scripts/jetp/build_reconciliation.py,,
0875.agreement.agreement-idn-grant-reep2,idn-portfolio-reep2-portfolio-21,agreement,agreement-idn-grant-reep2,accepted,legacy_project_id,1,1,idn-portfolio-reep2-portfolio-21,2026-09-24,scripts/jetp/build_reconciliation.py,,
0875.agreement.agreement-idn-grant-case,idn-portfolio-case-portfolio-22,agreement,agreement-idn-grant-case,accepted,legacy_project_id,1,1,idn-portfolio-case-portfolio-22,2026-09-24,scripts/jetp/build_reconciliation.py,,
0875.agreement.agreement-idn-grant-entri,idn-portfolio-entri-portfolio-23,agreement,agreement-idn-grant-entri,accepted,legacy_project_id,1,1,idn-portfolio-entri-portfolio-23,2026-09-24,scripts/jetp/build_reconciliation.py,,
0875.agreement.agreement-idn-grant-explore,idn-portfolio-explore-portfolio-24,agreement,agreement-idn-grant-explore,accepted,legacy_project_id,1,1,idn-portfolio-explore-portfolio-24,2026-09-24,scripts/jetp/build_reconciliation.py,,
0875.agreement.agreement-idn-grant-candi-umbul-telomoyo,idn-portfolio-candi-umbul-portfolio-25,agreement,agreement-idn-grant-candi-umbul-telomoyo,accepted,legacy_project_id,1,1,idn-portfolio-candi-umbul-portfolio-25,2026-09-24,scripts/jetp/build_reconciliation.py,,
0875.agreement.agreement-idn-grant-sustainable-hydropower-2,idn-portfolio-sustainable-hydropower-portfolio-26,agreement,agreement-idn-grant-sustainable-hydropower-2,accepted,legacy_project_id,1,1,idn-portfolio-sustainable-hydropower-portfolio-26,2026-09-24,scripts/jetp/build_reconciliation.py,,
0875.agreement.agreement-idn-grant-jetp-esia-study,idn-portfolio-jetp-esia-portfolio-27,agreement,agreement-idn-grant-jetp-esia-study,accepted,legacy_project_id,1,1,idn-portfolio-jetp-esia-portfolio-27,2026-09-24,scripts/jetp/build_reconciliation.py,,
0875.agreement.agreement-idn-grant-perform,idn-portfolio-perform-portfolio-28,agreement,agreement-idn-grant-perform,accepted,legacy_project_id,1,1,idn-portfolio-perform-portfolio-28,2026-09-24,scripts/jetp/build_reconciliation.py,,
0875.agreement.agreement-idn-grant-jetp-financing-facilitation,idn-portfolio-jetp-financing-portfolio-29,agreement,agreement-idn-grant-jetp-financing-facilitation,accepted,legacy_project_id,1,1,idn-portfolio-jetp-financing-portfolio-29,2026-09-24,scripts/jetp/build_reconciliation.py,,
0875.agreement.agreement-idn-grant-re2grid,idn-portfolio-re2grid-portfolio-30,agreement,agreement-idn-grant-re2grid,accepted,legacy_project_id,1,1,idn-portfolio-re2grid-portfolio-30,2026-09-24,scripts/jetp/build_reconciliation.py,,
0875.agreement.agreement-idn-grant-re2cool,idn-portfolio-re2cool-portfolio-31,agreement,agreement-idn-grant-re2cool,accepted,legacy_project_id,1,1,idn-portfolio-re2cool-portfolio-31,2026-09-24,scripts/jetp/build_reconciliation.py,,
0875.agreement.agreement-idn-grant-carbon-monetization,idn-portfolio-carbon-monetization-portfolio-32,agreement,agreement-idn-grant-carbon-monetization,accepted,legacy_project_id,1,1,idn-portfolio-carbon-monetization-portfolio-32,2026-09-24,scripts/jetp/build_reconciliation.py,,
0875.agreement.agreement-idn-grant-energy-hub,idn-portfolio-energy-hub-portfolio-33,agreement,agreement-idn-grant-energy-hub,accepted,legacy_project_id,1,1,idn-portfolio-energy-hub-portfolio-33,2026-09-24,scripts/jetp/build_reconciliation.py,,
0875.agreement.agreement-idn-grant-iki-flex-jetp,idn-portfolio-iki-flex-portfolio-34,agreement,agreement-idn-grant-iki-flex-jetp,accepted,legacy_project_id,1,1,idn-portfolio-iki-flex-portfolio-34,2026-09-24,scripts/jetp/build_reconciliation.py,,
0875.agreement.agreement-idn-grant-jetp-secretariat-capacity,idn-portfolio-secretariat-capacity-portfolio-35,agreement,agreement-idn-grant-jetp-secretariat-capacity,accepted,legacy_project_id,1,1,idn-portfolio-secretariat-capacity-portfolio-35,2026-09-24,scripts/jetp/build_reconciliation.py,,
0875.agreement.agreement-idn-grant-patuha-2,idn-portfolio-patuha2-portfolio-36,agreement,agreement-idn-grant-patuha-2,accepted,legacy_project_id,1,1,idn-portfolio-patuha2-portfolio-36,2026-09-24,scripts/jetp/build_reconciliation.py,,
0875.agreement.agreement-idn-grant-mentari-policy,idn-portfolio-mentari-policy-portfolio-37,agreement,agreement-idn-grant-mentari-policy,accepted,legacy_project_id,1,1,idn-portfolio-mentari-policy-portfolio-37,2026-09-24,scripts/jetp/build_reconciliation.py,,
0875.agreement.agreement-idn-grant-green-energy-transition-indonesia,idn-portfolio-green-energy-transition-portfolio-38,agreement,agreement-idn-grant-green-energy-transition-indonesia,accepted,legacy_project_id,1,1,idn-portfolio-green-energy-transition-portfolio-38,2026-09-24,scripts/jetp/build_reconciliation.py,,
0875.agreement.agreement-idn-grant-uk-pact,idn-portfolio-uk-pact-portfolio-39,agreement,agreement-idn-grant-uk-pact,accepted,legacy_project_id,1,1,idn-portfolio-uk-pact-portfolio-39,2026-09-24,scripts/jetp/build_reconciliation.py,,
0875.agreement.agreement-idn-grant-jt-framework-phase-2,idn-portfolio-jt-framework-portfolio-40,agreement,agreement-idn-grant-jt-framework-phase-2,accepted,legacy_project_id,1,1,idn-portfolio-jt-framework-portfolio-40,2026-09-24,scripts/jetp/build_reconciliation.py,,
0875.agreement.agreement-idn-grant-mentari-vgf,idn-portfolio-mentari-vgf-portfolio-41,agreement,agreement-idn-grant-mentari-vgf,accepted,legacy_project_id,1,1,idn-portfolio-mentari-vgf-portfolio-41,2026-09-24,scripts/jetp/build_reconciliation.py,,
0875.agreement.agreement-idn-grant-growth-gateway,idn-portfolio-growth-gateway-portfolio-42,agreement,agreement-idn-grant-growth-gateway,accepted,legacy_project_id,1,1,idn-portfolio-growth-gateway-portfolio-42,2026-09-24,scripts/jetp/build_reconciliation.py,,
0875.agreement.agreement-idn-grant-esmap-uk,idn-portfolio-esmap-uk-portfolio-43,agreement,agreement-idn-grant-esmap-uk,accepted,legacy_project_id,1,1,idn-portfolio-esmap-uk-portfolio-43,2026-09-24,scripts/jetp/build_reconciliation.py,,
0875.agreement.agreement-idn-grant-pt-smi-early-retirement,idn-portfolio-pt-smi-retirement-portfolio-44,agreement,agreement-idn-grant-pt-smi-early-retirement,accepted,legacy_project_id,1,1,idn-portfolio-pt-smi-retirement-portfolio-44,2026-09-24,scripts/jetp/build_reconciliation.py,,
0875.agreement.agreement-idn-grant-cfpp-site-repurposing,idn-portfolio-cfpp-repurposing-portfolio-45,agreement,agreement-idn-grant-cfpp-site-repurposing,accepted,legacy_project_id,1,1,idn-portfolio-cfpp-repurposing-portfolio-45,2026-09-24,scripts/jetp/build_reconciliation.py,,
0875.agreement.agreement-idn-grant-just-transition-coal-regions,idn-portfolio-jt-coal-regions-portfolio-46,agreement,agreement-idn-grant-just-transition-coal-regions,accepted,legacy_project_id,1,1,idn-portfolio-jt-coal-regions-portfolio-46,2026-09-24,scripts/jetp/build_reconciliation.py,,
0875.asset.asset-idn-pipe-cirebon-1-retirement,idn-cipp-2023-cpr-mirror-coal-retirement-2,asset,asset-idn-pipe-cirebon-1-retirement,accepted,reviewed_plan_match,1,1,idn-cipp-2023-cpr-mirror-coal-retirement-2,2026-09-24,scripts/jetp/build_reconciliation.py,,
0875.project.project-idn-pipe-hululais-1-2,idn-cipp-2023-cpr-mirror-geothermal-17,project,project-idn-pipe-hululais-1-2,accepted,reviewed_plan_match,1,1,idn-cipp-2023-cpr-mirror-geothermal-17,2026-09-24,scripts/jetp/build_reconciliation.py,,
0875.project.project-idn-pipe-dediesel-west-phase1,idn-ibvogt-diesel-west-2023-claim-100,project,project-idn-pipe-dediesel-west-phase1,accepted,confirmed_document_link,1,1,idn-ibvogt-diesel-west-2023-claim-100,2026-09-24,scripts/jetp/build_reconciliation.py,,
0875.project.project-idn-pipe-tanah-laut-wind,idn-cipp-2023-cpr-mirror-wind-3,project,project-idn-pipe-tanah-laut-wind,accepted,reviewed_plan_match,1,1,idn-cipp-2023-cpr-mirror-wind-3,2026-09-24,scripts/jetp/build_reconciliation.py,,
0875.project.project-idn-pipe-legok-nangka-waste,idn-news-legok-groundbreaking-antara-2026-claim-91,project,project-idn-pipe-legok-nangka-waste,accepted,confirmed_document_link,1,1,idn-news-legok-groundbreaking-antara-2026-claim-91,2026-09-24,scripts/jetp/build_reconciliation.py,,
0875.project.project-idn-pipe-singkarak-floating-solar,idn-project-singkarak-acwa-2022-claim-86,project,project-idn-pipe-singkarak-floating-solar,accepted,confirmed_document_link,1,1,idn-project-singkarak-acwa-2022-claim-86,2026-09-24,scripts/jetp/build_reconciliation.py,,
0875.project.project-idn-pipe-eib-sustainable-infrastructure,idn-eib-ptsmi-mou-2024-claim-96,project,project-idn-pipe-eib-sustainable-infrastructure,accepted,confirmed_document_link,1,1,idn-eib-ptsmi-mou-2024-claim-96,2026-09-24,scripts/jetp/build_reconciliation.py,,
0875.project.project-idn-pipe-sutami-floating-solar,idn-cipp-2023-cpr-mirror-solar-3,project,project-idn-pipe-sutami-floating-solar,accepted,reviewed_plan_match,1,1,idn-cipp-2023-cpr-mirror-solar-3,2026-09-24,scripts/jetp/build_reconciliation.py,,
0875.project.project-idn-pipe-solar-cell-manufacturing,idn-jetp-progress-report-2025-supply-chain-3,project,project-idn-pipe-solar-cell-manufacturing,accepted,reviewed_plan_match,1,1,idn-jetp-progress-report-2025-supply-chain-3,2026-09-24,scripts/jetp/build_reconciliation.py,,
0875.project.project-idn-pipe-rsud-energy-efficiency,idn-jetp-progress-report-2025-energy-efficiency-3,project,project-idn-pipe-rsud-energy-efficiency,accepted,reviewed_plan_match,1,1,idn-jetp-progress-report-2025-energy-efficiency-3,2026-09-24,scripts/jetp/build_reconciliation.py,,
0875.project.project-vnm-project-bac-ai-pumped-hydro,vnm-evn-cdp-bac-ai-2025-discovery-1,project,project-vnm-project-bac-ai-pumped-hydro,accepted,confirmed_document_link,1,1,vnm-evn-cdp-bac-ai-2025-discovery-1,2026-09-24,scripts/jetp/build_reconciliation.py,,
0875.project.project-sen-project-annex-01,sen-investment-plan-annexes-mirror-submitted-project-1,project,project-sen-project-annex-01,accepted,reviewed_plan_match,1,1,sen-investment-plan-annexes-mirror-submitted-project-1,2026-09-24,scripts/jetp/build_reconciliation.py,,
0875.project.project-sen-project-annex-02,sen-investment-plan-annexes-mirror-submitted-project-2,project,project-sen-project-annex-02,accepted,reviewed_plan_match,1,1,sen-investment-plan-annexes-mirror-submitted-project-2,2026-09-24,scripts/jetp/build_reconciliation.py,,
0875.project.project-sen-project-annex-03,sen-investment-plan-annexes-mirror-submitted-project-3,project,project-sen-project-annex-03,accepted,reviewed_plan_match,1,1,sen-investment-plan-annexes-mirror-submitted-project-3,2026-09-24,scripts/jetp/build_reconciliation.py,,
0875.project.project-sen-project-annex-04,sen-investment-plan-annexes-mirror-submitted-project-4,project,project-sen-project-annex-04,accepted,reviewed_plan_match,1,1,sen-investment-plan-annexes-mirror-submitted-project-4,2026-09-24,scripts/jetp/build_reconciliation.py,,
0875.project.project-sen-project-annex-05,sen-investment-plan-annexes-mirror-submitted-project-5,project,project-sen-project-annex-05,accepted,reviewed_plan_match,1,1,sen-investment-plan-annexes-mirror-submitted-project-5,2026-09-24,scripts/jetp/build_reconciliation.py,,
0875.project.project-sen-project-annex-06,sen-investment-plan-annexes-mirror-submitted-project-6,project,project-sen-project-annex-06,accepted,reviewed_plan_match,1,1,sen-investment-plan-annexes-mirror-submitted-project-6,2026-09-24,scripts/jetp/build_reconciliation.py,,
0875.project.project-sen-project-annex-07,sen-investment-plan-annexes-mirror-submitted-project-7,project,project-sen-project-annex-07,accepted,reviewed_plan_match,1,1,sen-investment-plan-annexes-mirror-submitted-project-7,2026-09-24,scripts/jetp/build_reconciliation.py,,
0875.project.project-sen-project-annex-08,sen-investment-plan-annexes-mirror-submitted-project-8,project,project-sen-project-annex-08,accepted,reviewed_plan_match,1,1,sen-investment-plan-annexes-mirror-submitted-project-8,2026-09-24,scripts/jetp/build_reconciliation.py,,
0875.project.project-sen-project-annex-09,sen-investment-plan-annexes-mirror-submitted-project-9,project,project-sen-project-annex-09,accepted,reviewed_plan_match,1,1,sen-investment-plan-annexes-mirror-submitted-project-9,2026-09-24,scripts/jetp/build_reconciliation.py,,
0875.project.project-sen-project-annex-10,sen-investment-plan-annexes-mirror-submitted-project-10,project,project-sen-project-annex-10,accepted,reviewed_plan_match,1,1,sen-investment-plan-annexes-mirror-submitted-project-10,2026-09-24,scripts/jetp/build_reconciliation.py,,
0875.project.project-sen-project-annex-11,sen-investment-plan-annexes-mirror-submitted-project-11,project,project-sen-project-annex-11,accepted,reviewed_plan_match,1,1,sen-investment-plan-annexes-mirror-submitted-project-11,2026-09-24,scripts/jetp/build_reconciliation.py,,
0875.project.project-sen-project-annex-12,sen-investment-plan-annexes-mirror-submitted-project-12,project,project-sen-project-annex-12,accepted,reviewed_plan_match,1,1,sen-investment-plan-annexes-mirror-submitted-project-12,2026-09-24,scripts/jetp/build_reconciliation.py,,
0875.project.project-sen-project-annex-13,sen-investment-plan-annexes-mirror-submitted-project-13,project,project-sen-project-annex-13,accepted,reviewed_plan_match,1,1,sen-investment-plan-annexes-mirror-submitted-project-13,2026-09-24,scripts/jetp/build_reconciliation.py,,
0875.project.project-sen-project-annex-14,sen-investment-plan-annexes-mirror-submitted-project-14,project,project-sen-project-annex-14,accepted,reviewed_plan_match,1,1,sen-investment-plan-annexes-mirror-submitted-project-14,2026-09-24,scripts/jetp/build_reconciliation.py,,
0875.project.project-sen-project-annex-15,sen-investment-plan-annexes-mirror-submitted-project-15,project,project-sen-project-annex-15,accepted,reviewed_plan_match,1,1,sen-investment-plan-annexes-mirror-submitted-project-15,2026-09-24,scripts/jetp/build_reconciliation.py,,
0875.project.project-sen-project-annex-16,sen-investment-plan-annexes-mirror-submitted-project-16,project,project-sen-project-annex-16,accepted,reviewed_plan_match,1,1,sen-investment-plan-annexes-mirror-submitted-project-16,2026-09-24,scripts/jetp/build_reconciliation.py,,
0875.project.project-sen-project-annex-17,sen-investment-plan-annexes-mirror-submitted-project-17,project,project-sen-project-annex-17,accepted,reviewed_plan_match,1,1,sen-investment-plan-annexes-mirror-submitted-project-17,2026-09-24,scripts/jetp/build_reconciliation.py,,
0875.project.project-sen-project-annex-18,sen-investment-plan-annexes-mirror-submitted-project-18,project,project-sen-project-annex-18,accepted,reviewed_plan_match,1,1,sen-investment-plan-annexes-mirror-submitted-project-18,2026-09-24,scripts/jetp/build_reconciliation.py,,
0875.project.project-sen-project-annex-19,sen-investment-plan-annexes-mirror-submitted-project-19,project,project-sen-project-annex-19,accepted,reviewed_plan_match,1,1,sen-investment-plan-annexes-mirror-submitted-project-19,2026-09-24,scripts/jetp/build_reconciliation.py,,
0875.project.project-sen-project-annex-20,sen-investment-plan-annexes-mirror-submitted-project-20,project,project-sen-project-annex-20,accepted,reviewed_plan_match,1,1,sen-investment-plan-annexes-mirror-submitted-project-20,2026-09-24,scripts/jetp/build_reconciliation.py,,
0875.project.project-sen-project-annex-21,sen-investment-plan-annexes-mirror-submitted-project-21,project,project-sen-project-annex-21,accepted,reviewed_plan_match,1,1,sen-investment-plan-annexes-mirror-submitted-project-21,2026-09-24,scripts/jetp/build_reconciliation.py,,
0875.project.project-sen-project-annex-22,sen-investment-plan-annexes-mirror-submitted-project-22,project,project-sen-project-annex-22,accepted,reviewed_plan_match,1,1,sen-investment-plan-annexes-mirror-submitted-project-22,2026-09-24,scripts/jetp/build_reconciliation.py,,
0875.project.project-sen-project-annex-23,sen-investment-plan-annexes-mirror-submitted-project-23,project,project-sen-project-annex-23,accepted,reviewed_plan_match,1,1,sen-investment-plan-annexes-mirror-submitted-project-23,2026-09-24,scripts/jetp/build_reconciliation.py,,
0875.project.project-sen-project-annex-24,sen-investment-plan-annexes-mirror-submitted-project-24,project,project-sen-project-annex-24,accepted,reviewed_plan_match,1,1,sen-investment-plan-annexes-mirror-submitted-project-24,2026-09-24,scripts/jetp/build_reconciliation.py,,
0875.project.project-sen-project-annex-25,sen-investment-plan-annexes-mirror-submitted-project-25,project,project-sen-project-annex-25,accepted,reviewed_plan_match,1,1,sen-investment-plan-annexes-mirror-submitted-project-25,2026-09-24,scripts/jetp/build_reconciliation.py,,
0875.project.project-sen-project-annex-26,sen-investment-plan-annexes-mirror-submitted-project-26,project,project-sen-project-annex-26,accepted,reviewed_plan_match,1,1,sen-investment-plan-annexes-mirror-submitted-project-26,2026-09-24,scripts/jetp/build_reconciliation.py,,
0875.project.project-sen-project-annex-27,sen-investment-plan-annexes-mirror-submitted-project-27,project,project-sen-project-annex-27,accepted,reviewed_plan_match,1,1,sen-investment-plan-annexes-mirror-submitted-project-27,2026-09-24,scripts/jetp/build_reconciliation.py,,
0875.project.project-sen-project-annex-28,sen-investment-plan-annexes-mirror-submitted-project-28,project,project-sen-project-annex-28,accepted,reviewed_plan_match,1,1,sen-investment-plan-annexes-mirror-submitted-project-28,2026-09-24,scripts/jetp/build_reconciliation.py,,
0875.project.project-sen-project-annex-29,sen-investment-plan-annexes-mirror-submitted-project-29,project,project-sen-project-annex-29,accepted,reviewed_plan_match,1,1,sen-investment-plan-annexes-mirror-submitted-project-29,2026-09-24,scripts/jetp/build_reconciliation.py,,
0875.project.project-sen-project-annex-30,sen-investment-plan-annexes-mirror-submitted-project-30,project,project-sen-project-annex-30,accepted,reviewed_plan_match,1,1,sen-investment-plan-annexes-mirror-submitted-project-30,2026-09-24,scripts/jetp/build_reconciliation.py,,
0875.project.project-sen-project-annex-31,sen-investment-plan-annexes-mirror-submitted-project-31,project,project-sen-project-annex-31,accepted,reviewed_plan_match,1,1,sen-investment-plan-annexes-mirror-submitted-project-31,2026-09-24,scripts/jetp/build_reconciliation.py,,
0875.project.project-sen-project-annex-32,sen-investment-plan-annexes-mirror-submitted-project-32,project,project-sen-project-annex-32,accepted,reviewed_plan_match,1,1,sen-investment-plan-annexes-mirror-submitted-project-32,2026-09-24,scripts/jetp/build_reconciliation.py,,
0875.project.project-sen-project-annex-33,sen-investment-plan-annexes-mirror-submitted-project-33,project,project-sen-project-annex-33,accepted,reviewed_plan_match,1,1,sen-investment-plan-annexes-mirror-submitted-project-33,2026-09-24,scripts/jetp/build_reconciliation.py,,
0875.project.project-sen-project-annex-34,sen-investment-plan-annexes-mirror-submitted-project-34,project,project-sen-project-annex-34,accepted,reviewed_plan_match,1,1,sen-investment-plan-annexes-mirror-submitted-project-34,2026-09-24,scripts/jetp/build_reconciliation.py,,
0875.project.project-sen-project-annex-35,sen-investment-plan-annexes-mirror-submitted-project-35,project,project-sen-project-annex-35,accepted,reviewed_plan_match,1,1,sen-investment-plan-annexes-mirror-submitted-project-35,2026-09-24,scripts/jetp/build_reconciliation.py,,
0875.project.project-sen-project-annex-36,sen-investment-plan-annexes-mirror-submitted-project-36,project,project-sen-project-annex-36,accepted,reviewed_plan_match,1,1,sen-investment-plan-annexes-mirror-submitted-project-36,2026-09-24,scripts/jetp/build_reconciliation.py,,
0875.project.project-sen-project-annex-37,sen-investment-plan-annexes-mirror-submitted-project-37,project,project-sen-project-annex-37,accepted,reviewed_plan_match,1,1,sen-investment-plan-annexes-mirror-submitted-project-37,2026-09-24,scripts/jetp/build_reconciliation.py,,
0875.project.project-sen-project-annex-38,sen-investment-plan-annexes-mirror-submitted-project-38,project,project-sen-project-annex-38,accepted,reviewed_plan_match,1,1,sen-investment-plan-annexes-mirror-submitted-project-38,2026-09-24,scripts/jetp/build_reconciliation.py,,
0875.project.project-sen-project-qw-02,sen-investment-plan-l4-mirror-quick-win-2,project,project-sen-project-qw-02,accepted,reviewed_plan_match,1,1,sen-investment-plan-l4-mirror-quick-win-2,2026-09-24,scripts/jetp/build_reconciliation.py,,
0875.project.project-sen-project-qw-03,sen-investment-plan-l4-mirror-quick-win-3,project,project-sen-project-qw-03,accepted,reviewed_plan_match,1,1,sen-investment-plan-l4-mirror-quick-win-3,2026-09-24,scripts/jetp/build_reconciliation.py,,
0875.project.project-sen-project-qw-04,sen-investment-plan-l4-mirror-quick-win-4,project,project-sen-project-qw-04,accepted,reviewed_plan_match,1,1,sen-investment-plan-l4-mirror-quick-win-4,2026-09-24,scripts/jetp/build_reconciliation.py,,
0875.project.project-sen-project-qw-08,sen-investment-plan-l4-mirror-quick-win-8,project,project-sen-project-qw-08,accepted,reviewed_plan_match,1,1,sen-investment-plan-l4-mirror-quick-win-8,2026-09-24,scripts/jetp/build_reconciliation.py,,
0875.project.project-sen-project-qw-10,sen-investment-plan-l4-mirror-quick-win-10,project,project-sen-project-qw-10,accepted,reviewed_plan_match,1,1,sen-investment-plan-l4-mirror-quick-win-10,2026-09-24,scripts/jetp/build_reconciliation.py,,
0875.project.project-page-zaf-project-nomzamo-agri-village,zaf-jet-investment-register-q1-2026-overall-data-52,project,project-page-zaf-project-nomzamo-agri-village,accepted,reviewed_component,1,1,zaf-jet-investment-register-q1-2026-overall-data-52,2026-09-24,scripts/jetp/build_reconciliation.py,,
0875.project.project-page-zaf-project-sagen-germany,zaf-jet-investment-register-q1-2026-overall-data-74,project,project-page-zaf-project-sagen-germany,accepted,reviewed_component,1,1,zaf-jet-investment-register-q1-2026-overall-data-74,2026-09-24,scripts/jetp/build_reconciliation.py,,
0875.project.project-page-zaf-project-h2sa-ptx-hub-germany,zaf-jet-investment-register-q1-2026-overall-data-76,project,project-page-zaf-project-h2sa-ptx-hub-germany,accepted,reviewed_component,1,1,zaf-jet-investment-register-q1-2026-overall-data-76,2026-09-24,scripts/jetp/build_reconciliation.py,,
0875.project.project-page-zaf-project-cpd4e-germany,zaf-jet-investment-register-q1-2026-overall-data-86,project,project-page-zaf-project-cpd4e-germany,accepted,reviewed_component,1,1,zaf-jet-investment-register-q1-2026-overall-data-86,2026-09-24,scripts/jetp/build_reconciliation.py,,
0875.project.project-page-sen-uasz-vev-thesis-2024,sen-investment-plan-annexes-mirror-submitted-project-34,project,project-page-sen-uasz-vev-thesis-2024,accepted,reviewed_component,1,1,sen-investment-plan-annexes-mirror-submitted-project-34,2026-09-24,scripts/jetp/build_reconciliation.py,,
0875.project.project-page-sen-scout-puelec-commissioning-2025,sen-investment-plan-l4-mirror-quick-win-4,project,project-page-sen-scout-puelec-commissioning-2025,accepted,reviewed_component,1,1,sen-investment-plan-l4-mirror-quick-win-4,2026-09-24,scripts/jetp/build_reconciliation.py,,
0875.asset.asset-idn-pelabuhan-ratu,idn-cipp-2023-cpr-mirror-coal-retirement-1,asset,asset-idn-pelabuhan-ratu,accepted,plan_row,1,1,idn-cipp-2023-cpr-mirror-coal-retirement-1,2026-09-24,scripts/jetp/build_reconciliation.py,,
