source_id,country,retrieved_at,status,http_status,content_type,etag,last_modified,sha256,size_bytes,storage_path,final_url,error
zaf-pcc-jet-ip,ZAF,2026-09-11T20:39:00Z,collected,200,text/html; charset=UTF-8,"""fd1296b42b82de0206c472a35ae2b4e4-ssl-df""",,d1fb46a6d723758aeb2b320ed732a90ff37dbbdc75da91cd3a1cdacd2a52c214,3798,objects/d1/d1fb46a6d723758aeb2b320ed732a90ff37dbbdc75da91cd3a1cdacd2a52c214.html,https://www.climatecommission.org.za/south-africas-jet-ip,
zaf-jet-implementation-plan-2023-2027,ZAF,2026-09-11T20:39:00Z,collected,200,application/pdf,"""6719df39-3b8b77""","Thu, 24 Oct 2024 05:46:33 GMT",6247513b96541b64669ba4a1f4722e100d7b89c4d782d1f1371f7bf0a78be469,3902327,objects/62/6247513b96541b64669ba4a1f4722e100d7b89c4d782d1f1371f7bf0a78be469.pdf,https://justenergytransition.co.za/wp-content/uploads/2024/10/JET-Implementation-Plan-2023-2027-1.pdf,
idn-cipp-portal,IDN,2026-09-11T20:39:00Z,blocked,403,text/plain,,,,,,https://jetp-id.org/cipp,HTTP 403
idn-cipp-2023,IDN,2026-09-11T20:39:00Z,blocked,403,text/plain,,,,,,https://jetp-id.org/storage/official-jetp-cipp-2023-vshare_f_en-1700532655.pdf,HTTP 403
vnm-moit-portal,VNM,2026-09-11T20:39:00Z,collected,200,text/html; charset=utf-8,,,8a616bbf1c223cde512cf67a826e370b621aba576a7ca5fdc51ce731e738c39b,33681,objects/8a/8a616bbf1c223cde512cf67a826e370b621aba576a7ca5fdc51ce731e738c39b.html,https://jetp.moit.gov.vn/,
vnm-rmp-2023,VNM,2026-09-11T20:39:00Z,collected,200,application/pdf,,"Fri, 01 Dec 2023 12:06:13 GMT",b145af2e7f4a441dc87d7ec2d99a29e1e6d7b265406d398dd64013dd4560733c,22767156,objects/b1/b145af2e7f4a441dc87d7ec2d99a29e1e6d7b265406d398dd64013dd4560733c.pdf,https://climate.ec.europa.eu/system/files/2023-12/RMP_Viet%20Nam_Eng_%28Final%20to%20publication%29.pdf,
sen-eu-portal,SEN,2026-09-11T20:39:00Z,collected,200,text/html; charset=UTF-8,,,6beae946aef01ed50878e4f4f1ab6bc1e054b29075da48e7348b51f7f39639b4,89926,objects/6b/6beae946aef01ed50878e4f4f1ab6bc1e054b29075da48e7348b51f7f39639b4.html,https://international-partnerships.ec.europa.eu/policies/global-gateway/just-energy-transition-partnership-senegal_en,
sen-investment-plan-l4,SEN,2026-09-11T20:39:00Z,fetch_error,,,,,,,,https://www.itie.sn/wp-content/uploads/2025/06/20250402-ENERCAP-Livrable-L4-v5-clean-1.pdf,"RetryError: HTTPSConnectionPool(host='www.itie.sn', port=443): Max retries exceeded with url: /wp-content/uploads/2025/06/20250402-ENERCAP-Livrable-L4-v5-clean-1.pdf (Caused by ResponseError('too many 502 error responses'))"
zaf-pcc-jet-ip,ZAF,2026-09-11T20:42:35Z,collected,200,text/html; charset=UTF-8,"""fd1296b42b82de0206c472a35ae2b4e4-ssl-df""",,d1fb46a6d723758aeb2b320ed732a90ff37dbbdc75da91cd3a1cdacd2a52c214,3798,objects/d1/d1fb46a6d723758aeb2b320ed732a90ff37dbbdc75da91cd3a1cdacd2a52c214.html,https://www.climatecommission.org.za/south-africas-jet-ip,
zaf-jet-implementation-plan-2023-2027,ZAF,2026-09-11T20:42:35Z,not_modified,304,application/pdf,"""6719df39-3b8b77""","Thu, 24 Oct 2024 05:46:33 GMT",6247513b96541b64669ba4a1f4722e100d7b89c4d782d1f1371f7bf0a78be469,3902327,objects/62/6247513b96541b64669ba4a1f4722e100d7b89c4d782d1f1371f7bf0a78be469.pdf,https://justenergytransition.co.za/wp-content/uploads/2024/10/JET-Implementation-Plan-2023-2027-1.pdf,
idn-cipp-portal,IDN,2026-09-11T20:42:35Z,blocked,403,text/plain,,,,,,https://jetp-id.org/cipp,HTTP 403
idn-cipp-2023,IDN,2026-09-11T20:42:35Z,blocked,403,text/plain,,,,,,https://jetp-id.org/storage/official-jetp-cipp-2023-vshare_f_en-1700532655.pdf,HTTP 403
vnm-moit-portal,VNM,2026-09-11T20:42:35Z,collected,200,text/html; charset=utf-8,,,8a616bbf1c223cde512cf67a826e370b621aba576a7ca5fdc51ce731e738c39b,33681,objects/8a/8a616bbf1c223cde512cf67a826e370b621aba576a7ca5fdc51ce731e738c39b.html,https://jetp.moit.gov.vn/,
vnm-rmp-2023,VNM,2026-09-11T20:42:35Z,not_modified,304,application/pdf,,"Fri, 01 Dec 2023 12:06:13 GMT",b145af2e7f4a441dc87d7ec2d99a29e1e6d7b265406d398dd64013dd4560733c,22767156,objects/b1/b145af2e7f4a441dc87d7ec2d99a29e1e6d7b265406d398dd64013dd4560733c.pdf,https://climate.ec.europa.eu/system/files/2023-12/RMP_Viet%20Nam_Eng_%28Final%20to%20publication%29.pdf,
sen-eu-portal,SEN,2026-09-11T20:42:35Z,collected,200,text/html; charset=UTF-8,,,6beae946aef01ed50878e4f4f1ab6bc1e054b29075da48e7348b51f7f39639b4,89926,objects/6b/6beae946aef01ed50878e4f4f1ab6bc1e054b29075da48e7348b51f7f39639b4.html,https://international-partnerships.ec.europa.eu/policies/global-gateway/just-energy-transition-partnership-senegal_en,
sen-investment-plan-l4,SEN,2026-09-11T20:42:35Z,fetch_error,,,,,,,,https://www.itie.sn/wp-content/uploads/2025/06/20250402-ENERCAP-Livrable-L4-v5-clean-1.pdf,"RetryError: HTTPSConnectionPool(host='www.itie.sn', port=443): Max retries exceeded with url: /wp-content/uploads/2025/06/20250402-ENERCAP-Livrable-L4-v5-clean-1.pdf (Caused by ResponseError('too many 502 error responses'))"
sen-investment-plan-l4-mirror,SEN,2026-09-11T20:42:35Z,collected,200,application/pdf,,"Thu, 30 Apr 2026 03:28:18 GMT",97c36b242257462f024a934baee6bed3aa02fe0e4917f076d7b865701db65dca,8973877,objects/97/97c36b242257462f024a934baee6bed3aa02fe0e4917f076d7b865701db65dca.pdf,https://www.vie-publique.sn/docs/002da0bc-10a7-458c-9111-09accbd0f255/plan-investissement-transition-energetique-juste-jet-senegal-mepm.pdf,
idn-cipp-2023-cpr-mirror,IDN,2026-09-11T20:47:57Z,collected,200,application/pdf,"""49e5e699deb891a8f9be4646f4a2bd90-2""","Mon, 01 Jul 2024 09:24:17 GMT",747283facac512780ad757313c493d1080c39705824e72c4b231e87ecb4102b5,10245917,objects/74/747283facac512780ad757313c493d1080c39705824e72c4b231e87ecb4102b5.pdf,https://cdn.climatepolicyradar.org/navigator/IDN/2023/comprehensive-investment-and-policy-plan_111dabc5e962ec140a6080232a0bb367.pdf,
zaf-jet-investment-register-q1-2026,ZAF,2026-09-12T05:26:22Z,collected,200,text/html; charset=utf-8,,"Fri, 11 Sep 2026 19:33:14 GMT",5b5d6442da4e9e57b3c83b7bfc04a19135b2c5bf750c2480685d9d084dc093f4,744406,objects/5b/5b5d6442da4e9e57b3c83b7bfc04a19135b2c5bf750c2480685d9d084dc093f4.html,https://justenergytransition.co.za/jet-investment-register-dashboard,
zaf-jet-ip-2023-2027,ZAF,2026-09-12T05:33:00Z,collected,200,application/pdf,"""6719df0f-4c2459""","Thu, 24 Oct 2024 05:45:51 GMT",466acffcf763f3f3b53adac1c93704919a29d18f04e9924d13c1cdc225df5863,4990041,objects/46/466acffcf763f3f3b53adac1c93704919a29d18f04e9924d13c1cdc225df5863.pdf,https://justenergytransition.co.za/wp-content/uploads/2024/10/South-Africas-Just-Energy-Transition-Investment-Plan-JET-IP-2023-2027-FINAL-1.pdf,
zaf-jet-quarterly-2024-q3,ZAF,2026-09-12T05:33:00Z,collected,200,application/pdf,"""67517708-bed61""","Thu, 05 Dec 2024 09:48:56 GMT",14708bcd78873beb59cf9d62005398e2c95c3ef269c41bc8cf5f0a2b1fafb261,781665,objects/14/14708bcd78873beb59cf9d62005398e2c95c3ef269c41bc8cf5f0a2b1fafb261.pdf,https://justenergytransition.co.za/wp-content/uploads/2024/12/Just-Energy-Transition_Progress-Report-v2.pdf,
zaf-jet-quarterly-2024-q4,ZAF,2026-09-12T05:33:00Z,collected,200,application/pdf,"""67bc6b66-6727b""","Mon, 24 Feb 2025 12:51:50 GMT",253bba2d9fbc20e9d45c4b548a802d94f8f01dc2833d2616169df980aa2fc31b,422523,objects/25/253bba2d9fbc20e9d45c4b548a802d94f8f01dc2833d2616169df980aa2fc31b.pdf,https://justenergytransition.co.za/wp-content/uploads/2025/02/Just-Energy-Transition_Progress-Report-December-2024Final-1.pdf,
zaf-jet-quarterly-2025-q1,ZAF,2026-09-12T05:33:00Z,collected,200,application/pdf,"""68010d30-6d25c""","Thu, 17 Apr 2025 14:16:16 GMT",4546672523b697aa340b18596ef70d230ae9bf608559897935b284b29e58475f,447068,objects/45/4546672523b697aa340b18596ef70d230ae9bf608559897935b284b29e58475f.pdf,https://justenergytransition.co.za/wp-content/uploads/2025/04/JetQuarterly31March2025.pdf,
zaf-jet-quarterly-2025-q2,ZAF,2026-09-12T05:33:00Z,collected,200,application/pdf,"""6895f8cf-7fa18""","Fri, 08 Aug 2025 13:17:03 GMT",29aa0cbf8952ae60d8d80e179e3328d265498de9989324279ce478cea2fe3e08,522776,objects/29/29aa0cbf8952ae60d8d80e179e3328d265498de9989324279ce478cea2fe3e08.pdf,https://justenergytransition.co.za/wp-content/uploads/2025/08/Jet-IP-Quarterly-Report-30-June-2025-1.pdf,
zaf-jet-quarterly-2025-q3,ZAF,2026-09-12T05:33:00Z,collected,200,application/pdf,"""69286120-105a73""","Thu, 27 Nov 2025 14:33:04 GMT",30036881a61b6d2c366347d111e6f24959ad9b54022162ad63d8614e2000c417,1071731,objects/30/30036881a61b6d2c366347d111e6f24959ad9b54022162ad63d8614e2000c417.pdf,https://justenergytransition.co.za/wp-content/uploads/2025/11/Jet-Quarterly-30-Sep-2025-Revised.pdf,
zaf-jet-quarterly-2025-q4,ZAF,2026-09-12T05:33:00Z,collected,200,application/pdf,"""69aa89e0-10b0c4""","Fri, 06 Mar 2026 08:01:36 GMT",2fa3e3dfb2ce5defa0cb6bd65cc2eda1028272f49b72f913847cb2d0f311277d,1093828,objects/2f/2fa3e3dfb2ce5defa0cb6bd65cc2eda1028272f49b72f913847cb2d0f311277d.pdf,https://justenergytransition.co.za/wp-content/uploads/2026/03/JET-IP-Quarterly-Report-31-December-2025.pdf,
zaf-jet-quarterly-2026-q1,ZAF,2026-09-12T05:33:00Z,collected,200,application/pdf,"""6a3e7cff-90e4d""","Fri, 26 Jun 2026 13:22:07 GMT",1b62a65fd70c70b0234379fcc4fcda064e9175fc9aee21a37c97b283e1b8dc13,593485,objects/1b/1b62a65fd70c70b0234379fcc4fcda064e9175fc9aee21a37c97b283e1b8dc13.pdf,https://justenergytransition.co.za/wp-content/uploads/2026/06/JET-IP-2026-Q1-Progress-Report-final.pdf,
zaf-jet-grants-register-2024-q2,ZAF,2026-09-12T05:34:32Z,collected,200,application/pdf,"""67190130-e769f""","Wed, 23 Oct 2024 13:59:12 GMT",8f6fcef78bf9ddb9c67fee3225448e0b6ac6f1d88a6c77cd58a9282cd0ebaf06,947871,objects/8f/8f6fcef78bf9ddb9c67fee3225448e0b6ac6f1d88a6c77cd58a9282cd0ebaf06.pdf,https://justenergytransition.co.za/wp-content/uploads/2024/10/JET-Grants-Register-2024Q1-2024Q2.pdf,
zaf-jet-grants-register-2024-q3,ZAF,2026-09-12T05:34:32Z,collected,200,application/vnd.openxmlformats-officedocument.spreadsheetml.sheet,"""bc1df-6276bcc77b9e7""","Thu, 21 Nov 2024 12:56:45 GMT",07645661df0c9a4ef97e0a172b8a3f5c92cc5371f992c70a2b3d5420f93c8147,770527,objects/07/07645661df0c9a4ef97e0a172b8a3f5c92cc5371f992c70a2b3d5420f93c8147.bin,https://justenergytransition.co.za/wp-content/uploads/2024/11/JET-Grants-Register-2024Q1-2024Q3-Published-Final.-xlsx.xlsx,
zaf-jet-grants-register-2025-q1,ZAF,2026-09-12T05:34:32Z,collected,200,application/vnd.openxmlformats-officedocument.spreadsheetml.sheet,"""b549d-62fadec98f213""","Thu, 06 Mar 2025 15:11:45 GMT",6eae2fffc800f6c82c2d03b21af150ba633bf60992bd8e37a98515808e44d9c0,742557,objects/6e/6eae2fffc800f6c82c2d03b21af150ba633bf60992bd8e37a98515808e44d9c0.bin,https://justenergytransition.co.za/wp-content/uploads/2025/03/JETGrantsRegister2025Q1-Published.xlsx,
zaf-jet-pmu-resource-hub,ZAF,2026-09-12T05:41:03Z,collected,200,text/html; charset=utf-8,,"Fri, 11 Sep 2026 14:39:18 GMT",f2b4a521e71812e706c2c1e9921e0aa1caca67e8cbecf9b43f016322b5364e90,345997,objects/f2/f2b4a521e71812e706c2c1e9921e0aa1caca67e8cbecf9b43f016322b5364e90.html,https://justenergytransition.co.za/resource-hub,
zaf-jet-pmu-news,ZAF,2026-09-12T05:41:03Z,collected,200,text/html; charset=utf-8,,"Fri, 11 Sep 2026 15:10:35 GMT",78f07581f3c8a74ab454a3c10b006bedfc2e752bb325bb572984ced868d297e2,407976,objects/78/78f07581f3c8a74ab454a3c10b006bedfc2e752bb325bb572984ced868d297e2.html,https://justenergytransition.co.za/news,
zaf-jet-pmu-projects,ZAF,2026-09-12T05:41:03Z,collected,200,text/html; charset=utf-8,,"Fri, 11 Sep 2026 19:18:35 GMT",2042a0c2ffcecbf8e88875eb0914b7ebf383ae6f0b95ddcc0875f9db379d6439,290080,objects/20/2042a0c2ffcecbf8e88875eb0914b7ebf383ae6f0b95ddcc0875f9db379d6439.html,https://justenergytransition.co.za/projects,
zaf-project-nomzamo-agri-village,ZAF,2026-09-12T05:41:56Z,collected,200,text/html; charset=utf-8,,"Fri, 11 Sep 2026 14:33:05 GMT",17dadaab38c5eb181c7e9e98b27a948f17ea6aaf9b4979b71d3b0443e2a104c2,278520,objects/17/17dadaab38c5eb181c7e9e98b27a948f17ea6aaf9b4979b71d3b0443e2a104c2.html,https://justenergytransition.co.za/project/sustainable-local-development-in-nomzamo-agri-village-ermelo-mpumalanga,
zaf-project-just-transition-framework-france,ZAF,2026-09-12T05:41:56Z,collected,200,text/html; charset=utf-8,,"Sat, 12 Sep 2026 00:29:27 GMT",d7b80fd7d7b122d878f907057e294e1c890215d788e9a135562056a0a72df228,279101,objects/d7/d7b80fd7d7b122d878f907057e294e1c890215d788e9a135562056a0a72df228.html,https://justenergytransition.co.za/project/implementation-of-the-just-transitions-framework-france,
zaf-project-mining-ghost-towns-france,ZAF,2026-09-12T05:41:56Z,collected,200,text/html; charset=UTF-8,,"Sat, 12 Sep 2026 05:42:06 GMT",3569ee7951a74ab9ac9a3a2478053d12dd9e4ada10d977685c717089e892e00a,278409,objects/35/3569ee7951a74ab9ac9a3a2478053d12dd9e4ada10d977685c717089e892e00a.html,https://justenergytransition.co.za/project/revitalisation-of-mining-ghost-towns-france,
zaf-project-social-policies-france,ZAF,2026-09-12T05:41:56Z,collected,200,text/html; charset=utf-8,,"Sat, 12 Sep 2026 00:29:29 GMT",b35d0a68d8d129fa811eaa3ba97a20a74a1f43cd13b7c61f7a7a56433d737d90,279013,objects/b3/b35d0a68d8d129fa811eaa3ba97a20a74a1f43cd13b7c61f7a7a56433d737d90.html,https://justenergytransition.co.za/project/the-role-of-social-policies-in-the-framework-for-just-transition-france,
zaf-project-lessons-best-practices-uk,ZAF,2026-09-12T05:41:56Z,collected,200,text/html; charset=UTF-8,,"Sat, 12 Sep 2026 05:42:08 GMT",f430e953bd45429a63ae07d27801a2afc861e151cafd4fc948f7b8116fff6c85,280189,objects/f4/f430e953bd45429a63ae07d27801a2afc861e151cafd4fc948f7b8116fff6c85.html,https://justenergytransition.co.za/project/distilling-the-just-energy-transition-in-south-africa-lessons-learned-and-best-practices-uk,
zaf-project-mpumalanga-pathways-uk,ZAF,2026-09-12T05:41:56Z,collected,200,text/html; charset=utf-8,,"Fri, 11 Sep 2026 19:19:13 GMT",c1e98dbc781f899a0326dac79dc6452962917ea3d305b1d88dcebd076a722dba,278820,objects/c1/c1e98dbc781f899a0326dac79dc6452962917ea3d305b1d88dcebd076a722dba.html,https://justenergytransition.co.za/project/mapping-mitigation-and-adaptation-pathways-for-mpumalanga-uk,
zaf-project-cape-town-grid-uk-pact,ZAF,2026-09-12T05:41:56Z,collected,200,text/html; charset=utf-8,,"Fri, 11 Sep 2026 20:50:14 GMT",9350eb6365ee644dfedf58b35b8c1d6c1ff6bf6ebe286b8f59902d65161dc441,280093,objects/93/9350eb6365ee644dfedf58b35b8c1d6c1ff6bf6ebe286b8f59902d65161dc441.html,https://justenergytransition.co.za/project/city-of-cape-town-grid-regulation-uk-pact-skill-share,
zaf-project-energy-one-stop-shop-uk-pact,ZAF,2026-09-12T05:41:56Z,collected,200,text/html; charset=utf-8,,"Sat, 12 Sep 2026 00:29:52 GMT",8c8ddbb8f29f7c8ae49b9f34f946301ac75458e740c39dbf49ab81f50fc9bac4,279830,objects/8c/8c8ddbb8f29f7c8ae49b9f34f946301ac75458e740c39dbf49ab81f50fc9bac4.html,https://justenergytransition.co.za/project/energy-one-stop-shop-uk-pact-skill-share-supporting-south-africas-just-energy-transition,
zaf-project-just-sa-germany,ZAF,2026-09-12T05:41:56Z,collected,200,text/html; charset=utf-8,,"Fri, 11 Sep 2026 20:28:40 GMT",2f09219b51f4db2bee7e3a9a6a340da7654e2d1f0d8649de9ba03a78b1e05d48,279708,objects/2f/2f09219b51f4db2bee7e3a9a6a340da7654e2d1f0d8649de9ba03a78b1e05d48.html,https://justenergytransition.co.za/project/just-transition-to-a-decarbonised-economy-for-south-africa-just-sa,
zaf-project-sagen-germany,ZAF,2026-09-12T05:41:56Z,collected,200,text/html; charset=utf-8,,"Sat, 12 Sep 2026 00:29:50 GMT",707a3a6f6be714b4e3e77f8033efd46ad55cf73a8c3469994bd795fc035865f9,278760,objects/70/707a3a6f6be714b4e3e77f8033efd46ad55cf73a8c3469994bd795fc035865f9.html,https://justenergytransition.co.za/project/south-african-german-energy-programme-sagen-2,
zaf-project-h2sa-ptx-hub-germany,ZAF,2026-09-12T05:41:56Z,collected,200,text/html; charset=UTF-8,,"Sat, 12 Sep 2026 05:42:11 GMT",4de791102aeda24945d9fbe7834409af40368940c3c80358a09c1cc6d24922c1,280271,objects/4d/4de791102aeda24945d9fbe7834409af40368940c3c80358a09c1cc6d24922c1.html,https://justenergytransition.co.za/project/promoting-the-development-of-a-green-hydrogen-sector-in-south-africa-h2-sa-and-international-ptx-hub-south-africa,
zaf-project-cpd4e-germany,ZAF,2026-09-12T05:41:56Z,collected,200,text/html; charset=utf-8,,"Sat, 12 Sep 2026 00:29:59 GMT",74a2d07e621d4f3b456d23678833cbcd21a6bccf03820c59e16235373e07d040,277892,objects/74/74a2d07e621d4f3b456d23678833cbcd21a6bccf03820c59e16235373e07d040.html,https://justenergytransition.co.za/project/south-african-german-energy-programme-sagen,
zaf-eu-jetp-country-page,ZAF,2026-09-12T05:54:24Z,collected,200,text/html; charset=UTF-8,,,3c02118e44c74cfcaf8e5d0cdc927adebfee82e51c727cb88dc5bf2603982634,91770,objects/3c/3c02118e44c74cfcaf8e5d0cdc927adebfee82e51c727cb88dc5bf2603982634.html,https://international-partnerships.ec.europa.eu/policies/global-gateway/just-energy-transition-partnership-south-africa-0_en,
zaf-afd-jet-policy-loan-2024,ZAF,2026-09-12T05:54:35Z,collected,200,text/html; charset=UTF-8,,,760dc22c28433651c91b364623c07f2180deb02620cee12f75b77fdeaa252f45,97071,objects/76/760dc22c28433651c91b364623c07f2180deb02620cee12f75b77fdeaa252f45.html,https://www.afd.fr/en/projects/supporting-just-dimensions-south-africas-just-energy-transition,
zaf-kfw-jetp-project-profile,ZAF,2026-09-12T05:54:44Z,collected,200,text/html; charset=utf-8,,"Fri, 11 Sep 2026 23:02:04 GMT",5c2698a22e51b3fd6ab6a1eb26e1b13e87e89eccfe9582e85992a3467c44d0ea,62768,objects/5c/5c2698a22e51b3fd6ab6a1eb26e1b13e87e89eccfe9582e85992a3467c44d0ea.html,https://www.kfw-entwicklungsbank.de/Global/Subsahara-Africa/PI-Just-energy-transition-South-Africa/,
zaf-fcdo-jetp-programme-301523,ZAF,2026-09-12T05:54:53Z,collected,200,text/html;charset=utf-8,,,0060913d18da32bec55cb5d4413d7a02fb3d2de46ddda04ad845c845d922bee9,47127,objects/00/0060913d18da32bec55cb5d4413d7a02fb3d2de46ddda04ad845c845d922bee9.html,https://devtracker.fcdo.gov.uk/programme/GB-GOV-1-301523/summary,
zaf-jet-us-withdrawal-2025,ZAF,2026-09-12T05:55:01Z,collected,200,application/pdf,"""67c9bb31-1d3a7""","Thu, 06 Mar 2025 15:11:45 GMT",3894898ab89478f9ba76dc9d0b7686000ce866219d67bc3156cbd4ed294a9db2,119719,objects/38/3894898ab89478f9ba76dc9d0b7686000ce866219d67bc3156cbd4ed294a9db2.pdf,https://justenergytransition.co.za/wp-content/uploads/2025/03/20250306_SouthAfricasJustEnergyTransitionProjectManagementUnitAcknowledgestheUnitesStatesWithdrawalfromtheJustEnergyTransitionPartnership.pdf,
zaf-eib-dbsa-renewables-2024,ZAF,2026-09-12T05:55:10Z,collected,200,text/html; charset=utf-8,,,410de8d7ea774a4f7ec15379b25573d1d454e70f6f2a044e6efbc179f6d20a84,105178,objects/41/410de8d7ea774a4f7ec15379b25573d1d454e70f6f2a044e6efbc179f6d20a84.html,https://www.eib.org/en/press/all/2024-329-eib-and-development-bank-of-southern-africa-increase-support-for-private-sector-renewable-energy-to-eur-600-million-zar-11-9-billion,
zaf-jet-us-withdrawal-2025,ZAF,2026-09-12T05:55:19Z,not_modified,304,application/pdf,"""67c9bb31-1d3a7""","Thu, 06 Mar 2025 15:11:45 GMT",3894898ab89478f9ba76dc9d0b7686000ce866219d67bc3156cbd4ed294a9db2,119719,objects/38/3894898ab89478f9ba76dc9d0b7686000ce866219d67bc3156cbd4ed294a9db2.pdf,https://justenergytransition.co.za/wp-content/uploads/2025/03/20250306_SouthAfricasJustEnergyTransitionProjectManagementUnitAcknowledgestheUnitesStatesWithdrawalfromtheJustEnergyTransitionPartnership.pdf,
zaf-world-bank-eskom-jet-p177398,ZAF,2026-09-12T05:55:18Z,collected,200,text/html;charset=utf-8,,"Sat, 05 Sep 2026 14:00:15 GMT",24af1e58886d85708b6c567ebdff768d86a6f553ea77ab3d1df022d79b083bc8,32113,objects/24/24af1e58886d85708b6c567ebdff768d86a6f553ea77ab3d1df022d79b083bc8.html,https://projects.worldbank.org/en/projects-operations/project-detail/P177398,
zaf-eib-dbsa-renewables-2024,ZAF,2026-09-12T05:55:24Z,collected,200,text/html; charset=utf-8,,,410de8d7ea774a4f7ec15379b25573d1d454e70f6f2a044e6efbc179f6d20a84,105178,objects/41/410de8d7ea774a4f7ec15379b25573d1d454e70f6f2a044e6efbc179f6d20a84.html,https://www.eib.org/en/press/all/2024-329-eib-and-development-bank-of-southern-africa-increase-support-for-private-sector-renewable-energy-to-eur-600-million-zar-11-9-billion,
zaf-afdb-jet-funding-platform,ZAF,2026-09-12T05:55:26Z,blocked,403,text/html; charset=UTF-8,,,,,,https://www.afdb.org/en/projects-and-operations/p-za-i00-013,HTTP 403
zaf-world-bank-eskom-jet-p177398,ZAF,2026-09-12T05:55:30Z,not_modified,304,text/html;charset=utf-8,,"Sat, 05 Sep 2026 14:00:15 GMT",24af1e58886d85708b6c567ebdff768d86a6f553ea77ab3d1df022d79b083bc8,32113,objects/24/24af1e58886d85708b6c567ebdff768d86a6f553ea77ab3d1df022d79b083bc8.html,https://projects.worldbank.org/en/projects-operations/project-detail/P177398,
zaf-afdb-jet-funding-platform,ZAF,2026-09-12T05:55:36Z,blocked,403,text/html; charset=UTF-8,,,,,,https://www.afdb.org/en/projects-and-operations/p-za-i00-013,HTTP 403
zaf-dbsa-ntcsa-transmission,ZAF,2026-09-12T05:55:34Z,collected,200,text/html; charset=UTF-8,,,abf673d3404f1eb80add1179eb4d34d9453012035bf3b279e2c4c0f5beb5341c,49138,objects/ab/abf673d3404f1eb80add1179eb4d34d9453012035bf3b279e2c4c0f5beb5341c.html,https://www.dbsa.org/press-releases/dbsa-and-ntcsa-accelerate-sas-transmission-network-expansion,
zaf-dbsa-ntcsa-transmission,ZAF,2026-09-12T05:55:43Z,collected,200,text/html; charset=UTF-8,,,abf673d3404f1eb80add1179eb4d34d9453012035bf3b279e2c4c0f5beb5341c,49138,objects/ab/abf673d3404f1eb80add1179eb4d34d9453012035bf3b279e2c4c0f5beb5341c.html,https://www.dbsa.org/press-releases/dbsa-and-ntcsa-accelerate-sas-transmission-network-expansion,
zaf-ntcsa-transmission-plans,ZAF,2026-09-12T05:55:43Z,collected,200,text/html; charset=UTF-8,,,218f5f97bcbbbdca7dd707cd1531040c386dc6cc612133aeda5c016f70d3e97c,185974,objects/21/218f5f97bcbbbdca7dd707cd1531040c386dc6cc612133aeda5c016f70d3e97c.html,https://www.ntcsa.co.za/transmission-development-plans-tdp/,
zaf-ntcsa-transmission-plans,ZAF,2026-09-12T05:55:52Z,collected,200,text/html; charset=UTF-8,,,69ebf7763d572ccdb0c6e23636c51338b4975f998ba3b85d69b85a6971a0a198,185974,objects/69/69ebf7763d572ccdb0c6e23636c51338b4975f998ba3b85d69b85a6971a0a198.html,https://www.ntcsa.co.za/transmission-development-plans-tdp/,
zaf-jetp-political-declaration-2021,ZAF,2026-09-12T06:08:14Z,collected,200,application/pdf,"""263c3bc548ac61816e736de3f21ad4c8""",,8726b157774774fd5ec1404668c504593bae573f8809f57419fda155f092ea87,694247,objects/87/8726b157774774fd5ec1404668c504593bae573f8809f57419fda155f092ea87.pdf,https://www.bundesregierung.de/resource/blob/974430/1974538/b2264555c87d8cbdd97bd1eb8b16387a/political-declaration-on-the-just-energy-transition-in-south-africa-data.pdf?download=1,
zaf-jetp-leaders-midyear-2022,ZAF,2026-09-12T06:08:23Z,http_error,405,text/html; charset=UTF-8,,,,,,https://webarchive.nationalarchives.gov.uk/ukgwa/20230311221000/https:/ukcop26.org/six-month-update-on-progress-in-advancing-the-just-energy-transition-partnership-jetp/,HTTP 405
zaf-jetp-leaders-2022,ZAF,2026-09-12T06:08:31Z,collected,200,text/html; charset=utf-8,"W/""0a024bfa3945597ff0ae0622d35e9f1c""",,0a024bfa3945597ff0ae0622d35e9f1c567c1d7e481da4748e0bd5c1a2b291ca,111522,objects/0a/0a024bfa3945597ff0ae0622d35e9f1c567c1d7e481da4748e0bd5c1a2b291ca.html,https://www.gov.uk/government/publications/advancing-the-south-africa-just-energy-transition-partnership-12-month-progress-update/twelve-month-update-on-progress-in-advancing-the-south-africa-just-energy-transition-partnership,
zaf-jetp-leaders-2023,ZAF,2026-09-12T06:08:39Z,collected,200,text/html; charset=utf-8,"W/""be3b8d7542778d39b920dc1a4620cfcd""",,be3b8d7542778d39b920dc1a4620cfcdf8ad9940ba1a32f2aa3740b9ff92b0b7,106655,objects/be/be3b8d7542778d39b920dc1a4620cfcdf8ad9940ba1a32f2aa3740b9ff92b0b7.html,https://www.gov.uk/government/news/advancing-the-south-africa-just-energy-transition-partnership,
zaf-jetp-leaders-2024,ZAF,2026-09-12T06:08:48Z,collected,200,text/html; charset=utf-8,"W/""f2078f959a346d634d7a25702769530f""",,f2078f959a346d634d7a25702769530fa009c7e6e1b07a10862cdaa9935b4604,102105,objects/f2/f2078f959a346d634d7a25702769530fa009c7e6e1b07a10862cdaa9935b4604.html,https://www.gov.uk/government/news/twelve-month-just-energy-transition-partnership-leaders-update-for-2024,
zaf-jetp-leaders-2025,ZAF,2026-09-12T06:08:58Z,collected,200,text/html; charset=utf-8,"W/""2ba1f1ee12a90391f169e67630b8d8d6""",,2ba1f1ee12a90391f169e67630b8d8d6a4b817b1eb7dcf9bcd56bdab13988353,93057,objects/2b/2ba1f1ee12a90391f169e67630b8d8d6a4b817b1eb7dcf9bcd56bdab13988353.html,https://www.gov.uk/government/news/12-month-just-energy-transition-partnership-leaders-update-2025,
zaf-jetp-leaders-2025-annex,ZAF,2026-09-12T06:09:15Z,collected,200,application/pdf,"""6932910b-1235d""","Fri, 05 Dec 2025 08:00:11 GMT",6ca2eac8887e7f6da292d841ad97629b7c4a0ea22e91ff3568ef2cc94b7bbaa3,74589,objects/6c/6ca2eac8887e7f6da292d841ad97629b7c4a0ea22e91ff3568ef2cc94b7bbaa3.pdf,https://assets.publishing.service.gov.uk/media/6932910acdec734f4dff42af/Annex_-_IPG_Project_Updates_2025.pdf,
zaf-jet-grants-register-2023-q3,ZAF,2026-09-12T06:09:25Z,collected,200,application/pdf,"""6728627b-a2842""","Mon, 04 Nov 2024 05:58:19 GMT",fa8fd693d1d0d53c7478e9b3850da16ad83955bf2c715c5983634819c2315d16,665666,objects/fa/fa8fd693d1d0d53c7478e9b3850da16ad83955bf2c715c5983634819c2315d16.pdf,https://justenergytransition.co.za/wp-content/uploads/2024/11/JET-2023Q3Register.pdf,
zaf-jet-grants-faq-2024,ZAF,2026-09-12T06:10:05Z,collected,200,application/pdf,"""67190176-36a06""","Wed, 23 Oct 2024 14:00:22 GMT",4bb09e88215cdc1d1ecc79da90c3a98c1213978f82cba0286265a060ae48607e,223750,objects/4b/4bb09e88215cdc1d1ecc79da90c3a98c1213978f82cba0286265a060ae48607e.pdf,https://justenergytransition.co.za/wp-content/uploads/2024/10/Grants-register-FAQs.pdf,
zaf-jet-grants-storyline-2024,ZAF,2026-09-12T06:09:34Z,fetch_error,,,,,,,,https://www.stateofthenation.gov.za/assets/downloads/climate/Grants%20register%20overview.pdf,"RetryError: HTTPSConnectionPool(host='www.stateofthenation.gov.za', port=443): Max retries exceeded with url: /assets/downloads/climate/Grants%20register%20overview.pdf (Caused by ResponseError('too many 502 error responses'))"
zaf-jet-grants-storyline-2025-q1,ZAF,2026-09-12T06:10:12Z,collected,200,application/pdf,"""67c9bb31-8bb00""","Thu, 06 Mar 2025 15:11:45 GMT",c456bf0fbce790fc0f3d1ddf63ce53583c23f4b19d275f485870e751eda1d9aa,572160,objects/c4/c456bf0fbce790fc0f3d1ddf63ce53583c23f4b19d275f485870e751eda1d9aa.pdf,https://justenergytransition.co.za/wp-content/uploads/2025/03/JETGrantsRegisterStoryline-Published.pdf,
zaf-jet-grants-faq-2025-q1,ZAF,2026-09-12T06:10:21Z,collected,200,application/pdf,"""67c9bb31-116ee3""","Thu, 06 Mar 2025 15:11:45 GMT",c851e013d827a9cd88cb6cf41ba17c8bef1f152e6a5c49d1e7fff3e9a09a3cf5,1142499,objects/c8/c851e013d827a9cd88cb6cf41ba17c8bef1f152e6a5c49d1e7fff3e9a09a3cf5.pdf,https://justenergytransition.co.za/wp-content/uploads/2025/03/GrantsRegisterFrequentlyAskedQuestions-Published2025Q1.pdf,
zaf-project-report-nomzamo-2025,ZAF,2026-09-12T06:10:29Z,collected,200,application/pdf,"""68886bc4-a896b5""","Tue, 29 Jul 2025 06:35:48 GMT",0886a413cff31cc6c38d2d3629be4a5c6362ad09b1018f9ab0790cd05f0da1cc,11048629,objects/08/0886a413cff31cc6c38d2d3629be4a5c6362ad09b1018f9ab0790cd05f0da1cc.pdf,https://justenergytransition.co.za/wp-content/uploads/2025/07/ASDU_Impact-Case-Study_Nomzamo-Agricultural-Village.pdf,
zaf-zandkopsdrift-eu-2025,ZAF,2026-09-12T06:38:36Z,collected,200,text/html;charset=UTF-8,,,11031d1813653f92ef83efcb8e3d38d8cd11994cf17708253d2caa402581130e,423952,objects/11/11031d1813653f92ef83efcb8e3d38d8cd11994cf17708253d2caa402581130e.html,https://op.europa.eu/en/publication-detail/-/publication/94a61889-65e3-11f0-bf4e-01aa75ed71a1/language-en,
zaf-zandkopsdrift-operator,ZAF,2026-09-12T06:38:36Z,collected,200,text/html; charset=UTF-8,"""ab5837761423e881f3b45f665a05aa7a-ssl""",,ca4bc0004ddb2a60e5bac8fb11e091ae5440ede040bd03ac5835ddac2fdc4f4f,851,objects/ca/ca4bc0004ddb2a60e5bac8fb11e091ae5440ede040bd03ac5835ddac2fdc4f4f.html,https://frontierrareearths.com/project,
zaf-growth-gateway-report-2026,ZAF,2026-09-12T06:38:36Z,collected,200,application/pdf,"""6a840983-20cd46""","Tue, 18 Aug 2026 07:28:03 GMT",d2a2b38c60479c92945af100b65cc149756a10aa9253bc6cc5375665555be961,2149702,objects/d2/d2a2b38c60479c92945af100b65cc149756a10aa9253bc6cc5375665555be961.pdf,https://assets.publishing.service.gov.uk/media/6a8409833be22055c1aaa3fd/South_Africa_SMME_JET_Deal_Accelerator_-_Blueprint_for_scaling_SMMEs_in_Mpumalanga.pdf,
zaf-growth-gateway-devtracker-300812,ZAF,2026-09-12T06:38:36Z,collected,200,text/html;charset=utf-8,,,348e0ffa7bf94382156b225bf057ae42701e8d81eede370bb9cd414e784137a8,46493,objects/34/348e0ffa7bf94382156b225bf057ae42701e8d81eede370bb9cd414e784137a8.html,https://devtracker.fcdo.gov.uk/programme/GB-GOV-1-300812/summary,
zaf-murp-afdb-2026,ZAF,2026-09-12T06:38:36Z,blocked,403,text/html; charset=UTF-8,,,,,,https://www.afdb.org/en/news-and-events/african-development-bank-approves-400-million-loan-support-municipal-utility-reform-south-africas-mpumalanga-province-95536,HTTP 403
zaf-eepbip-maf,ZAF,2026-09-12T06:38:36Z,collected,200,text/html; charset=UTF-8,,,2da34029aa784dfa61388b8cd6f6313f20cdc44c43096b937a860f9d22b17603,79647,objects/2d/2da34029aa784dfa61388b8cd6f6313f20cdc44c43096b937a860f9d22b17603.html,https://mitigation-action.org/projects/south-africa-public-buildings-and-infrastructure/,
zaf-eepbip-giz-profile-2023,ZAF,2026-09-12T06:38:36Z,collected,200,application/pdf,"""68d401ff-6d11c""","Wed, 24 Sep 2025 14:36:47 GMT",335f8bf5f1849b78603b42992ae2bb9dc8c4dc23d5470545a0836c259dea5c91,446748,objects/33/335f8bf5f1849b78603b42992ae2bb9dc8c4dc23d5470545a0836c259dea5c91.pdf,https://www.giz.de/en/downloads/giz2023-en-EEPBIP.pdf,
zaf-eepbip-portal,ZAF,2026-09-12T06:38:36Z,collected,200,text/html,"""66b8-65a7f168421b5""","Wed, 02 Sep 2026 12:22:25 GMT",0e76906990df5b8fc5d3868813ae11c59e746ea3f2e78e0a80fe79e2b361bd16,26296,objects/0e/0e76906990df5b8fc5d3868813ae11c59e746ea3f2e78e0a80fe79e2b361bd16.html,https://www.eepbip.org.za/,
zaf-dtic-parliament-nev-2025,ZAF,2026-09-12T06:50:49Z,collected,200,text/html; charset=utf-8,,,b2f75bb3454573c79231d2b07fda97d9feeb0b773c79b7a9571e63084752963a,24520,objects/b2/b2f75bb3454573c79231d2b07fda97d9feeb0b773c79b7a9571e63084752963a.html,https://pmg.org.za/committee-question/33886/,
idn-jetp-joint-statement-2022,IDN,2026-09-12T07:12:12Z,blocked,403,text/html,"""9dd37e7649b54fb9bb8e9cafad781f59""","Tue, 17 Mar 2026 02:02:18 GMT",,,,https://id.usembassy.gov/united-states-supports-the-launch-of-the-just-energy-transition-partnership-jetp-in-indonesia/,HTTP 403
idn-jetp-reports-2025-landing,IDN,2026-09-12T07:12:12Z,collected,200,text/html; charset=UTF-8,,,ef40b374ace8db649265ad624964db591e016fd0b5a11fb903fe46b5b5cd6d4f,34265,objects/ef/ef40b374ace8db649265ad624964db591e016fd0b5a11fb903fe46b5b5cd6d4f.html,https://jetp.id/news/jetp-reports-2025,
idn-jetp-progress-report-2025,IDN,2026-09-12T07:12:12Z,collected,200,application/octet-stream,,"Mon, 12 Jan 2026 03:51:36 GMT",74fb460fd09e76607e3cff308f5ba2754f2ebd91b0c9b7613c1a041e7b361162,21851675,objects/74/74fb460fd09e76607e3cff308f5ba2754f2ebd91b0c9b7613c1a041e7b361162.pdf,https://drive.usercontent.google.com/download?id=1RhW5MLzbza69uaZHfho4bnQLSmjnAjWO&export=download&confirm=t,
idn-jetp-energy-efficiency-electrification-2025,IDN,2026-09-12T07:12:12Z,collected,200,application/octet-stream,,"Wed, 21 Jan 2026 04:53:01 GMT",4e7ce1c8fb6ada0fc020ba5590a9bf46ce678e6f663f0b150aa063c5e0f105cc,6967580,objects/4e/4e7ce1c8fb6ada0fc020ba5590a9bf46ce678e6f663f0b150aa063c5e0f105cc.pdf,https://drive.usercontent.google.com/download?id=1JDhuF_HptvuRu8jBTWIEH33RybFNE_to&export=download&confirm=t,
idn-jetp-captive-power-study-2025,IDN,2026-09-12T07:12:12Z,collected,200,application/octet-stream,,"Wed, 21 Jan 2026 04:54:29 GMT",b45a7437b601ed2a61c39123c2d35b04ccd49a73d75543e067a7c772c0db6bdf,7343637,objects/b4/b45a7437b601ed2a61c39123c2d35b04ccd49a73d75543e067a7c772c0db6bdf.pdf,https://drive.usercontent.google.com/download?id=1GjtDiDblQyHfYIPzUWZFOu9QO8_gQkk_&export=download&confirm=t,
idn-jetp-just-transition-study-2025,IDN,2026-09-12T07:12:12Z,collected,200,application/octet-stream,,"Mon, 02 Feb 2026 09:34:59 GMT",901d08e8589ba37ba50891e453d7b4138282d13c4d0f27403ded2aa363125378,14237801,objects/90/901d08e8589ba37ba50891e453d7b4138282d13c4d0f27403ded2aa363125378.pdf,https://drive.usercontent.google.com/download?id=1i1XgotGsbydM4FQ5dBxQPgncs2Lkpkov&export=download&confirm=t,
idn-jetp-guarantees-insurance-2025,IDN,2026-09-12T07:12:12Z,collected,200,application/octet-stream,,"Tue, 03 Feb 2026 14:14:21 GMT",fe8af4acbb6fccf83ea8a3ad0b608ec870c93e967f9e59ff23078ef5e4ec42a7,1181726,objects/fe/fe8af4acbb6fccf83ea8a3ad0b608ec870c93e967f9e59ff23078ef5e4ec42a7.pdf,https://drive.usercontent.google.com/download?id=1ka0vPuF8ydvDAjDCrCo_FIQmIThKL2gk&export=download&confirm=t,
idn-jetp-small-scale-renewables-finance-2025,IDN,2026-09-12T07:12:12Z,collected,200,application/octet-stream,,"Tue, 03 Feb 2026 14:14:25 GMT",93d4fe15da7d6afa651d3ffb93ed23ef12a75d8312c320b9418d037aa8738583,1274660,objects/93/93d4fe15da7d6afa651d3ffb93ed23ef12a75d8312c320b9418d037aa8738583.pdf,https://drive.usercontent.google.com/download?id=10P6BuNhTtDmxF9VFNMsa6d1Nd5zjYn3i&export=download&confirm=t,
idn-jetp-carbon-pricing-2025,IDN,2026-09-12T07:12:12Z,collected,200,application/octet-stream,,"Wed, 21 Jan 2026 05:16:49 GMT",debd93518e560c8db0614059c2b550b2f75914fb4bb16038267d6bbc259026a2,2770989,objects/de/debd93518e560c8db0614059c2b550b2f75914fb4bb16038267d6bbc259026a2.pdf,https://drive.usercontent.google.com/download?id=1mhH15V_gw9nR5cOB6mRCvcJg2cGw0-_U&export=download&confirm=t,
idn-cmea-progress-march-2025,IDN,2026-09-12T07:12:12Z,fetch_error,,,,,,,,https://www.ekon.go.id/publikasi/detail/6275/perkuat-komitmen-percepatan-implementasi-just-energy-transition-partnership-jetp-pemerintah-bentuk-satgas-transisi-energi-dan-ekonomi-hijau,"RetryError: HTTPSConnectionPool(host='www.ekon.go.id', port=443): Max retries exceeded with url: /publikasi/detail/6275/perkuat-komitmen-percepatan-implementasi-just-energy-transition-partnership-jetp-pemerintah-bentuk-satgas-transisi-energi-dan-ekonomi-hijau (Caused by ResponseError('too many 502 error responses'))"
idn-cmea-progress-december-2025,IDN,2026-09-12T07:12:12Z,fetch_error,,,,,,,,https://www.ekon.go.id/publikasi/detail/6718/just-energy-transition-partnership-jetp-siapkan-rp350-triliun-untuk-pembiayaan-renewable-energy-di-indonesia,"RetryError: HTTPSConnectionPool(host='www.ekon.go.id', port=443): Max retries exceeded with url: /publikasi/detail/6718/just-energy-transition-partnership-jetp-siapkan-rp350-triliun-untuk-pembiayaan-renewable-energy-di-indonesia (Caused by ResponseError('too many 502 error responses'))"
idn-world-bank-isle1-2023,IDN,2026-09-12T08:35:00Z,collected,200,text/html; charset=utf-8,,"Mon, 24 Aug 2026 05:54:32 GMT",1d935814a897512bc9afc417fa069e0e32b1a590b2bb95641e47daf4cb4abc7f,28498,objects/1d/1d935814a897512bc9afc417fa069e0e32b1a590b2bb95641e47daf4cb4abc7f.html,https://www.worldbank.org/en/news/press-release/2023/06/26/world-bank-supports-increased-access-to-sustainable-and-lower-cost-electricity-in-eastern-indonesia,
idn-world-bank-isle1-technical-assessment-2022,IDN,2026-09-12T08:35:00Z,collected,200,application/pdf;charset=utf-8,,"Sat, 12 Sep 2026 04:13:28 GMT",114029a6f554d2a6b20dc66bcc6c412b1d2d3c35d6f496abceb5cc3d885717d8,3852736,objects/11/114029a6f554d2a6b20dc66bcc6c412b1d2d3c35d6f496abceb5cc3d885717d8.pdf,https://documents1.worldbank.org/curated/en/099060223111034380/pdf/P1743500d92d28050b90b0e4ff4b6ea41d.pdf,
idn-jica-mrt-east-west-2024,IDN,2026-09-12T08:35:00Z,collected,200,text/html,"""da29-6562b2a359100""","Thu, 09 Jul 2026 10:34:12 GMT",b8246fd6f87868fa017035147709ab31724ae8d2a08e83c4b62d74d7d57a41a8,55849,objects/b8/b8246fd6f87868fa017035147709ab31724ae8d2a08e83c4b62d74d7d57a41a8.html,https://www.jica.go.jp/english/information/press/2024/20240514_10.html,
idn-jica-mrt-north-south-2023,IDN,2026-09-12T08:35:00Z,collected,200,text/html,"""24718-6562a1b209800""","Thu, 09 Jul 2026 09:18:24 GMT",713bf4e23711a5d0c913224dcd8841f275b52462cfd9dd31cb0812c3fe42f577,149272,objects/71/713bf4e23711a5d0c913224dcd8841f275b52462cfd9dd31cb0812c3fe42f577.html,https://www.jica.go.jp/information/press/2023/20230403_10.html,
idn-adb-aset-56368-001,IDN,2026-09-12T08:35:00Z,blocked,403,text/html; charset=UTF-8,,,,,,https://www.adb.org/projects/56368-001/main,HTTP 403
idn-adb-aset-news-2024,IDN,2026-09-12T08:35:00Z,collected,200,text/html; charset=UTF-8,,"Sat, 12 Sep 2026 08:34:35 GMT",6080b6d96abaddd85eba4b9762d458ed6b071c652a09885539b4589d726b1fd7,87090,objects/60/6080b6d96abaddd85eba4b9762d458ed6b071c652a09885539b4589d726b1fd7.html,https://www.adb.org/news/adb-approves-policy-loan-support-indonesia-energy-transition,
idn-adb-aicet-56140-001,IDN,2026-09-12T08:35:00Z,blocked,403,text/html; charset=UTF-8,,,,,,https://www.adb.org/projects/56140-001/main,HTTP 403
idn-adb-aicet-news-2025,IDN,2026-09-12T08:35:00Z,collected,200,text/html; charset=UTF-8,,"Sat, 12 Sep 2026 08:34:45 GMT",5714eaa6cac6eabc0544c61c0c151c26d898e63322a8da865485a2fd85c2bf7c,85274,objects/57/5714eaa6cac6eabc0544c61c0c151c26d898e63322a8da865485a2fd85c2bf7c.html,https://www.adb.org/news/adb-boosts-indonesias-clean-energy-transition,
idn-adb-muara-laboh-2-2025,IDN,2026-09-12T08:35:00Z,collected,200,text/html; charset=UTF-8,,"Sat, 12 Sep 2026 08:34:47 GMT",f07409806527f6f3f72c42344ff758e1602f791e404b13afef3bfe45facc32c1,84237,objects/f0/f07409806527f6f3f72c42344ff758e1602f791e404b13afef3bfe45facc32c1.html,https://www.adb.org/news/adb-supports-indonesia-green-energy-transition-geothermal-expansion-project,
idn-gfanz-saguling-2025,IDN,2026-09-12T08:35:00Z,collected,200,text/html; charset=UTF-8,,,e5f87af0a25794e3a399f0e09d5e1e957c9c44a9962b711bb8d8bf1e63e71e26,103216,objects/e5/e5f87af0a25794e3a399f0e09d5e1e957c9c44a9962b711bb8d8bf1e63e71e26.html,https://www.gfanzero.com/press/first-indonesian-jetp-solar-project-mobilizes-usd-60-million-as-investment-momentum-builds/,
idn-jetp-xurya-equity-2024,IDN,2026-09-12T08:35:00Z,collected,200,text/html; charset=UTF-8,,,3ac1ee60e7e04efcd54da66897f835a7bf5d51de13557f9346a2c81d0c62cfef,35483,objects/3a/3ac1ee60e7e04efcd54da66897f835a7bf5d51de13557f9346a2c81d0c62cfef.html,https://jetp.id/news/norwegian-and-british-investment-in-indonesian-start-up-marks-first-equity-milestone-in-jetp-disbursement,
idn-portfolio-esmap-canada,IDN,2026-09-12T09:00:00Z,collected,200,text/html; charset=UTF-8,,,f690fce534af1d0b26ede04816a04a5bd984e99d965de0a6d52e8249b7c23904,36784,objects/f6/f690fce534af1d0b26ede04816a04a5bd984e99d965de0a6d52e8249b7c23904.html,https://portfolio.jetp.id/program/energy-sector-management-assistance-program-esmap,
idn-portfolio-cefim,IDN,2026-09-12T09:00:00Z,collected,200,text/html; charset=UTF-8,,,2b7b8276963a8f069b5f358bdcba59a244c0b4f3ee6d69561d1fa9e628781501,37727,objects/2b/2b7b8276963a8f069b5f358bdcba59a244c0b4f3ee6d69561d1fa9e628781501.html,https://portfolio.jetp.id/program/clean-energy-finance-and-investment-mobilisation-cefim-programme,
idn-portfolio-cetp,IDN,2026-09-12T09:00:00Z,collected,200,text/html; charset=UTF-8,,,1c23d046d1018acaced6ffc865a1f6f0fa9b9bf44ba902cd74b59c333e132f05,37082,objects/1c/1c23d046d1018acaced6ffc865a1f6f0fa9b9bf44ba902cd74b59c333e132f05.html,https://portfolio.jetp.id/program/clean-energy-transition-program-cetp,
idn-portfolio-enerkey,IDN,2026-09-12T09:00:00Z,collected,200,text/html; charset=UTF-8,,,7959c91414d0e2a9b684837c95ea90c51ca0f83b915c02e4113376168944ec0a,35092,objects/79/7959c91414d0e2a9b684837c95ea90c51ca0f83b915c02e4113376168944ec0a.html,https://portfolio.jetp.id/program/enerkey-project,
idn-portfolio-efsd,IDN,2026-09-12T09:00:00Z,collected,200,text/html; charset=UTF-8,,,b106c4937b24ed53f30fdb131d2de8fccd2c600e3a3dcef3b5fcdc5b69b78b47,34967,objects/b1/b106c4937b24ed53f30fdb131d2de8fccd2c600e3a3dcef3b5fcdc5b69b78b47.html,https://portfolio.jetp.id/program/european-fund-for-sustainable-development-plus-efsd-for-energy-project-preparation,
idn-portfolio-case,IDN,2026-09-12T09:00:00Z,collected,200,text/html; charset=UTF-8,,,eda8ee68a22d24662b1a6a78c51395f6213b5ba2e0bfbb5f8511fc9c3278abd8,40463,objects/ed/eda8ee68a22d24662b1a6a78c51395f6213b5ba2e0bfbb5f8511fc9c3278abd8.html,https://portfolio.jetp.id/program/clean-affordable-and-secure-energy-for-southeast-asia-case,
idn-portfolio-entri,IDN,2026-09-12T09:00:00Z,collected,200,text/html; charset=UTF-8,,,1da39c852a12ddd4bf4c285cf617db37eb30087de016b3992890019626898be8,37846,objects/1d/1da39c852a12ddd4bf4c285cf617db37eb30087de016b3992890019626898be8.html,https://portfolio.jetp.id/program/renewable-energy-mini-grids-triangular-cooperation-entri-project,
idn-portfolio-candi-umbul,IDN,2026-09-12T09:00:00Z,collected,200,text/html; charset=UTF-8,,,b36d596de0a904a9df6d2028e5dd7da500dfb29558c0cbe1122838a93a778a65,36132,objects/b3/b36d596de0a904a9df6d2028e5dd7da500dfb29558c0cbe1122838a93a778a65.html,https://portfolio.jetp.id/program/candi-umbul-geothermal-project,
idn-portfolio-carbon-monetization,IDN,2026-09-12T09:00:00Z,collected,200,text/html; charset=UTF-8,,,392231da596fe6037ef9dc219a114698a8c9fb8a901b23cd3670ceb45e4cb1a7,35106,objects/39/392231da596fe6037ef9dc219a114698a8c9fb8a901b23cd3670ceb45e4cb1a7.html,https://portfolio.jetp.id/program/carbon-monetization,
idn-portfolio-energy-hub,IDN,2026-09-12T09:00:00Z,collected,200,text/html; charset=UTF-8,,,f1dd20e2bdd194a17227f3f67ce7f7a28a124d35d32c94cec54bdf1d493952e3,37199,objects/f1/f1dd20e2bdd194a17227f3f67ce7f7a28a124d35d32c94cec54bdf1d493952e3.html,https://portfolio.jetp.id/program/energy-hub,
idn-portfolio-esmap-uk,IDN,2026-09-12T09:00:00Z,collected,200,text/html; charset=UTF-8,,,2e81b87d5b706704e96374b10ef31d493c53ff666a66e8daf33295cb45b027b5,36088,objects/2e/2e81b87d5b706704e96374b10ef31d493c53ff666a66e8daf33295cb45b027b5.html,https://portfolio.jetp.id/program/energy-sector-management-assistance-program,
idn-portfolio-cfpp-repurposing,IDN,2026-09-12T09:00:00Z,collected,200,text/html; charset=UTF-8,,,a2cf03c30488fa88221fce491eb5a6d334d9f25faf9fc6b97e34b812142cbad6,37268,objects/a2/a2cf03c30488fa88221fce491eb5a6d334d9f25faf9fc6b97e34b812142cbad6.html,https://portfolio.jetp.id/program/coal-fired-power-plant-site-repurposing,
idn-portfolio-etp,IDN,2026-09-12T09:05:00Z,collected,200,text/html; charset=UTF-8,,,272849c8b5275d7237b7fd82f37ad74237833f44df099ecf455dfc211bf1d99e,37341,objects/27/272849c8b5275d7237b7fd82f37ad74237833f44df099ecf455dfc211bf1d99e.html,https://portfolio.jetp.id/program/south-east-asia-energy-transition-partnership-etp,
idn-portfolio-euicf,IDN,2026-09-12T09:05:00Z,collected,200,text/html; charset=UTF-8,,,745ad9d8da149cbb1fdbc24a3754d57ca10f0d98a48b2f3e202e27649391dd3a,37201,objects/74/745ad9d8da149cbb1fdbc24a3754d57ca10f0d98a48b2f3e202e27649391dd3a.html,https://portfolio.jetp.id/program/eu-indonesia-cooperation-facility,
idn-portfolio-ietf,IDN,2026-09-12T09:05:00Z,collected,200,text/html; charset=UTF-8,,,55dd7f617bfc97ac518b3a1c943612c6b790e198aa68e63cefd64a89f74738e7,39646,objects/55/55dd7f617bfc97ac518b3a1c943612c6b790e198aa68e63cefd64a89f74738e7.html,https://portfolio.jetp.id/program/ietf-indonesia-energy-transition-facility,
idn-portfolio-ipdf,IDN,2026-09-12T09:05:00Z,collected,200,text/html; charset=UTF-8,,,5f633f8d8a8f3a36e2bebd56193772dfafce15d7f09f2fb780dac9b21a9586c6,36352,objects/5f/5f633f8d8a8f3a36e2bebd56193772dfafce15d7f09f2fb780dac9b21a9586c6.html,https://portfolio.jetp.id/program/indonesia-policy-dialogue-fund-ipdf,
idn-portfolio-etmptf,IDN,2026-09-12T09:05:00Z,collected,200,text/html; charset=UTF-8,,,447f51f5111bdf21d628d823c482441898f97f7209d9b85140f93f28ac9b510e,38667,objects/44/447f51f5111bdf21d628d823c482441898f97f7209d9b85140f93f28ac9b510e.html,https://portfolio.jetp.id/program/energy-transition-mechanism-partnership-trust-fund-etmptf-1,
idn-portfolio-etap,IDN,2026-09-12T09:05:00Z,collected,200,text/html; charset=UTF-8,,,fca089fa078399c9c35be0e4e175bafecbdc0f5a45ccb1efaf9f5145de6e73c3,36532,objects/fc/fca089fa078399c9c35be0e4e175bafecbdc0f5a45ccb1efaf9f5145de6e73c3.html,https://portfolio.jetp.id/program/energy-transition-acceleration-programme-etap,
idn-portfolio-iki-jet,IDN,2026-09-12T09:05:00Z,collected,200,text/html; charset=UTF-8,,,85fb7a8c421204f61a6b73df8024be99cfe22c2c4d3d1ba4d9f2c6e64df3135c,36660,objects/85/85fb7a8c421204f61a6b73df8024be99cfe22c2c4d3d1ba4d9f2c6e64df3135c.html,https://portfolio.jetp.id/program/innovation-regions-for-a-just-energy-transition-iki-jet,
idn-portfolio-gesit,IDN,2026-09-12T09:05:00Z,collected,200,text/html; charset=UTF-8,,,749ca75a13d63163ab73df1095aaafe8d43a68437d6c56ad25c7e84634cc6892,38215,objects/74/749ca75a13d63163ab73df1095aaafe8d43a68437d6c56ad25c7e84634cc6892.html,https://portfolio.jetp.id/program/green-jobs-for-social-inclusion-and-sustainable-transformation-gesit,
idn-portfolio-explore,IDN,2026-09-12T09:05:00Z,collected,200,text/html; charset=UTF-8,,,2e1dc8c230a373e44dabbcd0ac722762bbfb791ad6a79fd1482ea3502ab67a56,37842,objects/2e/2e1dc8c230a373e44dabbcd0ac722762bbfb791ad6a79fd1482ea3502ab67a56.html,https://portfolio.jetp.id/program/strategic-exploration-of-economic-mitigation-potentials-through-renewables-explore-project,
idn-portfolio-iki-flex,IDN,2026-09-12T09:05:00Z,collected,200,text/html; charset=UTF-8,,,1c923c0aa8b11c95cb764063c687d82524d53f4c798029f1ac3e104c9705ebc2,34909,objects/1c/1c923c0aa8b11c95cb764063c687d82524d53f4c798029f1ac3e104c9705ebc2.html,https://portfolio.jetp.id/program/iki-flex-jetp-support-package-1,
idn-portfolio-green-energy-transition,IDN,2026-09-12T09:05:00Z,collected,200,text/html; charset=UTF-8,,,721cb35a8ed94429e3c5b4c6ccf4bd622c2dd659a6823e18578ee846a4274164,35823,objects/72/721cb35a8ed94429e3c5b4c6ccf4bd622c2dd659a6823e18578ee846a4274164.html,https://portfolio.jetp.id/program/green-energy-transition-indonesia,
idn-portfolio-growth-gateway,IDN,2026-09-12T09:05:00Z,collected,200,text/html; charset=UTF-8,,,76393f19e906fca4e783255b14efcaab84af2de52af5ec0b1e6ae01d8aca3eed,35632,objects/76/76393f19e906fca4e783255b14efcaab84af2de52af5ec0b1e6ae01d8aca3eed.html,https://portfolio.jetp.id/program/growth-gateway,
