retrieval_id,document_id,retrieved_at,status,http_status,content_type,etag,last_modified,final_url,error,sha256
zaf-pcc-jet-ip:1,zaf-pcc-jet-ip,2026-09-11T20:39:00Z,collected,200,text/html; charset=UTF-8,"""fd1296b42b82de0206c472a35ae2b4e4-ssl-df""",,https://www.climatecommission.org.za/south-africas-jet-ip,,d1fb46a6d723758aeb2b320ed732a90ff37dbbdc75da91cd3a1cdacd2a52c214
zaf-jet-implementation-plan-2023-2027:1,zaf-jet-implementation-plan-2023-2027,2026-09-11T20:39:00Z,collected,200,application/pdf,"""6719df39-3b8b77""","Thu, 24 Oct 2024 05:46:33 GMT",https://justenergytransition.co.za/wp-content/uploads/2024/10/JET-Implementation-Plan-2023-2027-1.pdf,,6247513b96541b64669ba4a1f4722e100d7b89c4d782d1f1371f7bf0a78be469
idn-cipp-portal:1,idn-cipp-portal,2026-09-11T20:39:00Z,blocked,403,text/plain,,,https://jetp-id.org/cipp,HTTP 403,
idn-cipp-2023:1,idn-cipp-2023,2026-09-11T20:39:00Z,blocked,403,text/plain,,,https://jetp-id.org/storage/official-jetp-cipp-2023-vshare_f_en-1700532655.pdf,HTTP 403,
vnm-moit-portal:1,vnm-moit-portal,2026-09-11T20:39:00Z,collected,200,text/html; charset=utf-8,,,https://jetp.moit.gov.vn/,,8a616bbf1c223cde512cf67a826e370b621aba576a7ca5fdc51ce731e738c39b
vnm-rmp-2023:1,vnm-rmp-2023,2026-09-11T20:39:00Z,collected,200,application/pdf,,"Fri, 01 Dec 2023 12:06:13 GMT",https://climate.ec.europa.eu/system/files/2023-12/RMP_Viet%20Nam_Eng_%28Final%20to%20publication%29.pdf,,b145af2e7f4a441dc87d7ec2d99a29e1e6d7b265406d398dd64013dd4560733c
sen-eu-portal:1,sen-eu-portal,2026-09-11T20:39:00Z,collected,200,text/html; charset=UTF-8,,,https://international-partnerships.ec.europa.eu/policies/global-gateway/just-energy-transition-partnership-senegal_en,,6beae946aef01ed50878e4f4f1ab6bc1e054b29075da48e7348b51f7f39639b4
sen-investment-plan-l4:1,sen-investment-plan-l4,2026-09-11T20:39:00Z,fetch_error,,,,,https://www.itie.sn/wp-content/uploads/2025/06/20250402-ENERCAP-Livrable-L4-v5-clean-1.pdf,"RetryError: HTTPSConnectionPool(host='www.itie.sn', port=443): Max retries exceeded with url: /wp-content/uploads/2025/06/20250402-ENERCAP-Livrable-L4-v5-clean-1.pdf (Caused by ResponseError('too many 502 error responses'))",
zaf-pcc-jet-ip:2,zaf-pcc-jet-ip,2026-09-11T20:42:35Z,collected,200,text/html; charset=UTF-8,"""fd1296b42b82de0206c472a35ae2b4e4-ssl-df""",,https://www.climatecommission.org.za/south-africas-jet-ip,,d1fb46a6d723758aeb2b320ed732a90ff37dbbdc75da91cd3a1cdacd2a52c214
zaf-jet-implementation-plan-2023-2027:2,zaf-jet-implementation-plan-2023-2027,2026-09-11T20:42:35Z,not_modified,304,application/pdf,"""6719df39-3b8b77""","Thu, 24 Oct 2024 05:46:33 GMT",https://justenergytransition.co.za/wp-content/uploads/2024/10/JET-Implementation-Plan-2023-2027-1.pdf,,6247513b96541b64669ba4a1f4722e100d7b89c4d782d1f1371f7bf0a78be469
idn-cipp-portal:2,idn-cipp-portal,2026-09-11T20:42:35Z,blocked,403,text/plain,,,https://jetp-id.org/cipp,HTTP 403,
idn-cipp-2023:2,idn-cipp-2023,2026-09-11T20:42:35Z,blocked,403,text/plain,,,https://jetp-id.org/storage/official-jetp-cipp-2023-vshare_f_en-1700532655.pdf,HTTP 403,
vnm-moit-portal:2,vnm-moit-portal,2026-09-11T20:42:35Z,collected,200,text/html; charset=utf-8,,,https://jetp.moit.gov.vn/,,8a616bbf1c223cde512cf67a826e370b621aba576a7ca5fdc51ce731e738c39b
vnm-rmp-2023:2,vnm-rmp-2023,2026-09-11T20:42:35Z,not_modified,304,application/pdf,,"Fri, 01 Dec 2023 12:06:13 GMT",https://climate.ec.europa.eu/system/files/2023-12/RMP_Viet%20Nam_Eng_%28Final%20to%20publication%29.pdf,,b145af2e7f4a441dc87d7ec2d99a29e1e6d7b265406d398dd64013dd4560733c
sen-eu-portal:2,sen-eu-portal,2026-09-11T20:42:35Z,collected,200,text/html; charset=UTF-8,,,https://international-partnerships.ec.europa.eu/policies/global-gateway/just-energy-transition-partnership-senegal_en,,6beae946aef01ed50878e4f4f1ab6bc1e054b29075da48e7348b51f7f39639b4
sen-investment-plan-l4:2,sen-investment-plan-l4,2026-09-11T20:42:35Z,fetch_error,,,,,https://www.itie.sn/wp-content/uploads/2025/06/20250402-ENERCAP-Livrable-L4-v5-clean-1.pdf,"RetryError: HTTPSConnectionPool(host='www.itie.sn', port=443): Max retries exceeded with url: /wp-content/uploads/2025/06/20250402-ENERCAP-Livrable-L4-v5-clean-1.pdf (Caused by ResponseError('too many 502 error responses'))",
sen-investment-plan-l4-mirror:1,sen-investment-plan-l4-mirror,2026-09-11T20:42:35Z,collected,200,application/pdf,,"Thu, 30 Apr 2026 03:28:18 GMT",https://www.vie-publique.sn/docs/002da0bc-10a7-458c-9111-09accbd0f255/plan-investissement-transition-energetique-juste-jet-senegal-mepm.pdf,,97c36b242257462f024a934baee6bed3aa02fe0e4917f076d7b865701db65dca
idn-cipp-2023-cpr-mirror:1,idn-cipp-2023-cpr-mirror,2026-09-11T20:47:57Z,collected,200,application/pdf,"""49e5e699deb891a8f9be4646f4a2bd90-2""","Mon, 01 Jul 2024 09:24:17 GMT",https://cdn.climatepolicyradar.org/navigator/IDN/2023/comprehensive-investment-and-policy-plan_111dabc5e962ec140a6080232a0bb367.pdf,,747283facac512780ad757313c493d1080c39705824e72c4b231e87ecb4102b5
zaf-jet-investment-register-q1-2026:1,zaf-jet-investment-register-q1-2026,2026-09-12T05:26:22Z,collected,200,text/html; charset=utf-8,,"Fri, 11 Sep 2026 19:33:14 GMT",https://justenergytransition.co.za/jet-investment-register-dashboard,,5b5d6442da4e9e57b3c83b7bfc04a19135b2c5bf750c2480685d9d084dc093f4
zaf-jet-ip-2023-2027:1,zaf-jet-ip-2023-2027,2026-09-12T05:33:00Z,collected,200,application/pdf,"""6719df0f-4c2459""","Thu, 24 Oct 2024 05:45:51 GMT",https://justenergytransition.co.za/wp-content/uploads/2024/10/South-Africas-Just-Energy-Transition-Investment-Plan-JET-IP-2023-2027-FINAL-1.pdf,,466acffcf763f3f3b53adac1c93704919a29d18f04e9924d13c1cdc225df5863
zaf-jet-quarterly-2024-q3:1,zaf-jet-quarterly-2024-q3,2026-09-12T05:33:00Z,collected,200,application/pdf,"""67517708-bed61""","Thu, 05 Dec 2024 09:48:56 GMT",https://justenergytransition.co.za/wp-content/uploads/2024/12/Just-Energy-Transition_Progress-Report-v2.pdf,,14708bcd78873beb59cf9d62005398e2c95c3ef269c41bc8cf5f0a2b1fafb261
zaf-jet-quarterly-2024-q4:1,zaf-jet-quarterly-2024-q4,2026-09-12T05:33:00Z,collected,200,application/pdf,"""67bc6b66-6727b""","Mon, 24 Feb 2025 12:51:50 GMT",https://justenergytransition.co.za/wp-content/uploads/2025/02/Just-Energy-Transition_Progress-Report-December-2024Final-1.pdf,,253bba2d9fbc20e9d45c4b548a802d94f8f01dc2833d2616169df980aa2fc31b
zaf-jet-quarterly-2025-q1:1,zaf-jet-quarterly-2025-q1,2026-09-12T05:33:00Z,collected,200,application/pdf,"""68010d30-6d25c""","Thu, 17 Apr 2025 14:16:16 GMT",https://justenergytransition.co.za/wp-content/uploads/2025/04/JetQuarterly31March2025.pdf,,4546672523b697aa340b18596ef70d230ae9bf608559897935b284b29e58475f
zaf-jet-quarterly-2025-q2:1,zaf-jet-quarterly-2025-q2,2026-09-12T05:33:00Z,collected,200,application/pdf,"""6895f8cf-7fa18""","Fri, 08 Aug 2025 13:17:03 GMT",https://justenergytransition.co.za/wp-content/uploads/2025/08/Jet-IP-Quarterly-Report-30-June-2025-1.pdf,,29aa0cbf8952ae60d8d80e179e3328d265498de9989324279ce478cea2fe3e08
zaf-jet-quarterly-2025-q3:1,zaf-jet-quarterly-2025-q3,2026-09-12T05:33:00Z,collected,200,application/pdf,"""69286120-105a73""","Thu, 27 Nov 2025 14:33:04 GMT",https://justenergytransition.co.za/wp-content/uploads/2025/11/Jet-Quarterly-30-Sep-2025-Revised.pdf,,30036881a61b6d2c366347d111e6f24959ad9b54022162ad63d8614e2000c417
zaf-jet-quarterly-2025-q4:1,zaf-jet-quarterly-2025-q4,2026-09-12T05:33:00Z,collected,200,application/pdf,"""69aa89e0-10b0c4""","Fri, 06 Mar 2026 08:01:36 GMT",https://justenergytransition.co.za/wp-content/uploads/2026/03/JET-IP-Quarterly-Report-31-December-2025.pdf,,2fa3e3dfb2ce5defa0cb6bd65cc2eda1028272f49b72f913847cb2d0f311277d
zaf-jet-quarterly-2026-q1:1,zaf-jet-quarterly-2026-q1,2026-09-12T05:33:00Z,collected,200,application/pdf,"""6a3e7cff-90e4d""","Fri, 26 Jun 2026 13:22:07 GMT",https://justenergytransition.co.za/wp-content/uploads/2026/06/JET-IP-2026-Q1-Progress-Report-final.pdf,,1b62a65fd70c70b0234379fcc4fcda064e9175fc9aee21a37c97b283e1b8dc13
zaf-jet-grants-register-2024-q2:1,zaf-jet-grants-register-2024-q2,2026-09-12T05:34:32Z,collected,200,application/pdf,"""67190130-e769f""","Wed, 23 Oct 2024 13:59:12 GMT",https://justenergytransition.co.za/wp-content/uploads/2024/10/JET-Grants-Register-2024Q1-2024Q2.pdf,,8f6fcef78bf9ddb9c67fee3225448e0b6ac6f1d88a6c77cd58a9282cd0ebaf06
zaf-jet-grants-register-2024-q3:1,zaf-jet-grants-register-2024-q3,2026-09-12T05:34:32Z,collected,200,application/vnd.openxmlformats-officedocument.spreadsheetml.sheet,"""bc1df-6276bcc77b9e7""","Thu, 21 Nov 2024 12:56:45 GMT",https://justenergytransition.co.za/wp-content/uploads/2024/11/JET-Grants-Register-2024Q1-2024Q3-Published-Final.-xlsx.xlsx,,07645661df0c9a4ef97e0a172b8a3f5c92cc5371f992c70a2b3d5420f93c8147
zaf-jet-grants-register-2025-q1:1,zaf-jet-grants-register-2025-q1,2026-09-12T05:34:32Z,collected,200,application/vnd.openxmlformats-officedocument.spreadsheetml.sheet,"""b549d-62fadec98f213""","Thu, 06 Mar 2025 15:11:45 GMT",https://justenergytransition.co.za/wp-content/uploads/2025/03/JETGrantsRegister2025Q1-Published.xlsx,,6eae2fffc800f6c82c2d03b21af150ba633bf60992bd8e37a98515808e44d9c0
zaf-jet-pmu-resource-hub:1,zaf-jet-pmu-resource-hub,2026-09-12T05:41:03Z,collected,200,text/html; charset=utf-8,,"Fri, 11 Sep 2026 14:39:18 GMT",https://justenergytransition.co.za/resource-hub,,f2b4a521e71812e706c2c1e9921e0aa1caca67e8cbecf9b43f016322b5364e90
zaf-jet-pmu-news:1,zaf-jet-pmu-news,2026-09-12T05:41:03Z,collected,200,text/html; charset=utf-8,,"Fri, 11 Sep 2026 15:10:35 GMT",https://justenergytransition.co.za/news,,78f07581f3c8a74ab454a3c10b006bedfc2e752bb325bb572984ced868d297e2
zaf-jet-pmu-projects:1,zaf-jet-pmu-projects,2026-09-12T05:41:03Z,collected,200,text/html; charset=utf-8,,"Fri, 11 Sep 2026 19:18:35 GMT",https://justenergytransition.co.za/projects,,2042a0c2ffcecbf8e88875eb0914b7ebf383ae6f0b95ddcc0875f9db379d6439
zaf-project-nomzamo-agri-village:1,zaf-project-nomzamo-agri-village,2026-09-12T05:41:56Z,collected,200,text/html; charset=utf-8,,"Fri, 11 Sep 2026 14:33:05 GMT",https://justenergytransition.co.za/project/sustainable-local-development-in-nomzamo-agri-village-ermelo-mpumalanga,,17dadaab38c5eb181c7e9e98b27a948f17ea6aaf9b4979b71d3b0443e2a104c2
zaf-project-just-transition-framework-france:1,zaf-project-just-transition-framework-france,2026-09-12T05:41:56Z,collected,200,text/html; charset=utf-8,,"Sat, 12 Sep 2026 00:29:27 GMT",https://justenergytransition.co.za/project/implementation-of-the-just-transitions-framework-france,,d7b80fd7d7b122d878f907057e294e1c890215d788e9a135562056a0a72df228
zaf-project-mining-ghost-towns-france:1,zaf-project-mining-ghost-towns-france,2026-09-12T05:41:56Z,collected,200,text/html; charset=UTF-8,,"Sat, 12 Sep 2026 05:42:06 GMT",https://justenergytransition.co.za/project/revitalisation-of-mining-ghost-towns-france,,3569ee7951a74ab9ac9a3a2478053d12dd9e4ada10d977685c717089e892e00a
zaf-project-social-policies-france:1,zaf-project-social-policies-france,2026-09-12T05:41:56Z,collected,200,text/html; charset=utf-8,,"Sat, 12 Sep 2026 00:29:29 GMT",https://justenergytransition.co.za/project/the-role-of-social-policies-in-the-framework-for-just-transition-france,,b35d0a68d8d129fa811eaa3ba97a20a74a1f43cd13b7c61f7a7a56433d737d90
zaf-project-lessons-best-practices-uk:1,zaf-project-lessons-best-practices-uk,2026-09-12T05:41:56Z,collected,200,text/html; charset=UTF-8,,"Sat, 12 Sep 2026 05:42:08 GMT",https://justenergytransition.co.za/project/distilling-the-just-energy-transition-in-south-africa-lessons-learned-and-best-practices-uk,,f430e953bd45429a63ae07d27801a2afc861e151cafd4fc948f7b8116fff6c85
zaf-project-mpumalanga-pathways-uk:1,zaf-project-mpumalanga-pathways-uk,2026-09-12T05:41:56Z,collected,200,text/html; charset=utf-8,,"Fri, 11 Sep 2026 19:19:13 GMT",https://justenergytransition.co.za/project/mapping-mitigation-and-adaptation-pathways-for-mpumalanga-uk,,c1e98dbc781f899a0326dac79dc6452962917ea3d305b1d88dcebd076a722dba
zaf-project-cape-town-grid-uk-pact:1,zaf-project-cape-town-grid-uk-pact,2026-09-12T05:41:56Z,collected,200,text/html; charset=utf-8,,"Fri, 11 Sep 2026 20:50:14 GMT",https://justenergytransition.co.za/project/city-of-cape-town-grid-regulation-uk-pact-skill-share,,9350eb6365ee644dfedf58b35b8c1d6c1ff6bf6ebe286b8f59902d65161dc441
zaf-project-energy-one-stop-shop-uk-pact:1,zaf-project-energy-one-stop-shop-uk-pact,2026-09-12T05:41:56Z,collected,200,text/html; charset=utf-8,,"Sat, 12 Sep 2026 00:29:52 GMT",https://justenergytransition.co.za/project/energy-one-stop-shop-uk-pact-skill-share-supporting-south-africas-just-energy-transition,,8c8ddbb8f29f7c8ae49b9f34f946301ac75458e740c39dbf49ab81f50fc9bac4
zaf-project-just-sa-germany:1,zaf-project-just-sa-germany,2026-09-12T05:41:56Z,collected,200,text/html; charset=utf-8,,"Fri, 11 Sep 2026 20:28:40 GMT",https://justenergytransition.co.za/project/just-transition-to-a-decarbonised-economy-for-south-africa-just-sa,,2f09219b51f4db2bee7e3a9a6a340da7654e2d1f0d8649de9ba03a78b1e05d48
zaf-project-sagen-germany:1,zaf-project-sagen-germany,2026-09-12T05:41:56Z,collected,200,text/html; charset=utf-8,,"Sat, 12 Sep 2026 00:29:50 GMT",https://justenergytransition.co.za/project/south-african-german-energy-programme-sagen-2,,707a3a6f6be714b4e3e77f8033efd46ad55cf73a8c3469994bd795fc035865f9
zaf-project-h2sa-ptx-hub-germany:1,zaf-project-h2sa-ptx-hub-germany,2026-09-12T05:41:56Z,collected,200,text/html; charset=UTF-8,,"Sat, 12 Sep 2026 05:42:11 GMT",https://justenergytransition.co.za/project/promoting-the-development-of-a-green-hydrogen-sector-in-south-africa-h2-sa-and-international-ptx-hub-south-africa,,4de791102aeda24945d9fbe7834409af40368940c3c80358a09c1cc6d24922c1
zaf-project-cpd4e-germany:1,zaf-project-cpd4e-germany,2026-09-12T05:41:56Z,collected,200,text/html; charset=utf-8,,"Sat, 12 Sep 2026 00:29:59 GMT",https://justenergytransition.co.za/project/south-african-german-energy-programme-sagen,,74a2d07e621d4f3b456d23678833cbcd21a6bccf03820c59e16235373e07d040
zaf-eu-jetp-country-page:1,zaf-eu-jetp-country-page,2026-09-12T05:54:24Z,collected,200,text/html; charset=UTF-8,,,https://international-partnerships.ec.europa.eu/policies/global-gateway/just-energy-transition-partnership-south-africa-0_en,,3c02118e44c74cfcaf8e5d0cdc927adebfee82e51c727cb88dc5bf2603982634
zaf-afd-jet-policy-loan-2024:1,zaf-afd-jet-policy-loan-2024,2026-09-12T05:54:35Z,collected,200,text/html; charset=UTF-8,,,https://www.afd.fr/en/projects/supporting-just-dimensions-south-africas-just-energy-transition,,760dc22c28433651c91b364623c07f2180deb02620cee12f75b77fdeaa252f45
zaf-kfw-jetp-project-profile:1,zaf-kfw-jetp-project-profile,2026-09-12T05:54:44Z,collected,200,text/html; charset=utf-8,,"Fri, 11 Sep 2026 23:02:04 GMT",https://www.kfw-entwicklungsbank.de/Global/Subsahara-Africa/PI-Just-energy-transition-South-Africa/,,5c2698a22e51b3fd6ab6a1eb26e1b13e87e89eccfe9582e85992a3467c44d0ea
zaf-fcdo-jetp-programme-301523:1,zaf-fcdo-jetp-programme-301523,2026-09-12T05:54:53Z,collected,200,text/html;charset=utf-8,,,https://devtracker.fcdo.gov.uk/programme/GB-GOV-1-301523/summary,,0060913d18da32bec55cb5d4413d7a02fb3d2de46ddda04ad845c845d922bee9
zaf-jet-us-withdrawal-2025:1,zaf-jet-us-withdrawal-2025,2026-09-12T05:55:01Z,collected,200,application/pdf,"""67c9bb31-1d3a7""","Thu, 06 Mar 2025 15:11:45 GMT",https://justenergytransition.co.za/wp-content/uploads/2025/03/20250306_SouthAfricasJustEnergyTransitionProjectManagementUnitAcknowledgestheUnitesStatesWithdrawalfromtheJustEnergyTransitionPartnership.pdf,,3894898ab89478f9ba76dc9d0b7686000ce866219d67bc3156cbd4ed294a9db2
zaf-eib-dbsa-renewables-2024:1,zaf-eib-dbsa-renewables-2024,2026-09-12T05:55:10Z,collected,200,text/html; charset=utf-8,,,https://www.eib.org/en/press/all/2024-329-eib-and-development-bank-of-southern-africa-increase-support-for-private-sector-renewable-energy-to-eur-600-million-zar-11-9-billion,,410de8d7ea774a4f7ec15379b25573d1d454e70f6f2a044e6efbc179f6d20a84
zaf-jet-us-withdrawal-2025:2,zaf-jet-us-withdrawal-2025,2026-09-12T05:55:19Z,not_modified,304,application/pdf,"""67c9bb31-1d3a7""","Thu, 06 Mar 2025 15:11:45 GMT",https://justenergytransition.co.za/wp-content/uploads/2025/03/20250306_SouthAfricasJustEnergyTransitionProjectManagementUnitAcknowledgestheUnitesStatesWithdrawalfromtheJustEnergyTransitionPartnership.pdf,,3894898ab89478f9ba76dc9d0b7686000ce866219d67bc3156cbd4ed294a9db2
zaf-world-bank-eskom-jet-p177398:1,zaf-world-bank-eskom-jet-p177398,2026-09-12T05:55:18Z,collected,200,text/html;charset=utf-8,,"Sat, 05 Sep 2026 14:00:15 GMT",https://projects.worldbank.org/en/projects-operations/project-detail/P177398,,24af1e58886d85708b6c567ebdff768d86a6f553ea77ab3d1df022d79b083bc8
zaf-eib-dbsa-renewables-2024:2,zaf-eib-dbsa-renewables-2024,2026-09-12T05:55:24Z,collected,200,text/html; charset=utf-8,,,https://www.eib.org/en/press/all/2024-329-eib-and-development-bank-of-southern-africa-increase-support-for-private-sector-renewable-energy-to-eur-600-million-zar-11-9-billion,,410de8d7ea774a4f7ec15379b25573d1d454e70f6f2a044e6efbc179f6d20a84
zaf-afdb-jet-funding-platform:1,zaf-afdb-jet-funding-platform,2026-09-12T05:55:26Z,blocked,403,text/html; charset=UTF-8,,,https://www.afdb.org/en/projects-and-operations/p-za-i00-013,HTTP 403,
zaf-world-bank-eskom-jet-p177398:2,zaf-world-bank-eskom-jet-p177398,2026-09-12T05:55:30Z,not_modified,304,text/html;charset=utf-8,,"Sat, 05 Sep 2026 14:00:15 GMT",https://projects.worldbank.org/en/projects-operations/project-detail/P177398,,24af1e58886d85708b6c567ebdff768d86a6f553ea77ab3d1df022d79b083bc8
zaf-afdb-jet-funding-platform:2,zaf-afdb-jet-funding-platform,2026-09-12T05:55:36Z,blocked,403,text/html; charset=UTF-8,,,https://www.afdb.org/en/projects-and-operations/p-za-i00-013,HTTP 403,
zaf-dbsa-ntcsa-transmission:1,zaf-dbsa-ntcsa-transmission,2026-09-12T05:55:34Z,collected,200,text/html; charset=UTF-8,,,https://www.dbsa.org/press-releases/dbsa-and-ntcsa-accelerate-sas-transmission-network-expansion,,abf673d3404f1eb80add1179eb4d34d9453012035bf3b279e2c4c0f5beb5341c
zaf-dbsa-ntcsa-transmission:2,zaf-dbsa-ntcsa-transmission,2026-09-12T05:55:43Z,collected,200,text/html; charset=UTF-8,,,https://www.dbsa.org/press-releases/dbsa-and-ntcsa-accelerate-sas-transmission-network-expansion,,abf673d3404f1eb80add1179eb4d34d9453012035bf3b279e2c4c0f5beb5341c
zaf-ntcsa-transmission-plans:1,zaf-ntcsa-transmission-plans,2026-09-12T05:55:43Z,collected,200,text/html; charset=UTF-8,,,https://www.ntcsa.co.za/transmission-development-plans-tdp/,,218f5f97bcbbbdca7dd707cd1531040c386dc6cc612133aeda5c016f70d3e97c
zaf-ntcsa-transmission-plans:2,zaf-ntcsa-transmission-plans,2026-09-12T05:55:52Z,collected,200,text/html; charset=UTF-8,,,https://www.ntcsa.co.za/transmission-development-plans-tdp/,,69ebf7763d572ccdb0c6e23636c51338b4975f998ba3b85d69b85a6971a0a198
zaf-jetp-political-declaration-2021:1,zaf-jetp-political-declaration-2021,2026-09-12T06:08:14Z,collected,200,application/pdf,"""263c3bc548ac61816e736de3f21ad4c8""",,https://www.bundesregierung.de/resource/blob/974430/1974538/b2264555c87d8cbdd97bd1eb8b16387a/political-declaration-on-the-just-energy-transition-in-south-africa-data.pdf?download=1,,8726b157774774fd5ec1404668c504593bae573f8809f57419fda155f092ea87
zaf-jetp-leaders-midyear-2022:1,zaf-jetp-leaders-midyear-2022,2026-09-12T06:08:23Z,http_error,405,text/html; charset=UTF-8,,,https://webarchive.nationalarchives.gov.uk/ukgwa/20230311221000/https:/ukcop26.org/six-month-update-on-progress-in-advancing-the-just-energy-transition-partnership-jetp/,HTTP 405,
zaf-jetp-leaders-2022:1,zaf-jetp-leaders-2022,2026-09-12T06:08:31Z,collected,200,text/html; charset=utf-8,"W/""0a024bfa3945597ff0ae0622d35e9f1c""",,https://www.gov.uk/government/publications/advancing-the-south-africa-just-energy-transition-partnership-12-month-progress-update/twelve-month-update-on-progress-in-advancing-the-south-africa-just-energy-transition-partnership,,0a024bfa3945597ff0ae0622d35e9f1c567c1d7e481da4748e0bd5c1a2b291ca
zaf-jetp-leaders-2023:1,zaf-jetp-leaders-2023,2026-09-12T06:08:39Z,collected,200,text/html; charset=utf-8,"W/""be3b8d7542778d39b920dc1a4620cfcd""",,https://www.gov.uk/government/news/advancing-the-south-africa-just-energy-transition-partnership,,be3b8d7542778d39b920dc1a4620cfcdf8ad9940ba1a32f2aa3740b9ff92b0b7
zaf-jetp-leaders-2024:1,zaf-jetp-leaders-2024,2026-09-12T06:08:48Z,collected,200,text/html; charset=utf-8,"W/""f2078f959a346d634d7a25702769530f""",,https://www.gov.uk/government/news/twelve-month-just-energy-transition-partnership-leaders-update-for-2024,,f2078f959a346d634d7a25702769530fa009c7e6e1b07a10862cdaa9935b4604
zaf-jetp-leaders-2025:1,zaf-jetp-leaders-2025,2026-09-12T06:08:58Z,collected,200,text/html; charset=utf-8,"W/""2ba1f1ee12a90391f169e67630b8d8d6""",,https://www.gov.uk/government/news/12-month-just-energy-transition-partnership-leaders-update-2025,,2ba1f1ee12a90391f169e67630b8d8d6a4b817b1eb7dcf9bcd56bdab13988353
zaf-jetp-leaders-2025-annex:1,zaf-jetp-leaders-2025-annex,2026-09-12T06:09:15Z,collected,200,application/pdf,"""6932910b-1235d""","Fri, 05 Dec 2025 08:00:11 GMT",https://assets.publishing.service.gov.uk/media/6932910acdec734f4dff42af/Annex_-_IPG_Project_Updates_2025.pdf,,6ca2eac8887e7f6da292d841ad97629b7c4a0ea22e91ff3568ef2cc94b7bbaa3
zaf-jet-grants-register-2023-q3:1,zaf-jet-grants-register-2023-q3,2026-09-12T06:09:25Z,collected,200,application/pdf,"""6728627b-a2842""","Mon, 04 Nov 2024 05:58:19 GMT",https://justenergytransition.co.za/wp-content/uploads/2024/11/JET-2023Q3Register.pdf,,fa8fd693d1d0d53c7478e9b3850da16ad83955bf2c715c5983634819c2315d16
zaf-jet-grants-faq-2024:1,zaf-jet-grants-faq-2024,2026-09-12T06:10:05Z,collected,200,application/pdf,"""67190176-36a06""","Wed, 23 Oct 2024 14:00:22 GMT",https://justenergytransition.co.za/wp-content/uploads/2024/10/Grants-register-FAQs.pdf,,4bb09e88215cdc1d1ecc79da90c3a98c1213978f82cba0286265a060ae48607e
zaf-jet-grants-storyline-2024:1,zaf-jet-grants-storyline-2024,2026-09-12T06:09:34Z,fetch_error,,,,,https://www.stateofthenation.gov.za/assets/downloads/climate/Grants%20register%20overview.pdf,"RetryError: HTTPSConnectionPool(host='www.stateofthenation.gov.za', port=443): Max retries exceeded with url: /assets/downloads/climate/Grants%20register%20overview.pdf (Caused by ResponseError('too many 502 error responses'))",
zaf-jet-grants-storyline-2025-q1:1,zaf-jet-grants-storyline-2025-q1,2026-09-12T06:10:12Z,collected,200,application/pdf,"""67c9bb31-8bb00""","Thu, 06 Mar 2025 15:11:45 GMT",https://justenergytransition.co.za/wp-content/uploads/2025/03/JETGrantsRegisterStoryline-Published.pdf,,c456bf0fbce790fc0f3d1ddf63ce53583c23f4b19d275f485870e751eda1d9aa
zaf-jet-grants-faq-2025-q1:1,zaf-jet-grants-faq-2025-q1,2026-09-12T06:10:21Z,collected,200,application/pdf,"""67c9bb31-116ee3""","Thu, 06 Mar 2025 15:11:45 GMT",https://justenergytransition.co.za/wp-content/uploads/2025/03/GrantsRegisterFrequentlyAskedQuestions-Published2025Q1.pdf,,c851e013d827a9cd88cb6cf41ba17c8bef1f152e6a5c49d1e7fff3e9a09a3cf5
zaf-project-report-nomzamo-2025:1,zaf-project-report-nomzamo-2025,2026-09-12T06:10:29Z,collected,200,application/pdf,"""68886bc4-a896b5""","Tue, 29 Jul 2025 06:35:48 GMT",https://justenergytransition.co.za/wp-content/uploads/2025/07/ASDU_Impact-Case-Study_Nomzamo-Agricultural-Village.pdf,,0886a413cff31cc6c38d2d3629be4a5c6362ad09b1018f9ab0790cd05f0da1cc
zaf-zandkopsdrift-eu-2025:1,zaf-zandkopsdrift-eu-2025,2026-09-12T06:38:36Z,collected,200,text/html;charset=UTF-8,,,https://op.europa.eu/en/publication-detail/-/publication/94a61889-65e3-11f0-bf4e-01aa75ed71a1/language-en,,11031d1813653f92ef83efcb8e3d38d8cd11994cf17708253d2caa402581130e
zaf-zandkopsdrift-operator:1,zaf-zandkopsdrift-operator,2026-09-12T06:38:36Z,collected,200,text/html; charset=UTF-8,"""ab5837761423e881f3b45f665a05aa7a-ssl""",,https://frontierrareearths.com/project,,ca4bc0004ddb2a60e5bac8fb11e091ae5440ede040bd03ac5835ddac2fdc4f4f
zaf-growth-gateway-report-2026:1,zaf-growth-gateway-report-2026,2026-09-12T06:38:36Z,collected,200,application/pdf,"""6a840983-20cd46""","Tue, 18 Aug 2026 07:28:03 GMT",https://assets.publishing.service.gov.uk/media/6a8409833be22055c1aaa3fd/South_Africa_SMME_JET_Deal_Accelerator_-_Blueprint_for_scaling_SMMEs_in_Mpumalanga.pdf,,d2a2b38c60479c92945af100b65cc149756a10aa9253bc6cc5375665555be961
zaf-growth-gateway-devtracker-300812:1,zaf-growth-gateway-devtracker-300812,2026-09-12T06:38:36Z,collected,200,text/html;charset=utf-8,,,https://devtracker.fcdo.gov.uk/programme/GB-GOV-1-300812/summary,,348e0ffa7bf94382156b225bf057ae42701e8d81eede370bb9cd414e784137a8
zaf-murp-afdb-2026:1,zaf-murp-afdb-2026,2026-09-12T06:38:36Z,blocked,403,text/html; charset=UTF-8,,,https://www.afdb.org/en/news-and-events/african-development-bank-approves-400-million-loan-support-municipal-utility-reform-south-africas-mpumalanga-province-95536,HTTP 403,
zaf-eepbip-maf:1,zaf-eepbip-maf,2026-09-12T06:38:36Z,collected,200,text/html; charset=UTF-8,,,https://mitigation-action.org/projects/south-africa-public-buildings-and-infrastructure/,,2da34029aa784dfa61388b8cd6f6313f20cdc44c43096b937a860f9d22b17603
zaf-eepbip-giz-profile-2023:1,zaf-eepbip-giz-profile-2023,2026-09-12T06:38:36Z,collected,200,application/pdf,"""68d401ff-6d11c""","Wed, 24 Sep 2025 14:36:47 GMT",https://www.giz.de/en/downloads/giz2023-en-EEPBIP.pdf,,335f8bf5f1849b78603b42992ae2bb9dc8c4dc23d5470545a0836c259dea5c91
zaf-eepbip-portal:1,zaf-eepbip-portal,2026-09-12T06:38:36Z,collected,200,text/html,"""66b8-65a7f168421b5""","Wed, 02 Sep 2026 12:22:25 GMT",https://www.eepbip.org.za/,,0e76906990df5b8fc5d3868813ae11c59e746ea3f2e78e0a80fe79e2b361bd16
zaf-dtic-parliament-nev-2025:1,zaf-dtic-parliament-nev-2025,2026-09-12T06:50:49Z,collected,200,text/html; charset=utf-8,,,https://pmg.org.za/committee-question/33886/,,b2f75bb3454573c79231d2b07fda97d9feeb0b773c79b7a9571e63084752963a
idn-jetp-joint-statement-2022:1,idn-jetp-joint-statement-2022,2026-09-12T07:12:12Z,blocked,403,text/html,"""9dd37e7649b54fb9bb8e9cafad781f59""","Tue, 17 Mar 2026 02:02:18 GMT",https://id.usembassy.gov/united-states-supports-the-launch-of-the-just-energy-transition-partnership-jetp-in-indonesia/,HTTP 403,
idn-jetp-reports-2025-landing:1,idn-jetp-reports-2025-landing,2026-09-12T07:12:12Z,collected,200,text/html; charset=UTF-8,,,https://jetp.id/news/jetp-reports-2025,,ef40b374ace8db649265ad624964db591e016fd0b5a11fb903fe46b5b5cd6d4f
idn-jetp-progress-report-2025:1,idn-jetp-progress-report-2025,2026-09-12T07:12:12Z,collected,200,application/octet-stream,,"Mon, 12 Jan 2026 03:51:36 GMT",https://drive.usercontent.google.com/download?id=1RhW5MLzbza69uaZHfho4bnQLSmjnAjWO&export=download&confirm=t,,74fb460fd09e76607e3cff308f5ba2754f2ebd91b0c9b7613c1a041e7b361162
idn-jetp-energy-efficiency-electrification-2025:1,idn-jetp-energy-efficiency-electrification-2025,2026-09-12T07:12:12Z,collected,200,application/octet-stream,,"Wed, 21 Jan 2026 04:53:01 GMT",https://drive.usercontent.google.com/download?id=1JDhuF_HptvuRu8jBTWIEH33RybFNE_to&export=download&confirm=t,,4e7ce1c8fb6ada0fc020ba5590a9bf46ce678e6f663f0b150aa063c5e0f105cc
idn-jetp-captive-power-study-2025:1,idn-jetp-captive-power-study-2025,2026-09-12T07:12:12Z,collected,200,application/octet-stream,,"Wed, 21 Jan 2026 04:54:29 GMT",https://drive.usercontent.google.com/download?id=1GjtDiDblQyHfYIPzUWZFOu9QO8_gQkk_&export=download&confirm=t,,b45a7437b601ed2a61c39123c2d35b04ccd49a73d75543e067a7c772c0db6bdf
idn-jetp-just-transition-study-2025:1,idn-jetp-just-transition-study-2025,2026-09-12T07:12:12Z,collected,200,application/octet-stream,,"Mon, 02 Feb 2026 09:34:59 GMT",https://drive.usercontent.google.com/download?id=1i1XgotGsbydM4FQ5dBxQPgncs2Lkpkov&export=download&confirm=t,,901d08e8589ba37ba50891e453d7b4138282d13c4d0f27403ded2aa363125378
idn-jetp-guarantees-insurance-2025:1,idn-jetp-guarantees-insurance-2025,2026-09-12T07:12:12Z,collected,200,application/octet-stream,,"Tue, 03 Feb 2026 14:14:21 GMT",https://drive.usercontent.google.com/download?id=1ka0vPuF8ydvDAjDCrCo_FIQmIThKL2gk&export=download&confirm=t,,fe8af4acbb6fccf83ea8a3ad0b608ec870c93e967f9e59ff23078ef5e4ec42a7
idn-jetp-small-scale-renewables-finance-2025:1,idn-jetp-small-scale-renewables-finance-2025,2026-09-12T07:12:12Z,collected,200,application/octet-stream,,"Tue, 03 Feb 2026 14:14:25 GMT",https://drive.usercontent.google.com/download?id=10P6BuNhTtDmxF9VFNMsa6d1Nd5zjYn3i&export=download&confirm=t,,93d4fe15da7d6afa651d3ffb93ed23ef12a75d8312c320b9418d037aa8738583
idn-jetp-carbon-pricing-2025:1,idn-jetp-carbon-pricing-2025,2026-09-12T07:12:12Z,collected,200,application/octet-stream,,"Wed, 21 Jan 2026 05:16:49 GMT",https://drive.usercontent.google.com/download?id=1mhH15V_gw9nR5cOB6mRCvcJg2cGw0-_U&export=download&confirm=t,,debd93518e560c8db0614059c2b550b2f75914fb4bb16038267d6bbc259026a2
idn-cmea-progress-march-2025:1,idn-cmea-progress-march-2025,2026-09-12T07:12:12Z,fetch_error,,,,,https://www.ekon.go.id/publikasi/detail/6275/perkuat-komitmen-percepatan-implementasi-just-energy-transition-partnership-jetp-pemerintah-bentuk-satgas-transisi-energi-dan-ekonomi-hijau,"RetryError: HTTPSConnectionPool(host='www.ekon.go.id', port=443): Max retries exceeded with url: /publikasi/detail/6275/perkuat-komitmen-percepatan-implementasi-just-energy-transition-partnership-jetp-pemerintah-bentuk-satgas-transisi-energi-dan-ekonomi-hijau (Caused by ResponseError('too many 502 error responses'))",
idn-cmea-progress-december-2025:1,idn-cmea-progress-december-2025,2026-09-12T07:12:12Z,fetch_error,,,,,https://www.ekon.go.id/publikasi/detail/6718/just-energy-transition-partnership-jetp-siapkan-rp350-triliun-untuk-pembiayaan-renewable-energy-di-indonesia,"RetryError: HTTPSConnectionPool(host='www.ekon.go.id', port=443): Max retries exceeded with url: /publikasi/detail/6718/just-energy-transition-partnership-jetp-siapkan-rp350-triliun-untuk-pembiayaan-renewable-energy-di-indonesia (Caused by ResponseError('too many 502 error responses'))",
idn-world-bank-isle1-2023:1,idn-world-bank-isle1-2023,2026-09-12T08:35:00Z,collected,200,text/html; charset=utf-8,,"Mon, 24 Aug 2026 05:54:32 GMT",https://www.worldbank.org/en/news/press-release/2023/06/26/world-bank-supports-increased-access-to-sustainable-and-lower-cost-electricity-in-eastern-indonesia,,1d935814a897512bc9afc417fa069e0e32b1a590b2bb95641e47daf4cb4abc7f
idn-world-bank-isle1-technical-assessment-2022:1,idn-world-bank-isle1-technical-assessment-2022,2026-09-12T08:35:00Z,collected,200,application/pdf;charset=utf-8,,"Sat, 12 Sep 2026 04:13:28 GMT",https://documents1.worldbank.org/curated/en/099060223111034380/pdf/P1743500d92d28050b90b0e4ff4b6ea41d.pdf,,114029a6f554d2a6b20dc66bcc6c412b1d2d3c35d6f496abceb5cc3d885717d8
idn-jica-mrt-east-west-2024:1,idn-jica-mrt-east-west-2024,2026-09-12T08:35:00Z,collected,200,text/html,"""da29-6562b2a359100""","Thu, 09 Jul 2026 10:34:12 GMT",https://www.jica.go.jp/english/information/press/2024/20240514_10.html,,b8246fd6f87868fa017035147709ab31724ae8d2a08e83c4b62d74d7d57a41a8
idn-jica-mrt-north-south-2023:1,idn-jica-mrt-north-south-2023,2026-09-12T08:35:00Z,collected,200,text/html,"""24718-6562a1b209800""","Thu, 09 Jul 2026 09:18:24 GMT",https://www.jica.go.jp/information/press/2023/20230403_10.html,,713bf4e23711a5d0c913224dcd8841f275b52462cfd9dd31cb0812c3fe42f577
idn-adb-aset-56368-001:1,idn-adb-aset-56368-001,2026-09-12T08:35:00Z,blocked,403,text/html; charset=UTF-8,,,https://www.adb.org/projects/56368-001/main,HTTP 403,
idn-adb-aset-news-2024:1,idn-adb-aset-news-2024,2026-09-12T08:35:00Z,collected,200,text/html; charset=UTF-8,,"Sat, 12 Sep 2026 08:34:35 GMT",https://www.adb.org/news/adb-approves-policy-loan-support-indonesia-energy-transition,,6080b6d96abaddd85eba4b9762d458ed6b071c652a09885539b4589d726b1fd7
idn-adb-aicet-56140-001:1,idn-adb-aicet-56140-001,2026-09-12T08:35:00Z,blocked,403,text/html; charset=UTF-8,,,https://www.adb.org/projects/56140-001/main,HTTP 403,
idn-adb-aicet-news-2025:1,idn-adb-aicet-news-2025,2026-09-12T08:35:00Z,collected,200,text/html; charset=UTF-8,,"Sat, 12 Sep 2026 08:34:45 GMT",https://www.adb.org/news/adb-boosts-indonesias-clean-energy-transition,,5714eaa6cac6eabc0544c61c0c151c26d898e63322a8da865485a2fd85c2bf7c
idn-adb-muara-laboh-2-2025:1,idn-adb-muara-laboh-2-2025,2026-09-12T08:35:00Z,collected,200,text/html; charset=UTF-8,,"Sat, 12 Sep 2026 08:34:47 GMT",https://www.adb.org/news/adb-supports-indonesia-green-energy-transition-geothermal-expansion-project,,f07409806527f6f3f72c42344ff758e1602f791e404b13afef3bfe45facc32c1
idn-gfanz-saguling-2025:1,idn-gfanz-saguling-2025,2026-09-12T08:35:00Z,collected,200,text/html; charset=UTF-8,,,https://www.gfanzero.com/press/first-indonesian-jetp-solar-project-mobilizes-usd-60-million-as-investment-momentum-builds/,,e5f87af0a25794e3a399f0e09d5e1e957c9c44a9962b711bb8d8bf1e63e71e26
idn-jetp-xurya-equity-2024:1,idn-jetp-xurya-equity-2024,2026-09-12T08:35:00Z,collected,200,text/html; charset=UTF-8,,,https://jetp.id/news/norwegian-and-british-investment-in-indonesian-start-up-marks-first-equity-milestone-in-jetp-disbursement,,3ac1ee60e7e04efcd54da66897f835a7bf5d51de13557f9346a2c81d0c62cfef
idn-portfolio-esmap-canada:1,idn-portfolio-esmap-canada,2026-09-12T09:00:00Z,collected,200,text/html; charset=UTF-8,,,https://portfolio.jetp.id/program/energy-sector-management-assistance-program-esmap,,f690fce534af1d0b26ede04816a04a5bd984e99d965de0a6d52e8249b7c23904
idn-portfolio-cefim:1,idn-portfolio-cefim,2026-09-12T09:00:00Z,collected,200,text/html; charset=UTF-8,,,https://portfolio.jetp.id/program/clean-energy-finance-and-investment-mobilisation-cefim-programme,,2b7b8276963a8f069b5f358bdcba59a244c0b4f3ee6d69561d1fa9e628781501
idn-portfolio-cetp:1,idn-portfolio-cetp,2026-09-12T09:00:00Z,collected,200,text/html; charset=UTF-8,,,https://portfolio.jetp.id/program/clean-energy-transition-program-cetp,,1c23d046d1018acaced6ffc865a1f6f0fa9b9bf44ba902cd74b59c333e132f05
idn-portfolio-enerkey:1,idn-portfolio-enerkey,2026-09-12T09:00:00Z,collected,200,text/html; charset=UTF-8,,,https://portfolio.jetp.id/program/enerkey-project,,7959c91414d0e2a9b684837c95ea90c51ca0f83b915c02e4113376168944ec0a
idn-portfolio-efsd:1,idn-portfolio-efsd,2026-09-12T09:00:00Z,collected,200,text/html; charset=UTF-8,,,https://portfolio.jetp.id/program/european-fund-for-sustainable-development-plus-efsd-for-energy-project-preparation,,b106c4937b24ed53f30fdb131d2de8fccd2c600e3a3dcef3b5fcdc5b69b78b47
idn-portfolio-case:1,idn-portfolio-case,2026-09-12T09:00:00Z,collected,200,text/html; charset=UTF-8,,,https://portfolio.jetp.id/program/clean-affordable-and-secure-energy-for-southeast-asia-case,,eda8ee68a22d24662b1a6a78c51395f6213b5ba2e0bfbb5f8511fc9c3278abd8
idn-portfolio-entri:1,idn-portfolio-entri,2026-09-12T09:00:00Z,collected,200,text/html; charset=UTF-8,,,https://portfolio.jetp.id/program/renewable-energy-mini-grids-triangular-cooperation-entri-project,,1da39c852a12ddd4bf4c285cf617db37eb30087de016b3992890019626898be8
idn-portfolio-candi-umbul:1,idn-portfolio-candi-umbul,2026-09-12T09:00:00Z,collected,200,text/html; charset=UTF-8,,,https://portfolio.jetp.id/program/candi-umbul-geothermal-project,,b36d596de0a904a9df6d2028e5dd7da500dfb29558c0cbe1122838a93a778a65
idn-portfolio-carbon-monetization:1,idn-portfolio-carbon-monetization,2026-09-12T09:00:00Z,collected,200,text/html; charset=UTF-8,,,https://portfolio.jetp.id/program/carbon-monetization,,392231da596fe6037ef9dc219a114698a8c9fb8a901b23cd3670ceb45e4cb1a7
idn-portfolio-energy-hub:1,idn-portfolio-energy-hub,2026-09-12T09:00:00Z,collected,200,text/html; charset=UTF-8,,,https://portfolio.jetp.id/program/energy-hub,,f1dd20e2bdd194a17227f3f67ce7f7a28a124d35d32c94cec54bdf1d493952e3
idn-portfolio-esmap-uk:1,idn-portfolio-esmap-uk,2026-09-12T09:00:00Z,collected,200,text/html; charset=UTF-8,,,https://portfolio.jetp.id/program/energy-sector-management-assistance-program,,2e81b87d5b706704e96374b10ef31d493c53ff666a66e8daf33295cb45b027b5
idn-portfolio-cfpp-repurposing:1,idn-portfolio-cfpp-repurposing,2026-09-12T09:00:00Z,collected,200,text/html; charset=UTF-8,,,https://portfolio.jetp.id/program/coal-fired-power-plant-site-repurposing,,a2cf03c30488fa88221fce491eb5a6d334d9f25faf9fc6b97e34b812142cbad6
idn-portfolio-etp:1,idn-portfolio-etp,2026-09-12T09:05:00Z,collected,200,text/html; charset=UTF-8,,,https://portfolio.jetp.id/program/south-east-asia-energy-transition-partnership-etp,,272849c8b5275d7237b7fd82f37ad74237833f44df099ecf455dfc211bf1d99e
idn-portfolio-euicf:1,idn-portfolio-euicf,2026-09-12T09:05:00Z,collected,200,text/html; charset=UTF-8,,,https://portfolio.jetp.id/program/eu-indonesia-cooperation-facility,,745ad9d8da149cbb1fdbc24a3754d57ca10f0d98a48b2f3e202e27649391dd3a
idn-portfolio-ietf:1,idn-portfolio-ietf,2026-09-12T09:05:00Z,collected,200,text/html; charset=UTF-8,,,https://portfolio.jetp.id/program/ietf-indonesia-energy-transition-facility,,55dd7f617bfc97ac518b3a1c943612c6b790e198aa68e63cefd64a89f74738e7
idn-portfolio-ipdf:1,idn-portfolio-ipdf,2026-09-12T09:05:00Z,collected,200,text/html; charset=UTF-8,,,https://portfolio.jetp.id/program/indonesia-policy-dialogue-fund-ipdf,,5f633f8d8a8f3a36e2bebd56193772dfafce15d7f09f2fb780dac9b21a9586c6
idn-portfolio-etmptf:1,idn-portfolio-etmptf,2026-09-12T09:05:00Z,collected,200,text/html; charset=UTF-8,,,https://portfolio.jetp.id/program/energy-transition-mechanism-partnership-trust-fund-etmptf-1,,447f51f5111bdf21d628d823c482441898f97f7209d9b85140f93f28ac9b510e
idn-portfolio-etap:1,idn-portfolio-etap,2026-09-12T09:05:00Z,collected,200,text/html; charset=UTF-8,,,https://portfolio.jetp.id/program/energy-transition-acceleration-programme-etap,,fca089fa078399c9c35be0e4e175bafecbdc0f5a45ccb1efaf9f5145de6e73c3
idn-portfolio-iki-jet:1,idn-portfolio-iki-jet,2026-09-12T09:05:00Z,collected,200,text/html; charset=UTF-8,,,https://portfolio.jetp.id/program/innovation-regions-for-a-just-energy-transition-iki-jet,,85fb7a8c421204f61a6b73df8024be99cfe22c2c4d3d1ba4d9f2c6e64df3135c
idn-portfolio-gesit:1,idn-portfolio-gesit,2026-09-12T09:05:00Z,collected,200,text/html; charset=UTF-8,,,https://portfolio.jetp.id/program/green-jobs-for-social-inclusion-and-sustainable-transformation-gesit,,749ca75a13d63163ab73df1095aaafe8d43a68437d6c56ad25c7e84634cc6892
idn-portfolio-explore:1,idn-portfolio-explore,2026-09-12T09:05:00Z,collected,200,text/html; charset=UTF-8,,,https://portfolio.jetp.id/program/strategic-exploration-of-economic-mitigation-potentials-through-renewables-explore-project,,2e1dc8c230a373e44dabbcd0ac722762bbfb791ad6a79fd1482ea3502ab67a56
idn-portfolio-iki-flex:1,idn-portfolio-iki-flex,2026-09-12T09:05:00Z,collected,200,text/html; charset=UTF-8,,,https://portfolio.jetp.id/program/iki-flex-jetp-support-package-1,,1c923c0aa8b11c95cb764063c687d82524d53f4c798029f1ac3e104c9705ebc2
idn-portfolio-green-energy-transition:1,idn-portfolio-green-energy-transition,2026-09-12T09:05:00Z,collected,200,text/html; charset=UTF-8,,,https://portfolio.jetp.id/program/green-energy-transition-indonesia,,721cb35a8ed94429e3c5b4c6ccf4bd622c2dd659a6823e18578ee846a4274164
idn-portfolio-growth-gateway:1,idn-portfolio-growth-gateway,2026-09-12T09:05:00Z,collected,200,text/html; charset=UTF-8,,,https://portfolio.jetp.id/program/growth-gateway,,76393f19e906fca4e783255b14efcaab84af2de52af5ec0b1e6ae01d8aca3eed
idn-portfolio-low-carbon-buildings:1,idn-portfolio-low-carbon-buildings,2026-09-12T09:10:00Z,collected,200,text/html; charset=UTF-8,,,https://portfolio.jetp.id/program/asia-low-carbon-building-transition,,ba911394fd3c509f071ebeed46e994c7a739dbe00858ce59c37c47b1b25cf182
idn-portfolio-jetp-esia:1,idn-portfolio-jetp-esia,2026-09-12T09:10:00Z,collected,200,text/html; charset=UTF-8,,,https://portfolio.jetp.id/program/facilitating-financing-for-indonesias-just-energy-transition-partnership-esia-study,,00827c5c255c5fdb1ab6173dbda08550a083450bf0599131377a203c0d494ebc
idn-portfolio-perform:1,idn-portfolio-perform,2026-09-12T09:10:00Z,collected,200,text/html; charset=UTF-8,,,https://portfolio.jetp.id/program/performing-energy-transition-through-fiscal-reform-in-indonesia-perform,,733edb413b208aa600f7a5d0124ae1afef3f84cff090073d2d3c045e2d6a8420
idn-portfolio-jetp-financing:1,idn-portfolio-jetp-financing,2026-09-12T09:10:00Z,collected,200,text/html; charset=UTF-8,,,https://portfolio.jetp.id/program/facilitating-financing-for-indonesias-just-energy-transition-partnership,,9ce5d3fe56e575ff5c40f161e535cbe61052ea0748ac1877de29f4433e75cff8
idn-portfolio-re2grid:1,idn-portfolio-re2grid,2026-09-12T09:10:00Z,collected,200,text/html; charset=UTF-8,,,https://portfolio.jetp.id/program/re2grid,,5148669a25307990a966d2b4a1f7f6d5d40a5b0004b2f31987479fafa3237af5
idn-portfolio-re2cool:1,idn-portfolio-re2cool,2026-09-12T09:10:00Z,collected,200,text/html; charset=UTF-8,,,https://portfolio.jetp.id/program/re2cool,,f2d1ee977fe2098714fabcb50d31d11250dc4b66591c33932aecddb789fdecc6
idn-portfolio-patuha2:1,idn-portfolio-patuha2,2026-09-12T09:10:00Z,collected,200,text/html; charset=UTF-8,,,https://portfolio.jetp.id/program/grant-for-patuha-unit-2-geothermal-power-generation-project,,6bfa7f6c8b0dd04ac0c67344d7fb722071787ba4efacd91764bb5a615e3acd33
idn-portfolio-mentari-policy:1,idn-portfolio-mentari-policy,2026-09-12T09:10:00Z,collected,200,text/html; charset=UTF-8,,,https://portfolio.jetp.id/program/mentari-contributions-to-the-jetp,,da39eb10e001354c1e289d6e66a16c8f7e7f2b9f0e0b253c6f0155da68e3bf92
idn-portfolio-jt-framework:1,idn-portfolio-jt-framework,2026-09-12T09:10:00Z,collected,200,text/html; charset=UTF-8,,,https://portfolio.jetp.id/program/operationalisation-of-the-just-transition-framework-in-jetp-indonesia-phase-2,,1e223e29c598ad8c28fb5f63ea2f23b5f30508c4d52b340d23823fbdb96aabed
idn-portfolio-mentari-vgf:1,idn-portfolio-mentari-vgf,2026-09-12T09:10:00Z,collected,200,text/html; charset=UTF-8,,,https://portfolio.jetp.id/program/mentari-viability-gap-fund,,0dfe829ffedbcf09f644aa1d6a179e190f302a2d5ad33ca666dd22c0378387fb
idn-portfolio-pt-smi-retirement:1,idn-portfolio-pt-smi-retirement,2026-09-12T09:10:00Z,collected,200,text/html; charset=UTF-8,,,https://portfolio.jetp.id/program/pt-smi-early-retirement-program,,accb32a7b1f6384b55ba0d7c12243b7ad9ac23d8a178c485ababd559de012c5b
idn-portfolio-jt-coal-regions:1,idn-portfolio-jt-coal-regions,2026-09-12T09:10:00Z,collected,200,text/html; charset=UTF-8,,,https://portfolio.jetp.id/program/just-transition-in-coal-regions,,fa21515e1a50e5313a2bf63b2117aa9d3e95cd5dac657e6f6f08c5dcbb3c3047
idn-portfolio-wolcot:1,idn-portfolio-wolcot,2026-09-12T09:15:00Z,collected,200,text/html; charset=UTF-8,,,https://portfolio.jetp.id/program/women-led-coal-transition-mechanism-wolcot-1,,54d0792e063ebb0b4137787e2d7243719d9a85517afdb8fa4d286eea14792ec0
idn-portfolio-s4i:1,idn-portfolio-s4i,2026-09-12T09:15:00Z,collected,200,text/html; charset=UTF-8,,,https://portfolio.jetp.id/program/support-for-infrastructure-investments-in-indonesia-s4i-for-the-establishment-of-indonesias-development-bank-project,,0e9b8c5b5a12beb08a8badd0cd2a9f91342b6a5d8baf1537580ee50a247e51b0
idn-portfolio-sdg-one:1,idn-portfolio-sdg-one,2026-09-12T09:15:00Z,collected,200,text/html; charset=UTF-8,,,https://portfolio.jetp.id/program/sdg-indonesia-one,,5e8254a2ea2b60ad5c94f272f09ff61ca82765d04a2d242dc87875121fdc11c6
idn-portfolio-seti:1,idn-portfolio-seti,2026-09-12T09:15:00Z,collected,200,text/html; charset=UTF-8,,,https://portfolio.jetp.id/program/sustainable-energy-transition-in-indonesia-seti-1,,9d2d94808abc6771f413fe71e5943d54a880c5fc9ac9e3e970b237c9acd3a946
idn-portfolio-reep2:1,idn-portfolio-reep2,2026-09-12T09:15:00Z,collected,200,text/html; charset=UTF-8,,,https://portfolio.jetp.id/program/1000-islands-renewable-energy-for-electrification-programme-phase-ii-reep2,,8f757cb8c6f4ba4644cce8bbb069d2148923b3f5ca085aea5fc46f8cf7e6a0d7
idn-portfolio-sustainable-hydropower:1,idn-portfolio-sustainable-hydropower,2026-09-12T09:15:00Z,collected,200,text/html; charset=UTF-8,,,https://portfolio.jetp.id/program/accompanying-measure-sustainable-hydropower,,35fe8b85fa047cda401bc6c141cc40d4cb13d345a87263559c901c80975efc87
idn-portfolio-secretariat-capacity:1,idn-portfolio-secretariat-capacity,2026-09-12T09:15:00Z,collected,200,text/html; charset=UTF-8,,,https://portfolio.jetp.id/program/institutional-and-capacity-building-support-for-the-just-energy-transition-partnership-secretariat,,63215d46f2ecab9ab410cd214aa1e722a23a3d81de8dfb14db8ae68c706b35fa
idn-portfolio-uk-pact:1,idn-portfolio-uk-pact,2026-09-12T09:15:00Z,collected,200,text/html; charset=UTF-8,,,https://portfolio.jetp.id/program/uk-pact-indonesia,,7360825990bb99286bff2bf6c719bea2d211380d940e23b082916bef33a0dca6
idn-portfolio-project-gecs:1,idn-portfolio-project-gecs,2026-09-12T10:00:00Z,collected,200,text/html; charset=UTF-8,,,https://portfolio.jetp.id/project/green-energy-corridor-sulawesi-gecs,,efe51d479eb32608cafe1006ecb5a7e01796ca0590c4861df4295df0991900ed
idn-portfolio-project-nagajaya:1,idn-portfolio-project-nagajaya,2026-09-12T10:00:00Z,collected,200,text/html; charset=UTF-8,,,https://portfolio.jetp.id/project/nagajaya-microhydro-65-mw,,ac5d3eb835fb55acddca3cae5864743e476972476bebe5cb5b3d458a14afb0c6
idn-portfolio-project-hululais:1,idn-portfolio-project-hululais,2026-09-12T10:00:00Z,collected,200,text/html; charset=UTF-8,,,https://portfolio.jetp.id/project/geothermal-hululais-unit-1-2,,115ab5fa40627db7f77bcf2750d209889b536dcfc240162c9421aeab38dff170
idn-project-dieng3-adb:1,idn-project-dieng3-adb,2026-09-12T10:30:00Z,blocked,403,text/html; charset=UTF-8,,,https://www.adb.org/projects/58342-001/main,HTTP 403,
idn-project-cirebon-framework-marubeni:1,idn-project-cirebon-framework-marubeni,2026-09-12T10:30:00Z,collected,200,text/html; charset=UTF-8,,,https://www.marubeni.com/en/news/2023/info/00037.html,,333d2f38db7860293b55a1375a798ffd61160037274af9c831b2612ff9202bcc
idn-news-cirebon-retirement-reuters-2025:1,idn-news-cirebon-retirement-reuters-2025,2026-09-12T10:30:00Z,blocked,401,text/html;charset=utf-8,,,https://www.reuters.com/business/energy/indonesia-backpedals-retiring-cirebon-coal-power-plant-early-2025-12-05/,HTTP 401,
idn-project-seg-construction-2024:1,idn-project-seg-construction-2024,2026-09-12T10:30:00Z,collected,200,text/html; charset=utf-8,,,https://www.segsolar.com/press/news/112,,dc47a18e3e84f0468e9c6f1dfc430808af054f280f3c7b2814322366a1d7a6e9
idn-project-seg-operational-2025:1,idn-project-seg-operational-2025,2026-09-12T10:30:00Z,collected,200,text/html; charset=utf-8,,,https://www.segsolar.eu/press/news/128,,8bf053001711b36d11f83ab7452fb4cf0796900564428e2bbaaef2311f07d479
idn-project-singkarak-acwa-2022:1,idn-project-singkarak-acwa-2022,2026-09-12T10:30:00Z,collected,200,text/html; charset=utf-8,,,https://acwapower.com/en/media-center/latest-news/acwa-power-set-to-enter-indonesia-with-two-floating-solar-pv-projects/,,bc951c10470a410bba95196a4c1ebf85bcaac62913b9d3d95a7406f8fd026095
idn-project-sutami-construction-plnnp-2026:1,idn-project-sutami-construction-plnnp-2026,2026-09-12T10:30:00Z,collected,200,text/html; charset=UTF-8,,,https://www.plnnusantarapower.co.id/media-relation/press-release/percepat-transisi-energi-bersih-pln-nusantara-power-perkuat-pengembangan-plts-terapung-karangkates,,53fa40afb563bfd01f5492353299f0957fba8ead04c416e2e277a3b9c82473e6
idn-project-tanah-laut-plnnp:1,idn-project-tanah-laut-plnnp,2026-09-12T10:30:00Z,collected,200,text/html; charset=UTF-8,,,https://www.plnnusantarapower.co.id/about-us/achievements/green-flagship-projects,,433c7e0eee6cd9ce2da340cbfaf10c32b9dd00296c563100daaa86f7c2dcc4fe
idn-project-tanah-laut-ppa-ptplnnr:1,idn-project-tanah-laut-ppa-ptplnnr,2026-09-12T10:30:00Z,collected,200,text/html; charset=UTF-8,,,https://ptplnnr.com/en/news-and-articles/detail/pjbi-along-with-total-eren-and-adaro-power-sign-a-power-purchase-agreement-with-pln-for-indonesias-first-bess-technology-wind-farm-pltb,,03684085ff7865b8526c7558679f792344d2df830894216eb1af6b6a3a0110e7
idn-project-legok-agreement-ut-2024:1,idn-project-legok-agreement-ut-2024,2026-09-12T10:30:00Z,fetch_error,,,,,https://www.unitedtractors.com/en/legok-nangka-project-cooperation-agreement-between-jabar-environmental-solutions-jes-and-the-west-java-provincial-government/,"RetryError: HTTPSConnectionPool(host='www.unitedtractors.com', port=443): Max retries exceeded with url: /en/legok-nangka-project-cooperation-agreement-between-jabar-environmental-solutions-jes-and-the-west-java-provincial-government/ (Caused by ResponseError('too many 502 error responses'))",
idn-news-legok-groundbreaking-antara-2026:1,idn-news-legok-groundbreaking-antara-2026,2026-09-12T10:30:00Z,collected,200,text/html; charset=UTF-8,,,https://en.antaranews.com/news/424445/legok-nangka-psel-to-boost-waste-management-clean-energy-ministry,,6eeeb5f0aa5307757101dd41e33ccac6de1c049ebf88d92ddad2dcf511165c77
idn-project-rsud-retrofit-c40:1,idn-project-rsud-retrofit-c40,2026-09-12T10:30:00Z,blocked,403,application/xml,,,https://cff-prod.s3.amazonaws.com/storage/files/r5rRE6f7F5gg1QIMR8I6reXUGZJIXKyOlcQ3jSlN.pdf,HTTP 403,
idn-project-legok-agreement-ut-2024:2,idn-project-legok-agreement-ut-2024,2026-09-12T10:35:00Z,collected,200,text/html; charset=UTF-8,,"Fri, 11 Sep 2026 04:26:54 GMT",https://www.unitedtractors.com/en/legok-nangka-project-cooperation-agreement-between-jabar-environmental-solutions-jes-and-the-west-java-provincial-government/,,bc6e03691da770a232e0603781e1267822b9cf2f562f50ef3f3941dc36163b41
idn-portfolio-project-index-2026:1,idn-portfolio-project-index-2026,2026-09-12T11:00:00Z,collected,200,text/html; charset=UTF-8,,,https://portfolio.jetp.id/project,,0f8bdc42089cd8817dd12082a583c25c667a202b3c9f33ec53dde4a1d4373c00
idn-eib-ptsmi-mou-2024:1,idn-eib-ptsmi-mou-2024,2026-09-12T11:00:00Z,collected,200,text/html; charset=utf-8,,,https://www.eib.org/en/press/all/2024-084-eib-global-agrees-to-support-pt-smi-on-sustainable-infrastructure-development-in-indonesia,,994ad5ee3467a23ca4c6c4c52bd6fb3b61e22a04b412450aed6a77b4c8b40d66
idn-jetp-work-plan-2024-presentation:1,idn-jetp-work-plan-2024-presentation,2026-09-12T11:00:00Z,collected,200,application/pdf,"""6666ae8a-f2b1b""","Mon, 10 Jun 2024 07:43:06 GMT",https://asiacleanenergyforum.adb.org/wp-content/uploads/2024/06/Paul-Butarbutar.pdf,,49ad8438de9c6fc67d027f168d8fccf4efef40f0aff6152d28259964efec609e
idn-ibvogt-diesel-west-2023:1,idn-ibvogt-diesel-west-2023,2026-09-12T11:00:00Z,collected,200,text/html; charset=UTF-8,,,https://www.ibvogt.com/ib-vogt-awarded-diesel-replacement-program-projects-in-western-indonesia/,,525fb5964dd1c049b0d1a8d5f6f1a99393c38bbff8f7827247bb554c989a800c
idn-geapp-diesel-replacement-program:1,idn-geapp-diesel-replacement-program,2026-09-12T11:00:00Z,collected,200,text/html; charset=UTF-8,,,https://energyalliance.org/project/diesel-to-renewables-to-power-indonesias-energy-transition/,,b0e5009dba6fb5308a83106aed183b35d334ed005c4fe62da162946ce84e3428
idn-ieefa-dediesel-update-2026:1,idn-ieefa-dediesel-update-2026,2026-09-12T11:00:00Z,blocked,403,text/html; charset=UTF-8,,,https://ieefa.org/resources/advancing-indonesias-100gw-solar-program-through-de-dieselization-energy-security,HTTP 403,
vnm-rmp-2023-vi:1,vnm-rmp-2023-vi,2026-09-12T09:56:00Z,collected,,application/pdf,,,https://jetp.moit.gov.vn/Images/User/quantri/2025/3/2._bao_cao_dai_tieng_viet-_30.11-sua-da_nen.pdf,,d1a306394a19acd576b39e34d0ba8cf7a947fc1cefa07550f35217a943927959
vnm-decision-1009-2023:1,vnm-decision-1009-2023,2026-09-12T09:56:00Z,collected,,application/pdf,,,https://jetp.moit.gov.vn/Images/User/quantri/2025/3/1009_qd-ttg_31082023_trong_tor.pdf,,ada382c38c4c3b1ce1d6281c661b24f510d8a58fea1ff517c333a4b99fbd52fd
vnm-decision-458-2026:1,vnm-decision-458-2026,2026-09-12T09:56:00Z,collected,,application/pdf,,,https://datafiles.chinhphu.vn/cpp/files/vbpq/2026/3/458-ttg.signed.pdf,,2d8808da99d0bbc23487c09ac1871cb7242375b6ed0dc98a17e6e290e5a700fd
vnm-moit-newsletter-01-2025-03:1,vnm-moit-newsletter-01-2025-03,2026-09-12T09:56:00Z,collected,,application/pdf,,,https://jetp.moit.gov.vn/Images/User/quantri/2025/5/ban_tin_so_1-thang_3.pdf,,1f104dccf48b4993f1732ea578a90509bf14c3b59722ccceb31669d1a936b9a9
vnm-moit-newsletter-02-2025-04:1,vnm-moit-newsletter-02-2025-04,2026-09-12T09:56:00Z,collected,,application/pdf,,,https://jetp.moit.gov.vn/Images/User/quantri/2025/5/ban_tin_so_2_-_thang_4_-_update.pdf,,2af734bbd5c843055a908a2c4e39055ed5f29e5bb1a4a99da330f6e9fec15e1e
vnm-moit-newsletter-03-2025-05:1,vnm-moit-newsletter-03-2025-05,2026-09-12T09:56:00Z,collected,,application/pdf,,,https://jetp.moit.gov.vn/Images/User/ngocanh/2025/6/newsletter_no.3_vie_18.6.pdf,,1e96612d17c1635fc932f06dbcbb78086d64ed77e3e3da9a33e664c35381aa9e
vnm-moit-newsletter-04-2025-06:1,vnm-moit-newsletter-04-2025-06,2026-09-12T09:56:00Z,collected,,application/pdf,,,https://jetp.moit.gov.vn/Images/User/ngocanh/2025/7/tin_so_4_vie-7-14.pdf,,409b81f400403a9373514fe53f4f3c7a31ba095dcfd79d4727e9265fdc485d4f
vnm-moit-newsletter-05-2025-07:1,vnm-moit-newsletter-05-2025-07,2026-09-12T09:56:00Z,collected,,application/pdf,,,https://jetp.moit.gov.vn/Images/User/ngocanh/2025/8/tin_so_5_vie_0408.pdf,,a4bbf69f78369cb25559347da15fbd62426042b9ba92578533ffe1b1b502e439
vnm-moit-newsletter-06-2025-08:1,vnm-moit-newsletter-06-2025-08,2026-09-12T09:56:00Z,collected,,application/pdf,,,https://jetp.moit.gov.vn/Images/User/ngocanh/2025/9/tin_so_6_vie.pdf,,da17766d10360d54238d52a40aad5e2c3f8dedbd763ddf443efead9092a52d44
vnm-moit-newsletter-07-2025-09:1,vnm-moit-newsletter-07-2025-09,2026-09-12T09:56:00Z,collected,,application/pdf,,,https://jetp.moit.gov.vn/Images/User/halinh/2025/10/tin_so_7_vie_1.pdf,,99ddde0c494e22c3e293ef5b79d6340dd7b9cb30c1662db197de799744306b28
vnm-moit-newsletter-08-2025-10:1,vnm-moit-newsletter-08-2025-10,2026-09-12T09:56:00Z,collected,,application/pdf,,,https://jetp.moit.gov.vn/Images/User/halinh/2025/11/tin_so_8_vie.pdf,,c5cd6cb1225fd7b5483ce83b5fe92863c252229ddcf0cd9d2653bc907e5f345b
vnm-moit-newsletter-09-2025-11:1,vnm-moit-newsletter-09-2025-11,2026-09-12T09:56:00Z,collected,,application/pdf,,,https://jetp.moit.gov.vn/Images/User/ngocanh/2025/12/ban_tin_jetp_viet_nam_so_9.pdf,,0826a03400c510a295a5ced1e11d0e55f5ebc26a0d5324792d947ddfa27d647a
vnm-moit-newsletter-10-2025-12:1,vnm-moit-newsletter-10-2025-12,2026-09-12T09:56:00Z,collected,,application/pdf,,,https://jetp.moit.gov.vn/Images/User/ngocanh/2026/1/tin_so_10_vie.pdf,,058f25bd96085a7deee8a73473b9829e05a142e33e92f63f3fc1cc01d4faba96
vnm-moit-newsletter-11-2026-01:1,vnm-moit-newsletter-11-2026-01,2026-09-12T09:56:00Z,collected,,application/pdf,,,https://jetp.moit.gov.vn/Images/User/ngocanh/2026/2/bantin1_(2).pdf,,3665dba39927b8a6e2b924db67e105d72090c9ef5ae5b1db6b999f599aa9850f
vnm-moit-newsletter-12-2026-02:1,vnm-moit-newsletter-12-2026-02,2026-09-12T09:56:00Z,collected,,application/pdf,,,https://jetp.moit.gov.vn/Images/User/ngocanh/2026/3/ban_tin_jetp_so_12-thang_2.2026_vie-da_nen.pdf,,56b6c81ce9eddf74bdeda5935338a8c612d11c743c92322f39e6c691397191e0
vnm-moit-newsletter-13-2026-03:1,vnm-moit-newsletter-13-2026-03,2026-09-12T09:56:00Z,collected,,application/pdf,,,https://jetp.moit.gov.vn/Images/User/ngocanh/2026/4/ban_tin_so_13__vie_(1).pdf,,fa7d149b3d8165b85b7090584a3df3d35fbd6b097bb8a08844df330a3410fc39
sen-investment-plan-annexes-mirror:1,sen-investment-plan-annexes-mirror,2026-09-12T08:27:00Z,collected,200,application/pdf,,,https://www.vie-publique.sn/docs/f003f026-01ff-4996-8959-6d01c9139b91/annexes-plan-dinvestissement-transition-energetique-juste-jetp-senegal-mepm.pdf,,dcd4fd924f9e637d36beb192f509b7971b8b5dda0a76e3c17b799ba26ff43b21
sen-political-declaration-fr-2023:1,sen-political-declaration-fr-2023,2026-09-12T08:35:00Z,collected,200,application/pdf,,,https://international-partnerships.ec.europa.eu/system/files/2023-06/political-declaration-for-a-jetp-with-senegal_fr.pdf,,eb7c59e93e92427b1c92f430cf991b0eedb0a0d9d7517ca69969771e159ed11a
sen-mepm-portal-2026:1,sen-mepm-portal-2026,2026-09-12T09:05:00Z,collected,200,text/html; charset=UTF-8,,,https://energie-mines.gouv.sn/,,e60e86612c2cef8a46f4469db0caf27ce62974d4c6bc3d22e62231fde4dc381a
sen-elysee-jetp-launch-2023:1,sen-elysee-jetp-launch-2023,2026-09-12T09:05:00Z,collected,200,text/html; charset=UTF-8,,"Sat, 12 Sep 2026 13:59:44 GMT",https://www.elysee.fr/en/emmanuel-macron/2023/06/22/launch-of-a-just-energy-transition-partnership,,b80b4e213ccc39b1ed4a15527ad01e29d72449f4b881346f729ef031bd0e155e
sen-bmz-jetp-factsheet:1,sen-bmz-jetp-factsheet,2026-09-12T09:05:00Z,collected,200,application/pdf,"""0f08a593697a306fe012ee0da1f31870""",,https://www.bmz.de/resource/blob/324366/factsheet-jetp-senegal-en.pdf,,490d3162ba3004da9556c91d3111064130a76503b25668d973df000027b7040f
sen-uk-jetp-launch-2023:1,sen-uk-jetp-launch-2023,2026-09-12T09:05:00Z,collected,200,text/html; charset=utf-8,"W/""46663e6f0f5d89fffa6d006bbc2a605a""",,https://www.gov.uk/government/news/senegal-and-the-international-partners-group-announce-just-energy-transition-partnership,,46663e6f0f5d89fffa6d006bbc2a605a299d467ee46b9e2b3c0b2c0ff07972dc
sen-eib-jetp-launch-2023:1,sen-eib-jetp-launch-2023,2026-09-12T09:05:00Z,collected,200,text/html; charset=utf-8,,,https://www.eib.org/en/press/all/2023-242-senegal-and-international-partners-announce-a-just-energy-transition-partnership-combining-climate-and-development-objectives,,0c16aad7880a5d75fb08d64dd5b55fec20890b5543078c1135d2518d33bdd7d2
sen-afdb-plan-procurement-2023:1,sen-afdb-plan-procurement-2023,2026-09-12T09:05:00Z,blocked,403,text/html; charset=UTF-8,,,https://www.afdb.org/fr/documents/ami-senegal-elaboration-dun-plan-dinvestissement-de-la-transition-energetique-juste-jet-au-senegal-et-renforcement-de-capacites-des-acteurs-nationaux-aetc,HTTP 403,
sen-senelec-reports-index:1,sen-senelec-reports-index,2026-09-12T09:05:00Z,collected,200,text/html; charset=utf-8,,,https://www.senelec.sn/rapports/,,bf9dd4f8012ed7494eb118cc9dee3c2c0249222cab0b43beea2a5d654d373072
sen-senelec-annual-report-2023:1,sen-senelec-annual-report-2023,2026-09-12T09:05:00Z,collected,200,application/pdf,"""69f219d6-19cdcb""","Wed, 29 Apr 2026 14:46:46 GMT",https://www.senelec.sn/media/rapports/pdf/rapport-annuel-senelec-2023-vf-ok1745314522.pdf,,678983d77cadf0b0fcf509a3fef555b90dcad045ddeee217018432d2e7da6e61
sen-senelec-annual-report-2024:1,sen-senelec-annual-report-2024,2026-09-12T09:05:00Z,collected,200,application/pdf,"""69f21aa2-11fc50""","Wed, 29 Apr 2026 14:50:10 GMT",https://www.senelec.sn/media/rapports/pdf/rapport-annuel-senelec-20241760024319_1.pdf,,d3e6ed4890f3829b853a02d49c752b18c5c5450350184679c9a284b6f862825f
sen-aeme-project-08:1,sen-aeme-project-08,2026-09-13T08:46:12Z,collected,200,text/html; charset=UTF-8,,,https://www.aeme.sn/eclairage-efficace-des-batiments/,,0c10795a5bd4fa473cfdd9d60a671fc99b51224de72426f5460d2953afb5c4a7
sen-aeme-project-09:1,sen-aeme-project-09,2026-09-13T08:46:12Z,collected,200,text/html; charset=UTF-8,,,https://www.aeme.sn/eclairage-public-efficace-et-integre/,,6bc04c30441f77174b9131140f902f301ea2e1f7dd08a75404de7cd7101320ea
sen-aeme-project-10:1,sen-aeme-project-10,2026-09-13T08:46:12Z,collected,200,text/html; charset=UTF-8,,,https://www.aeme.sn/ecofridges/,,d174067e2ef1b1e4108c2e86f2265a6f443457639cf2f8ab7e81b7b4341b011c
sen-aeme-project-11:1,sen-aeme-project-11,2026-09-13T08:46:12Z,collected,200,text/html; charset=UTF-8,,,https://www.aeme.sn/mise-niveau-des-batiments/,,e9d23ef86d47277b941f0d99813b0073ffab021f924a1a8100b40dbf5fd1223e
sen-aeme-project-12:1,sen-aeme-project-12,2026-09-13T08:46:12Z,collected,200,text/html; charset=UTF-8,,,https://www.aeme.sn/amelioration-des-performances-energetiques-des-stades/,,ed53d4733d39fe5ad44d8a2058df03c062f01eaba14533729c4d2cd663d86d80
sen-aeme-project-13:1,sen-aeme-project-13,2026-09-13T08:46:12Z,collected,200,text/html; charset=UTF-8,,,https://www.aeme.sn/pit/,,7aa40c2822179b270deb8202ace09bdbc0ef81fcb373104909e6f0c5a80fb9e5
sen-aeme-project-14:1,sen-aeme-project-14,2026-09-13T08:46:12Z,collected,200,text/html; charset=UTF-8,,,https://www.aeme.sn/analyse-et-optimisation-de-la-facture-de-ladministration/,,6aab53965cc3b9791f5d52a2f40421a121d1ecc9abb13f702173c19d170e5f84
sen-aeme-report-2023:1,sen-aeme-report-2023,2026-09-13T08:46:12Z,collected,200,application/pdf,,"Thu, 05 Jun 2025 15:21:12 GMT",https://www.aeme.sn/wp-content/uploads/2025/06/RAPPORT-ANNUEL-2023_compressed.pdf,,765c8668bd3a57062035d080b8c3d8653564f867ead06fbf914fdf9b45625204
sen-aner-project-api:1,sen-aner-project-api,2026-09-13T08:46:12Z,collected,200,application/json; charset=utf-8,"W/""10976-y74OZmtgDgQ+9Q9A9/d9cdbvNL0""",,https://aner.sn/api/projects,,54ebc3ddffbc2a383244ef5dbea003f56482368a161c5d01e81b29cf73ed85e2
sen-aner-project-29:1,sen-aner-project-29,2026-09-13T08:46:12Z,collected,200,application/json; charset=utf-8,"W/""109d-rlPbrcsLyv47Sqi+BDlBw0q03bo""",,https://aner.sn/api/projects/by-slug/projet-diffusion-pompes-solaires-usages-productifs,,439336e3db23f134262f245ea94ae5b0c24d9b6da37218b7d5f077f90fff93cd
sen-aner-project-31:1,sen-aner-project-31,2026-09-13T08:46:12Z,collected,200,application/json; charset=utf-8,"W/""12be-XUOMVHibKT8ZS9+bGYxx4qVKOWk""",,https://aner.sn/api/projects/by-slug/phase-iv-programme-national-eclairage-public-solaire,,656aee48711dd1329791c22b2020c17c9336b5f1d3006e93fa14ed88c9435ec8
sen-aner-project-27:1,sen-aner-project-27,2026-09-13T08:46:12Z,collected,200,application/json; charset=utf-8,"W/""1303-vdffJbLBZpw5HLiLnTLa7oJNHgU""",,https://aner.sn/api/projects/by-slug/energie-solaire-autonomisation-femmes-rurales-esaref,,b174e0b88eead1d884a4d2e496c7351ae59991dc5da9bd9e62cf17a2a50463eb
sen-aner-project-22:1,sen-aner-project-22,2026-09-13T08:46:12Z,collected,200,application/json; charset=utf-8,"W/""1269-nC67IfVdK2gdVnXESBxXT/5TEBE""",,https://aner.sn/api/projects/by-slug/utilisation-de-la-refrigeration-solaire-pour-la-conservation-des-produits,,623875df24848e24df309b1b8b7622fd0dbe8e83fb5bdf7c28b93845a58dc45e
sen-aner-project-20:1,sen-aner-project-20,2026-09-13T08:46:12Z,collected,200,application/json; charset=utf-8,"W/""2114-ojLo/M1mIM8MryaQuR1z6EbLoX0""",,https://aner.sn/api/projects/by-slug/projet-dhybridation-solaire-de-2000-forages-en-milieu-rural,,e689b5ecd1e585cc8a1755df8750b552457405af932c28a29e568b19513b2b97
sen-senelec-procurement-2026:1,sen-senelec-procurement-2026,2026-09-13T08:46:12Z,collected,200,text/html; charset=utf-8,,,https://www.senelec.sn/marches/passation/?tab=appels,,9dafa5e73dde157f93645b999446b0546b353f931f4e1d742614f26cc69cefce
sen-afd-diass-storage:1,sen-afd-diass-storage,2026-09-13T08:46:12Z,collected,200,application/pdf,,"Mon, 24 Mar 2025 17:24:59 GMT",https://www.afd.fr/sites/default/files/2024-06-03-08-52/06_AT_Senelec_Senegal_stockage_FR_OK.pdf,,ff54ba565532a94ea477d96ea07ac85b5239dbfd00b3dd186467d92700109bf1
sen-senelec-thies-touba-par:1,sen-senelec-thies-touba-par,2026-09-13T08:46:12Z,collected,200,text/html;charset=UTF-8,,,https://tenders-afd.dgmarket.com/tenders/np-notice.do?noticeId=86609882,,a1360977d1a5cfaeb895073c7b899a70786b7a91eae60e0d1b88cdb5f94470f8
sen-annex8-project-analysis:1,sen-annex8-project-analysis,2026-09-13T08:46:12Z,collected,200,application/pdf,,"Thu, 30 Apr 2026 03:28:18 GMT",https://www.vie-publique.sn/docs/91d17da4-9ebc-472c-bcc2-0192d159188a/annexe-8-analyse-des-projets-plan-dinvestissement-transition-energetique-senegal-enercap.pdf,,368a4bc61f322ff7b21ba654a0e27b7d1161e502634fce35e03c22dc2020f9cf
sen-offgrid-mini-grid-2025:1,sen-offgrid-mini-grid-2025,2026-09-13T08:46:12Z,missing,404,text/html,,,https://offgrideurope.com/documents/Off-Grid_Europe_Mini-Grid_2025_FR.pdf,HTTP 404,
sen-bmn-energy-programme:1,sen-bmn-energy-programme,2026-09-13T08:46:12Z,collected,200,text/html; charset=UTF-8,,,https://www.bmn.sn/statistiques/environnement-et-efficacite-energetique/,,44858b68038b76b7a137da8c526322a56f7a8c8ebaac3ada6468fb66ccd42c1b
sen-pnb-programme:1,sen-pnb-programme,2026-09-13T08:46:12Z,collected,200,text/html; charset=UTF-8,,,https://pnb.sn/,,d5ee25e36f1eea27a9893ca439c988accf0734fb5fc791d06979d74ab57645c2
sen-cetud-biognv-2021:1,sen-cetud-biognv-2021,2026-09-13T08:46:12Z,collected,200,text/html; charset=UTF-8,,,https://cetud.sn/1ere-edition-prix-de-l-innovation-1er-prix-decerne-a-sb2-4all-pour-le-projet-biognv-senegal/,,c1a6fd6c5566cebfa07d7eee7db00c3d6926b96fd949e742613ab56489d7f820
sen-aser-programmes:1,sen-aser-programmes,2026-09-13T08:46:12Z,fetch_error,,,,,https://aser.sn/,"ConnectionError: HTTPSConnectionPool(host='aser.sn', port=443): Max retries exceeded with url: / (Caused by NewConnectionError(""HTTPSConnection(host='aser.sn', port=443): Failed to establish a new connection: [Errno 111] Connection refused""))",
sen-mha-sambangalou:1,sen-mha-sambangalou,2026-09-13T08:46:12Z,collected,200,text/html; charset=UTF-8,,,https://mha.gouv.sn/barrage-hydroelectrique-de-sambangalou-la-reprise-imminente-des-travaux/,,90770a8196945fc2ac90a631084ee2d70a7e0f491283e9de5acd8acdbd6eaee0
sen-vemar-fass-ngom:1,sen-vemar-fass-ngom,2026-09-13T08:46:12Z,collected,200,text/html,"""6200-630b84ab12cd7-br""","Wed, 19 Mar 2025 20:59:05 GMT",https://www.vemargroup.com/energies-renouvelables.html,,8d2e3955e8ccf320435447807043a6d5e2ff75bf6d1fceda22d825ec26276abe
sen-senelec-saloum-tender-2026:1,sen-senelec-saloum-tender-2026,2026-09-13T08:49:10Z,collected,200,application/pdf,"""6a660b7e-41593""","Sun, 26 Jul 2026 13:28:30 GMT",https://www.senelec.sn/media/marches/appels/Avis_AO_30-_2026_PREQUALIFICATION_VF.pdf,,d7f2d451cb716eed8bd175f9bf2c5d8a79e76a39b2abf6cbf0c9024a45f8fbd0
sen-uasz-vev-thesis-2024:1,sen-uasz-vev-thesis-2024,2026-09-13T08:49:10Z,collected,200,application/pdf;charset=ISO-8859-1,,"Mon, 02 Jun 2025 16:14:45 GMT",https://rivieresdusud.uasz.sn/bitstream/handle/123456789/2405/badiane_memoire_2024.pdf?sequence=1,,b39cdca3c912e4949e99284fd772b3d024279dae934c93c020cf911e57b10b78
sen-semis-storage-study:1,sen-semis-storage-study,2026-09-13T08:49:10Z,collected,200,text/html; charset=UTF-8,,"Tue, 29 Jul 2025 10:37:26 GMT",https://semis.sn/wordpress/projects/etude-de-faisabilite-pour-limplantation-des-systemes-stockage-batterie-bess-dans-le-reseau-national-du-senegal/,,87ba804d70992c57fed72eae24213205e0465c7e6210ef89bbf4d116becae945
sen-energy-compact-2025:1,sen-energy-compact-2025,2026-09-13T08:49:10Z,collected,200,application/pdf,,"Sun, 26 Jan 2025 15:50:52 GMT",https://thedocs.worldbank.org/en/doc/852a120aa85ab5eea4c1d3a176ff84ac-0010012025/original/M300-AES-Compact-Senegal.pdf,,f094953b59684cfe68267a3515b345bcc40c6e9a2ed84adf3fafacdfceed6377
sen-aner-magazine-2026:1,sen-aner-magazine-2026,2026-09-13T08:49:31Z,collected,200,application/pdf,"W/""5f7c4f-19e2b3d2118""","Fri, 15 May 2026 10:44:47 GMT",https://aner.sn/uploads/magazine-aner-transition-s1-2026.pdf,,8b1734bbbf798a141cd433f6c5686b43a975c88476da2a1a5e744ee6452e50fd
sen-afd-arescaleup-2025:1,sen-afd-arescaleup-2025,2026-09-13T09:14:19Z,collected,200,application/pdf,,"Wed, 21 Jan 2026 15:46:36 GMT",https://www.afd.fr/sites/default/files/2026-01/afd_bilan_are-scale-up_2017-2025_web.pdf,,6ff8aa9f64a1a7c8952e5ea9ba1021041ade494eb7b39ff18bd27f1c28c1028c
sen-aner-gandiaye-tender-2020:1,sen-aner-gandiaye-tender-2020,2026-09-13T09:14:19Z,invalid_content,200,text/html; charset=utf-8,"W/""cfb-Frnr8sGPnSI+0wgCV4CdNselDRg""",,https://www.aner.sn/wp-content/uploads/2020/06/Avis-d%E2%80%99appel-d%E2%80%99offres-N%C2%B0-AOI-002-20ANER.pdf,expected PDF magic bytes,
sen-aser-programmes:2,sen-aser-programmes,2026-09-13T09:14:19Z,fetch_error,,,,,https://aser.sn/,"ConnectionError: HTTPSConnectionPool(host='aser.sn', port=443): Max retries exceeded with url: / (Caused by NewConnectionError(""HTTPSConnection(host='aser.sn', port=443): Failed to establish a new connection: [Errno 111] Connection refused""))",
sen-aser-www-retry:1,sen-aser-www-retry,2026-09-13T09:14:19Z,fetch_error,,,,,https://www.aser.sn/,"ConnectionError: HTTPSConnectionPool(host='www.aser.sn', port=443): Max retries exceeded with url: / (Caused by NewConnectionError(""HTTPSConnection(host='www.aser.sn', port=443): Failed to establish a new connection: [Errno 111] Connection refused""))",
sen-diass-groundbreaking-2026:1,sen-diass-groundbreaking-2026,2026-09-13T09:14:19Z,collected,200,text/html; charset=utf-8,,,https://www.senelec.sn/actualites/projet-de-stockage-par-batterie-de-diass/,,5e3bf0b0b647b6927bf7784ad33307ffed9ba7c74f0fc6cd35f8fc4eff4a8c25
sen-gov-access-project-fiches:1,sen-gov-access-project-fiches,2026-09-13T09:14:20Z,fetch_error,,,,,https://www.sencoders.gouv.sn/fiches-projets.html,"SSLError: HTTPSConnectionPool(host='www.sencoders.gouv.sn', port=443): Max retries exceeded with url: /fiches-projets.html (Caused by SSLError(SSLCertVerificationError(1, ""[SSL: CERTIFICATE_VERIFY_FAILED] certificate verify failed: Hostname mismatch, certificate is not valid for 'www.sencoders.gouv.sn'. (_ssl.c:1000)"")))",
sen-ifc-biogas-609428:1,sen-ifc-biogas-609428,2026-09-13T09:14:20Z,collected,200,text/html;charset=utf-8,,"Sun, 13 Sep 2026 09:14:21 GMT",https://disclosures.ifc.org/project-detail/AS/609428/senegal-biogas,,33d7e0862d9b95fe470a26114d3e04a2d5fbf78b0b05cf135c40b983a2f4d78e
sen-ifc-cetud-ppp-2025:1,sen-ifc-cetud-ppp-2025,2026-09-13T09:14:21Z,collected,200,text/html;charset=utf-8,,"Sat, 12 Sep 2026 01:03:40 GMT",https://www.ifc.org/fr/pressroom/2025/ifc-and-cetud-expand-partnership-to-improve-sustainable-transport-in-senegal-throu,,50297465b5e50f39268cb9543c2175289c72a7716331b45d4c10cd7108bdc75f
sen-investment-plan-annex8-official:1,sen-investment-plan-annex8-official,2026-09-13T09:14:21Z,fetch_error,,,,,https://www.itie.sn/wp-content/uploads/2025/06/Plan-dInvestissement-Annexe-8-Analyse-des-projets-recus.pdf,"SSLError: HTTPSConnectionPool(host='www.itie.sn', port=443): Max retries exceeded with url: /wp-content/uploads/2025/06/Plan-dInvestissement-Annexe-8-Analyse-des-projets-recus.pdf (Caused by SSLError(SSLCertVerificationError(1, '[SSL: CERTIFICATE_VERIFY_FAILED] certificate verify failed: unable to get local issuer certificate (_ssl.c:1000)')))",
sen-investment-plan-l4:3,sen-investment-plan-l4,2026-09-13T09:14:21Z,fetch_error,,,,,https://www.itie.sn/wp-content/uploads/2025/06/20250402-ENERCAP-Livrable-L4-v5-clean-1.pdf,"SSLError: HTTPSConnectionPool(host='www.itie.sn', port=443): Max retries exceeded with url: /wp-content/uploads/2025/06/20250402-ENERCAP-Livrable-L4-v5-clean-1.pdf (Caused by SSLError(SSLCertVerificationError(1, '[SSL: CERTIFICATE_VERIFY_FAILED] certificate verify failed: unable to get local issuer certificate (_ssl.c:1000)')))",
sen-irve-framework-tender-2026:1,sen-irve-framework-tender-2026,2026-09-13T09:14:22Z,blocked,403,text/html; charset=UTF-8,,,https://www.dgmarket.com/tenders/np-notice.do?keywords=&noticeId=107072743,HTTP 403,
sen-offgrid-africool-mou-2025:1,sen-offgrid-africool-mou-2025,2026-09-13T09:14:22Z,collected,200,text/html,,,https://offgrideurope.com/blog/80rqwqsx8o8gpz34g7ysovciwiwsu0,,5acc3eb50cedbb9498c5c1de2807364a19212e4acc5c70021b921f5894201381
sen-offgrid-mini-grid-2025:2,sen-offgrid-mini-grid-2025,2026-09-13T09:14:22Z,missing,404,text/html,,,https://offgrideurope.com/documents/Off-Grid_Europe_Mini-Grid_2025_FR.pdf,HTTP 404,
sen-offgrid-muchcooler-eoi-2026:1,sen-offgrid-muchcooler-eoi-2026,2026-09-13T09:14:22Z,collected,200,text/html,,,https://offgrideurope.com/blog/expression-of-interest-much-cooler,,ff40d2eadd36dcf10549274fd1f315ee2b4b9096c884c8cab385dc5a01a826e6
sen-offgrid-muchcooler-product:1,sen-offgrid-muchcooler-product,2026-09-13T09:14:22Z,collected,200,text/html,,,https://offgrideurope.com/products/much-cooler,,38fc137d34d56281c59e18d684d819e0968c99c7c41a665a57a8f22c798539d6
sen-pnb-biogas-model:1,sen-pnb-biogas-model,2026-09-13T09:14:22Z,collected,200,text/html; charset=UTF-8,,,https://pnb.sn/biogaz/,,240a6dcf0e77abeccbc1b2616346b2dd1cf0a3b26f5e3fe798e2be3fdfa58e9c
sen-pnb-financing-partners:1,sen-pnb-financing-partners,2026-09-13T09:14:24Z,collected,200,text/html; charset=UTF-8,,,https://pnb.sn/nos-activites/partenaires/,,97407fa2f61aeaafb44fc6f5d1f60a5438dca081d6425bbd51d344128ec2095b
sen-swedfund-biofuels:1,sen-swedfund-biofuels,2026-09-13T09:14:25Z,collected,200,text/html; charset=utf-8,,,https://www.swedfund.se/en/investments-and-projects/biofuels-senegal,,74c64e69f988b3fdb720e8e087e517c3a9e5a1a1e5ab5d27f123bfe3a15a92de
sen-caa-aner-capacity-065:1,sen-caa-aner-capacity-065,2026-09-13T09:16:44Z,blocked,403,text/html,,,https://climateactionafrica.ca/fr/projects/renforcement-des-capacites-sur-des-projets-denergies-renouvelables-au-senegal-065/,HTTP 403,
sen-mha-water-compact-2026:1,sen-mha-water-compact-2026,2026-09-13T09:16:45Z,collected,200,application/pdf,"W/""0x8DE9AFBF6748F60""","Wed, 15 Apr 2026 14:33:29 GMT",https://www.worldbank.org/content/dam/theworldbankgroupasset/document/2026/water-forward-compacts/Pacte%20Eau%20Senegal_2026_FR.pdf,,bdd589f21f364e16d1d98f6015e43dfcdafb8c0823d51608f10f1534cbfae2a5
sen-omvg-portal-retry:1,sen-omvg-portal-retry,2026-09-13T09:16:45Z,fetch_error,,,,,https://www.omvg.org/,"ConnectionError: ('Connection aborted.', ConnectionResetError(104, 'Connection reset by peer'))",
sen-omvg-energy-portal:1,sen-omvg-energy-portal,2026-09-13T09:16:45Z,collected,200,text/html; charset=UTF-8,,,https://www.pe-omvg.org/,,af41f803acbf66f358a8284c4f6e8a17fb62f8979cec7f496ed693aece291df9
sen-kasofor-afd:1,sen-kasofor-afd,2026-09-13T09:16:54Z,collected,200,text/html; charset=UTF-8,,,https://www.afd.fr/fr/projets/kasofor-resilience-des-communautes-insulaires-de-casamance-face-au-changement-climatique,,6b90ae97a74410f7690cfa51724725530df306dcfc45abaa5ed6ef7ab2fe22e2
sen-kasofor-fondem:1,sen-kasofor-fondem,2026-09-13T09:16:55Z,collected,200,text/html; charset=UTF-8,,,https://fondem.ong/kasofor/,,159d01d370c505b56b3495b0f48181456a91dce6eef2e633ac025c3422257a3b
sen-giz-ped2-2024:1,sen-giz-ped2-2024,2026-09-13T09:16:56Z,collected,200,application/pdf,"""68d40237-84e8b""","Wed, 24 Sep 2025 14:37:43 GMT",https://www.giz.de/en/downloads/giz2024-fr-programme-energies-durables.pdf,,bdd21bde167983daf3ebc7a5c79af9e61ab5bdeeda95d804f755a7814154cd03
sen-artelia-thiestouba-gbif:1,sen-artelia-thiestouba-gbif,2026-09-13T18:21:06Z,collected,200,application/json,,,https://api.gbif.org/v1/dataset/081fc123-1a65-4d0f-a9a0-a53c939d6727,,eaca85df5e739489a8fba49d5f0a08468846e53a9d0b971224af93bf9b8370f5
sen-boad-ouarkhokh-esia:1,sen-boad-ouarkhokh-esia,2026-09-13T18:21:06Z,collected,200,application/pdf,"""f8e1fd-64bc9f567e380""","Fri, 27 Feb 2026 08:23:58 GMT",https://admin.boad.org/wp-content/uploads/2026/02/Rapport_EIES-Centrale-solaire-Ouarkhokh_Send-Senelec_Huwaei.pdf,,22607a52b514c032075dbff3c510f4f7a9342f087ec2e3150f23ed0a9f20c24a
sen-mrv-350-villages:1,sen-mrv-350-villages,2026-09-13T18:21:08Z,collected,200,text/html; charset=UTF-8,"W/""bc1a585c42ac3168ec0e45d962344fce""",,https://www.mrvenergy.com/items?lang=en,,7bf7c746b1ade88d5e34d6e06a16f959161d890dacafe7caa613e3a6f2aacc6d
sen-senelec-huawei-mou-social:1,sen-senelec-huawei-mou-social,2026-09-13T18:21:11Z,collected,200,text/html; charset=utf-8,,,https://fr.linkedin.com/posts/senelecofficielle_senelec-energy-senegal-activity-7493684231382962176-uODO,,b2797b7eb575aafdc2cc96e77bd224fcd358ee6423a9a1a9569c3c1d80602623
sen-rts-huawei-mou-2026:1,sen-rts-huawei-mou-2026,2026-09-13T18:21:11Z,collected,200,text/html; charset=utf-8,"""14lqc1p9h7a3400""",,https://www.rts.sn/actualite/detail/a-la-une/linguere-et-koungheul-le-senegal-et-huawei-scellent-un-accord-pour-deux-centrales-solaires-de-50-mw,,fbff5e6f0a96c9adbcfb52cd70c1ee9532a7b9a1225f4e22433759ec0c20da2b
sen-energy-policy-2025-2029:1,sen-energy-policy-2025-2029,2026-09-13T18:21:12Z,collected,200,application/pdf,,"Fri, 18 Jul 2025 11:15:58 GMT",https://energie-mines.gouv.sn/wp-content/uploads/2025/07/LPDSEM-2025-2029-_VF_Print.pdf,,8616f885a51ba4c37669f0b10de7c9bf54343e9ac981f215f69848927702d2ac
sen-nrgi-jetp-feasibility-2026:1,sen-nrgi-jetp-feasibility-2026,2026-09-13T18:21:13Z,collected,200,text/html; charset=UTF-8,,,https://resourcegovernance.org/publications/faire-du-plan-dinvestissement-jetp-du-senegal-un-cadre-realisable-et-equitable,,277f1990e61d085317f1ca7c120d9b0f786ecd1a76fd5629ccd37700bddd31e0
sen-nrgi-territories-2026:1,sen-nrgi-territories-2026,2026-09-13T18:21:13Z,collected,200,text/html; charset=UTF-8,,,https://resourcegovernance.org/fr/publications/voix-des-territoires-experiences-et-defis-de-la-transition-energetique-au-senegal,,0ff17421a4491b2a255a6336d360a1c642ab63c4755eca5c7177b28242968f57
sen-senego-mobilised-2026:1,sen-senego-mobilised-2026,2026-09-13T18:21:14Z,collected,200,text/html; charset=UTF-8,"""74097233-1789293682;br""",,https://senego.com/senegal-le-partenariat-jetp-a-mobilise-moins-dun-milliard-deuros-en-3-ans_1992808.html,,648bb43677e8a75ba0f7e0460648521e27962b005cf554af45cc1df8361c6166
sen-scout-puelec-commissioning-2025:1,sen-scout-puelec-commissioning-2025,2026-09-13T18:55:53Z,collected,200,text/html; charset=UTF-8,,,https://energie-mines.gouv.sn/programme-durgence-delectrification-puelec-medina-kenioto-magnankanti-et-matakoussi-illumines-pour-la-premiere-fois-depuis-lindependance-du-senegal/,,2ee4f9b53b270aba145bf2972f07e31139f0b24cc999ba123b5be467dca5e50b
sen-scout-puelec-pip-2026:1,sen-scout-puelec-pip-2026,2026-09-13T18:55:56Z,fetch_error,,,,,https://budget.sec.gouv.sn/telecharger-le-document/695e61fa-3338-4ee5-8734-43790a2a028a/telechargement,"ConnectionError: ('Connection aborted.', ConnectionResetError(104, 'Connection reset by peer'))",
sen-scout-energy-policy-evaluation:1,sen-scout-energy-policy-evaluation,2026-09-13T18:55:56Z,collected,200,application/pdf,,"Mon, 19 May 2025 10:52:33 GMT",https://energie-mines.gouv.sn/wp-content/uploads/2025/05/LPDSE-2019-2023_Rapport-Evaluation-finale_VRevisee2.pdf,,7290fabe4bcd3b2bcb8a6aa72ad7dfcf738ac16d0c90eda2d5f612c72fba93f6
sen-scout-giz-ped2-project:1,sen-scout-giz-ped2-project,2026-09-13T18:55:57Z,collected,200,text/html;charset=UTF-8,,,https://www.giz.de/projektdaten/projects.action?pn=202020998&request_locale=en_GB,,3249186721c5481e2691e71927679770f94635d9c040cf4319d8ccbb54a2c4f2
sen-scout-clean-cooking-strategy:1,sen-scout-clean-cooking-strategy,2026-09-13T18:56:02Z,collected,200,application/pdf,,"Mon, 16 Jun 2025 13:20:15 GMT",https://energie-mines.gouv.sn/wp-content/uploads/2025/06/Rapport-Final-Strategie-CD.pdf,,f8d43847d560f5c866a6b6887b0e03849f5e35b57d589e3f65038c49758e7eaf
sen-scout-ouarkhokh-par:1,sen-scout-ouarkhokh-par,2026-09-13T18:56:03Z,collected,200,application/pdf,"""3e47bf-64bca0d20e300""","Fri, 27 Feb 2026 08:30:36 GMT",https://admin.boad.org/wp-content/uploads/2026/02/PAR_Centrale-Solaire_Ouarkhokh_VP_02022026_Send-Senelec_Huwaei.pdf,,219852b5195cc01f62d566a5f606d9b61bfea1d61bb2ec880b785c905ee801f0
sen-scout-ouarkhokh-pepp:1,sen-scout-ouarkhokh-pepp,2026-09-13T18:56:05Z,collected,200,application/pdf,"""3be1c9-64bca2bf1ae40""","Fri, 27 Feb 2026 08:39:13 GMT",https://admin.boad.org/wp-content/uploads/2026/02/PEPP-Provisoire_Centrale-solaire_Ouarkhokh.pdf,,f889bc9c7eaba01411c88d6e80bf2bd4ef2fd24f7429efc52f15d4ed42970003
sen-scout-genertec-ouarkhokh:1,sen-scout-genertec-ouarkhokh,2026-09-13T18:56:06Z,collected,200,text/html; charset=UTF-8,,,https://www.intlgt.cn/en/NewsMedia/Latestnews/202606/t20260616_57438.html,,54c0b6ab4f0667bd5290abd3974d6f63d92d92d3cdb4feedec55e51b9625b5f2
sen-scout-aner-fiches-ice:1,sen-scout-aner-fiches-ice,2026-09-13T18:56:07Z,collected,200,application/pdf,"""69010f06-3b4b2d""","Tue, 28 Oct 2025 18:44:22 GMT",https://www.ice.it/it/sites/default/files/inline-files/ANER_Fiches_Projets_Complet.pdf,,b447a8188df5d11b1e11a85411becacad6fffe663d05eba99205f3f83f162377
sen-scout-cesag-aner-thesis:1,sen-scout-cesag-aner-thesis,2026-09-13T18:56:08Z,collected,200,application/pdf,"""9bd72-64bcd0be03325""","Fri, 27 Feb 2026 12:04:59 GMT",https://bibliotheque.cesag.sn/documents_numeriques/M0599MPSG25.pdf,,b173b8c041b4985ba3fa30e633d41ae96c59ac27224f43eafbe8460f67aee4ca
sen-senelec-ppm-2026-v2:1,sen-senelec-ppm-2026-v2,2026-09-13T19:25:33Z,collected,200,application/pdf,"""69f853d1-c292a""","Mon, 04 May 2026 08:07:45 GMT",https://www.senelec.sn/media/marches/documents/PPM_SENELEC_2026_VERSION_2_VALIDE_LE_13_03_2026.pdf,,bbee239b7002466b9879472df6193f20ea9c47090ecf63c053285cb115d33057
sen-arcop-aser-audit-2023:1,sen-arcop-aser-audit-2023,2026-09-13T19:25:34Z,http_error,406,text/html; charset=iso-8859-1,,,https://arcop.sn/wp-content/uploads/2025/10/RAPPORT-AGENCE-SENEGALAISE-DELECTRIFICATION-RURALE-ASER-2023-1.pdf,HTTP 406,
sen-mepm-cntic-huawei-contracts-2025:1,sen-mepm-cntic-huawei-contracts-2025,2026-09-13T19:25:35Z,collected,200,text/html; charset=UTF-8,,,https://energie-mines.gouv.sn/partenariat-senelec-et-huawei/,,2e09bff103bf7f55630768ea579035a1c15f5ec7dcdbeca7cdc17245456cb572
sen-mepm-ouarkhokh-groundbreaking-2026:1,sen-mepm-ouarkhokh-groundbreaking-2026,2026-09-13T19:25:38Z,collected,200,text/html; charset=UTF-8,,,https://energie-mines.gouv.sn/pose-de-la-premiere-pierre-de-la-centrale-solaire-photovoltaique-a-linguere-le-senegal-accelere-sa-souverainete-energetique/,,743ccfa05cfa6450196ea7d847276bd41f31d67bd7c7bf5bcb488c5000d7e4a9
sen-genertec-ouarkhokh-chinese-2026:1,sen-genertec-ouarkhokh-chinese-2026,2026-09-13T19:25:41Z,collected,200,text/html; charset=UTF-8,,,https://www.intlgt.cn/xwzx/gsxw/202605/t20260526_57364.html,,cb7dde83715e10f2e5e41c89f93b849b351ed4d0b42287feb75c6a77322aef63
sen-mepm-huawei-sites-mou-2026:1,sen-mepm-huawei-sites-mou-2026,2026-09-13T19:25:43Z,collected,200,text/html; charset=UTF-8,,,https://energie-mines.gouv.sn/visite-de-travail-sur-invitation-du-groupe-huawei-technologies-co-ltd/,,abd1d23aabf017a2768d9cdbe3d1cc3d61ff4e539759089d3dcfcfaff57056dc
sen-afd-irve-ami12-2026:1,sen-afd-irve-ami12-2026,2026-09-13T19:25:46Z,blocked,403,text/html; charset=UTF-8,,,https://afd.dgmarket.com/tenders/np-notice.do?keywords=&noticeId=107072743,HTTP 403,
sen-arcop-aser-audit-2023:2,sen-arcop-aser-audit-2023,2026-09-13T19:26:32Z,collected,200,application/pdf,,"Wed, 17 Jun 2026 14:29:28 GMT",https://arcop.sn/wp-content/uploads/2025/10/RAPPORT-AGENCE-SENEGALAISE-DELECTRIFICATION-RURALE-ASER-2023-1.pdf,,d8a794f618f1d4a503bbb782e42eb4e5b5f86e0ce8e081dd967ab6f6fd6b6960
sen-boad-linguere-loan-2026:1,sen-boad-linguere-loan-2026,2026-09-13T19:37:03Z,collected,200,application/pdf,"""1a693-64e3a3c89d6c0""","Mon, 30 Mar 2026 09:11:31 GMT",https://admin.boad.org/wp-content/uploads/2026/03/COMPRESS-CA-150-1.pdf,,4d6fe04c483ade423962f0b5f2f8281e27b8e06bab732f7dac868ed40163dbf9
sen-boad-dakar-office-2026:1,sen-boad-dakar-office-2026,2026-09-13T19:37:03Z,collected,200,application/pdf,"""14e96-651883a6eb580""","Mon, 11 May 2026 10:29:58 GMT",https://admin.boad.org/wp-content/uploads/2026/05/COMPRESS-INAUGUATION-MRSN-2.pdf,,3bb6131ca5c817cb17a909a9853061ee1bfbf70aca70602677288d7ed42b6ecf
sen-giz-ped2-awards-2025:1,sen-giz-ped2-awards-2025,2026-09-13T19:37:04Z,collected,200,application/pdf,"""68b30a77-15d47f""","Sat, 30 Aug 2025 14:28:07 GMT",https://www.giz.de/sites/default/files/media/elvis-document/2025-08/giz2025-de-vertraege-firmen-institutionen.pdf,,e53876284cd9364de031a4f501046ac785d5b2304108552c21998d3d74a2a179
sen-isdb-aser-133-award:1,sen-isdb-aser-133-award,2026-09-13T19:37:04Z,collected,200,application/pdf,"W/""66979d33-4a5a2""","Wed, 17 Jul 2024 10:30:11 GMT",https://www.isdb.org/project-procurement/sites/pproc/files/2021-10/CPM-Notification%20attribution%20de%20march%C3%A9%20DAO%20BID.PDF,,79cc9347b7e99afbde453cfbc07a0169611d719fd30368005eb2da5cdd75359c
sen-aner-d2b-live-api:1,sen-aner-d2b-live-api,2026-09-13T19:37:05Z,collected,200,application/json; charset=utf-8,"W/""1329-inI8AIh6QXcvmsezTDAZIxQZIPw""",,https://aner.sn/api/projects/by-slug/le-solaire-pour-ameliorer-le-secteur-de-la-sante-ziguinchor-sedhiou-kolda,,c3be967d1b65b831e20583e2f355f69debd4dbd74fd0f219b9cbe973f84a3e3b
sen-aner-archive-autonomisation-public-buildings:1,sen-aner-archive-autonomisation-public-buildings,2026-09-13T19:37:06Z,collected,206,application/octet-stream,"""82e41f58dd83be84d6044e60c7e268a0-18""","Thu, 07 Dec 2023 05:50:19 GMT",https://data.commoncrawl.org/crawl-data/CC-MAIN-2023-50/segments/1700679100632.0/warc/CC-MAIN-20231207022257-20231207052257-00050.warc.gz,,52cf2ab69fde0a5497286d2efa4a1e601194494faa013a1853daf829eecd2a26
sen-aner-archive-esipc:1,sen-aner-archive-esipc,2026-09-13T19:37:07Z,collected,206,application/octet-stream,"""6e4db48ff68be04ed5b8ebbd42298d52-15""","Tue, 10 Dec 2024 17:05:06 GMT",https://data.commoncrawl.org/crawl-data/CC-MAIN-2024-51/segments/1733066061339.24/warc/CC-MAIN-20241210132922-20241210162922-00363.warc.gz,,4c3833723abb33ed0fdf8521a1df055be87e6c9f77ebd1b74e26c80738aaa06c
sen-aner-archive-esipc-v4:1,sen-aner-archive-esipc-v4,2026-09-13T19:37:08Z,collected,206,application/octet-stream,"""7c537aa51bdf91978c809e5f8dae204f-15""","Sun, 25 May 2025 04:40:05 GMT",https://data.commoncrawl.org/crawl-data/CC-MAIN-2025-21/segments/1746990726410.98/warc/CC-MAIN-20250525003427-20250525033427-00884.warc.gz,,85b97853ee8bcae2ded5d307103e841eaad987d525a95dee71deb35ebc16c779
sen-aner-archive-d2b:1,sen-aner-archive-d2b,2026-09-13T19:37:08Z,collected,206,application/octet-stream,"""929efdbf256362f1cae62871a0132f98-15""","Sun, 25 May 2025 04:34:13 GMT",https://data.commoncrawl.org/crawl-data/CC-MAIN-2025-21/segments/1746990726410.98/warc/CC-MAIN-20250525003427-20250525033427-00764.warc.gz,,b6845e11cdd98880857994deeed6aa70000b064791834e01e70cc9517b133579
sen-aner-archive-gandiaye:1,sen-aner-archive-gandiaye,2026-09-13T19:37:09Z,collected,206,application/octet-stream,"""4933ac362dc6887ac5626a7ee6c4865c-15""","Tue, 10 Dec 2024 17:26:05 GMT",https://data.commoncrawl.org/crawl-data/CC-MAIN-2024-51/segments/1733066061339.24/warc/CC-MAIN-20241210132922-20241210162922-00815.warc.gz,,1317e961043b8edb5fba5d5ac85effbd3f1aed1bb5d9accf2e347ce185c261fb
sen-aner-archive-agpm-2025:1,sen-aner-archive-agpm-2025,2026-09-13T19:37:53Z,collected,206,application/octet-stream,,,https://data.commoncrawl.org/crawl-data/CC-MAIN-2025-13/segments/1742004432960.46/warc/CC-MAIN-20250316082354-20250316112354-00279.warc.gz,,81a392144690b5991f26acc88c65071534e5d42dc0f36791c0d5fbb073782906
sen-senelec-agpm-2026-contact:1,sen-senelec-agpm-2026-contact,2026-09-13T20:33:00Z,collected,200,application/pdf,"""69f85498-3a1d0""","Mon, 04 May 2026 08:11:04 GMT",https://www.senelec.sn/media/marches/documents/AVIS_GENERAL_-_2026_VF.pdf,,048afb695e52d2881dc7ede8544e65b239a7821623a8328501ae72f7a44643e2
sen-omvg-project-contact:1,sen-omvg-project-contact,2026-09-13T20:33:01Z,invalid_content,200,text/html; charset=UTF-8,,,https://www.pe-omvg.org/node/2,expected HTML document,
sen-irve-attachments-107072743:1,sen-irve-attachments-107072743,2026-09-13T20:33:09Z,blocked,403,text/html; charset=UTF-8,,,https://afd.dgmarket.com/tenders/biddingDocumentsList.do?noticeId=107072743,HTTP 403,
sen-arcop-aeepower-decision107-2024:1,sen-arcop-aeepower-decision107-2024,2026-09-13T20:33:09Z,http_error,406,text/html; charset=iso-8859-1,,,https://arcop.sn/wp-content/uploads/2024/10/DECISION-107-2024-ARCOP-DEF-DU-02-OCTOBRE-2024.pdf,HTTP 406,
sen-arcop-aeepower-decision138-2024:1,sen-arcop-aeepower-decision138-2024,2026-09-13T20:33:10Z,http_error,406,text/html; charset=iso-8859-1,,,https://arcop.sn/wp-content/uploads/2025/01/DECISION-N%C2%B0138-2024-du-24-ARCOP-CRD-DEF-du-24-DEC-2024.pdf,HTTP 406,
sen-aner-psd-2025-2029:1,sen-aner-psd-2025-2029,2026-09-13T20:33:49Z,collected,200,application/pdf,"W/""35f252-19dcae6e1f0""","Sun, 26 Apr 2026 17:47:02 GMT",https://www.aner.sn/uploads/plan_strategique_developpement_aner_2025_2029.pdf,,7f509cd610d1e5d511f1b0b443d62f167fa484beee6b93624c9c54dac0c423ed
sen-aner-document-catalogue:1,sen-aner-document-catalogue,2026-09-13T20:33:50Z,collected,200,application/json; charset=utf-8,"W/""1283-t7gaZFdUeTNlCbbvJCRPPce0Vvk""",,https://www.aner.sn/api/documents,,8e7d8803104c96a7565260005a7a7e1047ff807ec46294b11fc07142537d2d76
sen-aner-contact-2026:1,sen-aner-contact-2026,2026-09-13T20:33:51Z,collected,200,text/html; charset=utf-8,"W/""cfb-Frnr8sGPnSI+0wgCV4CdNselDRg""",,https://www.aner.sn/contact/,,9618d9456b59b3eef7ce2078a47a1300e33dfd3507735382db2d578412eba3fd
sen-arcop-aeepower-decision107-2024:2,sen-arcop-aeepower-decision107-2024,2026-09-13T20:34:28Z,collected,200,application/pdf,,"Wed, 17 Jun 2026 14:29:04 GMT",https://arcop.sn/wp-content/uploads/2024/10/DECISION-107-2024-ARCOP-DEF-DU-02-OCTOBRE-2024.pdf,,97cb98a65b7dfb84274aadda83f36292fe2f642f02ec4c8deff736aba3d76020
sen-arcop-aeepower-decision138-2024:2,sen-arcop-aeepower-decision138-2024,2026-09-13T20:34:31Z,collected,200,application/pdf,,"Wed, 17 Jun 2026 14:29:37 GMT",https://arcop.sn/wp-content/uploads/2025/01/DECISION-N%C2%B0138-2024-du-24-ARCOP-CRD-DEF-du-24-DEC-2024.pdf,,ff442a7e0becf8e4dca970f8068940ef75ad288ee6b1c4c1683022b86deae342
sen-omvg-project-contact:2,sen-omvg-project-contact,2026-09-13T20:27:00Z,collected,200,text/html; charset=UTF-8,,,https://www.pe-omvg.org/node/2,,300d757c6201f72bad03eafc52e2e202c6ae0aadffcc5796810663e7a7fca853
sen-aner-rooftop-preliminary-report:1,sen-aner-rooftop-preliminary-report,2026-09-13T20:35:41Z,collected,200,application/pdf,"W/""10f9f7-19dcae6e1f0""","Sun, 26 Apr 2026 17:47:02 GMT",https://www.aner.sn/uploads/rapport_final_rooftop_solar_senegal.pdf,,0c2be5ee01e5ebd5fe30212b64fcca3dfe9cd4c493429090e062804450dca5c9
sen-aner-wp2-productive-use:1,sen-aner-wp2-productive-use,2026-09-13T20:35:42Z,collected,200,application/pdf,"W/""267f25-19dcae6e1f0""","Sun, 26 Apr 2026 17:47:02 GMT",https://www.aner.sn/uploads/wp2_upe_giz_senegal_final.pdf,,625fd618dc205bd1ac6708c353976676aea9f4a0124350e6aac8739317212cd6
sen-aner-public-contact-app:1,sen-aner-public-contact-app,2026-09-13T20:36:25Z,collected,200,application/javascript; charset=UTF-8,"W/""1882bc-1a07b80d1b8""","Mon, 07 Sep 2026 10:53:55 GMT",https://www.aner.sn/assets/index-D1U9hq9T.js,,fbe6b23c4901eaa0b71fccca1d65d97748fe4f2a5389bf5ddd461683d1129ea6
sen-aser-public-contact-app:1,sen-aser-public-contact-app,2026-09-13T20:36:25Z,collected,200,application/javascript; charset=utf-8,"""1b846839047425d220e1516aa672bae8""","Sun, 02 Aug 2026 17:57:00 GMT",https://aser.sn/assets/index-Be2S8Jfw.js,,549f933979ccfbad11006d6504a11b792f01a28cae3eb455c762dcee4c9639a8
sen-boad-signed-instruments-2024:1,sen-boad-signed-instruments-2024,2026-09-13T20:42:05Z,collected,200,application/pdf,"""3d681-638c7a881f340""","Mon, 30 Jun 2025 10:40:37 GMT",https://admin.boad.org/wp-content/uploads/2025/06/A05_LISTE-DES-AP-PP-ET-CP-SIGNES-2024.pdf,,e1ab1bad66ea3e907cbda676422d0da34e946853d362e3603a02775cbd7eae13
vnm-moit-project-bac-ai:1,vnm-moit-project-bac-ai,2026-09-22T06:34:20Z,collected,200,text/html; charset=utf-8,,,https://jetp.moit.gov.vn/chi-tiet-du-an/?id=15,,07ce7f91c621e9de6d59a581d4ef17fc20b61f58277fb34bf9567fd558103692
vnm-evn-cdp-bac-ai-2025:1,vnm-evn-cdp-bac-ai-2025,2026-09-22T06:34:22Z,collected,200,text/html; charset=utf-8,,,https://en.evn.com.vn/d/en-US/news/EVN-and-Italys-CDP-sign-letter-of-intent-on-Vietnams-first-pumped-storage-hydropower-project-60-12-500957,,81f8b5b58bd1cf49e513164d6405f2c0365a7d4e7595c6a4bcd4a2c140ed5a6f
vnm-eib-bac-ai-package-2025:1,vnm-eib-bac-ai-package-2025,2026-09-22T06:34:25Z,collected,200,text/html; charset=utf-8,,,https://www.eib.org/en/press/all/2025-377-eu-reinforces-support-for-vietnam-s-just-energy-transition-with-eur430-million-package,,3331f31e52f14bfb1868e462d9a156fa4fb7bdb9720e5712b6329722dff45aea
vnm-moit-project-binh-duong-dong-nai:1,vnm-moit-project-binh-duong-dong-nai,2026-09-22T06:34:25Z,collected,200,text/html; charset=utf-8,,,https://jetp.moit.gov.vn/chi-tiet-du-an/?id=14,,e5ebf05d9af5ad45d0e7649bb535ea9182144503b31e1202441b9e323d8d49fc
vnm-evn-afd-transmission-2025:1,vnm-evn-afd-transmission-2025,2026-09-22T06:34:27Z,collected,200,text/html; charset=utf-8,,,https://en.evn.com.vn/d/en-US/news/EVNNPT-and-AFD-sign-67-million-financing-agreement-to-strengthen-Vietnams-power-transmission-network-60-12-500732,,1f100c4b8718f302a905676aed83bcd724dd11803db50ef7680a18e49c542cd8
vnm-moit-project-tri-an:1,vnm-moit-project-tri-an,2026-09-22T06:34:29Z,collected,200,text/html; charset=utf-8,,,https://jetp.moit.gov.vn/chi-tiet-du-an/?id=4,,aa580602d8cdc667737ea98bff66ec576f1c722c3715393eb176f225c7916920
vnm-evn-kfw-tri-an-2025:1,vnm-evn-kfw-tri-an-2025,2026-09-22T06:34:31Z,collected,200,text/html; charset=utf-8,,,https://en.evn.com.vn/d/en-US/news/EVN-signs-65-million-loan-agreement-for-Tri-An-Hydropower-Plant-Expansion-Project-60-12-500802,,87441e68421e4322f61d31809f084e346e77b18b6995b8a24411d028a5757994
vnm-eeas-jetp-project-progress-2025:1,vnm-eeas-jetp-project-progress-2025,2026-09-22T10:31:54Z,collected,200,text/html; charset=utf-8,"""1790073114-gzip""","Tue, 22 Sep 2026 10:31:54 GMT",https://www.eeas.europa.eu/jetp-vn-jul2025_en?s=184,,6f3afc1873cc3cf7085bd6ec11da1222aaf54f3124751c58131a3d400775bfba
vnm-moit-project-index-2026:1,vnm-moit-project-index-2026,2026-09-22T10:31:56Z,collected,200,text/html; charset=utf-8,,,https://jetp.moit.gov.vn/du-an/,,ad1077b45d6f623b2a2d86485de59b8d07c4c0dae927b2b06817c4af219d959d
vnm-pilot-manifest-local-record:1,vnm-pilot-manifest-local-record,2026-09-24T00:00:00Z,collected,,text/csv,,,,,b205467d8407cb91cf69a6893d1ce08cb566687a565e70e11a3cf74102c02818
vnm-pilot-observations-local-record:1,vnm-pilot-observations-local-record,2026-09-24T00:00:00Z,collected,,text/csv,,,,,0033db0de8f0bd25e693e203ee3681e4247709cb410e451f78ae3a667bcbe917
