sha256,storage_path,size_bytes,content_type
0060913d18da32bec55cb5d4413d7a02fb3d2de46ddda04ad845c845d922bee9,objects/00/0060913d18da32bec55cb5d4413d7a02fb3d2de46ddda04ad845c845d922bee9.html,47127,text/html;charset=utf-8
00827c5c255c5fdb1ab6173dbda08550a083450bf0599131377a203c0d494ebc,objects/00/00827c5c255c5fdb1ab6173dbda08550a083450bf0599131377a203c0d494ebc.html,36335,text/html; charset=UTF-8
03684085ff7865b8526c7558679f792344d2df830894216eb1af6b6a3a0110e7,objects/03/03684085ff7865b8526c7558679f792344d2df830894216eb1af6b6a3a0110e7.html,117377,text/html; charset=UTF-8
048afb695e52d2881dc7ede8544e65b239a7821623a8328501ae72f7a44643e2,objects/04/048afb695e52d2881dc7ede8544e65b239a7821623a8328501ae72f7a44643e2.pdf,238032,application/pdf
058f25bd96085a7deee8a73473b9829e05a142e33e92f63f3fc1cc01d4faba96,objects/05/058f25bd96085a7deee8a73473b9829e05a142e33e92f63f3fc1cc01d4faba96.pdf,1436717,application/pdf
07645661df0c9a4ef97e0a172b8a3f5c92cc5371f992c70a2b3d5420f93c8147,objects/07/07645661df0c9a4ef97e0a172b8a3f5c92cc5371f992c70a2b3d5420f93c8147.bin,770527,application/vnd.openxmlformats-officedocument.spreadsheetml.sheet
07ce7f91c621e9de6d59a581d4ef17fc20b61f58277fb34bf9567fd558103692,objects/07/07ce7f91c621e9de6d59a581d4ef17fc20b61f58277fb34bf9567fd558103692.html,23730,text/html; charset=utf-8
0826a03400c510a295a5ced1e11d0e55f5ebc26a0d5324792d947ddfa27d647a,objects/08/0826a03400c510a295a5ced1e11d0e55f5ebc26a0d5324792d947ddfa27d647a.pdf,2054930,application/pdf
0886a413cff31cc6c38d2d3629be4a5c6362ad09b1018f9ab0790cd05f0da1cc,objects/08/0886a413cff31cc6c38d2d3629be4a5c6362ad09b1018f9ab0790cd05f0da1cc.pdf,11048629,application/pdf
0a024bfa3945597ff0ae0622d35e9f1c567c1d7e481da4748e0bd5c1a2b291ca,objects/0a/0a024bfa3945597ff0ae0622d35e9f1c567c1d7e481da4748e0bd5c1a2b291ca.html,111522,text/html; charset=utf-8
0c10795a5bd4fa473cfdd9d60a671fc99b51224de72426f5460d2953afb5c4a7,objects/0c/0c10795a5bd4fa473cfdd9d60a671fc99b51224de72426f5460d2953afb5c4a7.html,215284,text/html; charset=UTF-8
0c16aad7880a5d75fb08d64dd5b55fec20890b5543078c1135d2518d33bdd7d2,objects/0c/0c16aad7880a5d75fb08d64dd5b55fec20890b5543078c1135d2518d33bdd7d2.html,121989,text/html; charset=utf-8
0c2be5ee01e5ebd5fe30212b64fcca3dfe9cd4c493429090e062804450dca5c9,objects/0c/0c2be5ee01e5ebd5fe30212b64fcca3dfe9cd4c493429090e062804450dca5c9.pdf,1112567,application/pdf
0dfe829ffedbcf09f644aa1d6a179e190f302a2d5ad33ca666dd22c0378387fb,objects/0d/0dfe829ffedbcf09f644aa1d6a179e190f302a2d5ad33ca666dd22c0378387fb.html,38044,text/html; charset=UTF-8
0e76906990df5b8fc5d3868813ae11c59e746ea3f2e78e0a80fe79e2b361bd16,objects/0e/0e76906990df5b8fc5d3868813ae11c59e746ea3f2e78e0a80fe79e2b361bd16.html,26296,text/html
0e9b8c5b5a12beb08a8badd0cd2a9f91342b6a5d8baf1537580ee50a247e51b0,objects/0e/0e9b8c5b5a12beb08a8badd0cd2a9f91342b6a5d8baf1537580ee50a247e51b0.html,37179,text/html; charset=UTF-8
0f8bdc42089cd8817dd12082a583c25c667a202b3c9f33ec53dde4a1d4373c00,objects/0f/0f8bdc42089cd8817dd12082a583c25c667a202b3c9f33ec53dde4a1d4373c00.html,51904,text/html; charset=UTF-8
0ff17421a4491b2a255a6336d360a1c642ab63c4755eca5c7177b28242968f57,objects/0f/0ff17421a4491b2a255a6336d360a1c642ab63c4755eca5c7177b28242968f57.html,70429,text/html; charset=UTF-8
11031d1813653f92ef83efcb8e3d38d8cd11994cf17708253d2caa402581130e,objects/11/11031d1813653f92ef83efcb8e3d38d8cd11994cf17708253d2caa402581130e.html,423952,text/html;charset=UTF-8
114029a6f554d2a6b20dc66bcc6c412b1d2d3c35d6f496abceb5cc3d885717d8,objects/11/114029a6f554d2a6b20dc66bcc6c412b1d2d3c35d6f496abceb5cc3d885717d8.pdf,3852736,application/pdf;charset=utf-8
115ab5fa40627db7f77bcf2750d209889b536dcfc240162c9421aeab38dff170,objects/11/115ab5fa40627db7f77bcf2750d209889b536dcfc240162c9421aeab38dff170.html,38260,text/html; charset=UTF-8
1317e961043b8edb5fba5d5ac85effbd3f1aed1bb5d9accf2e347ce185c261fb,objects/13/1317e961043b8edb5fba5d5ac85effbd3f1aed1bb5d9accf2e347ce185c261fb.bin,17905,application/octet-stream
14708bcd78873beb59cf9d62005398e2c95c3ef269c41bc8cf5f0a2b1fafb261,objects/14/14708bcd78873beb59cf9d62005398e2c95c3ef269c41bc8cf5f0a2b1fafb261.pdf,781665,application/pdf
159d01d370c505b56b3495b0f48181456a91dce6eef2e633ac025c3422257a3b,objects/15/159d01d370c505b56b3495b0f48181456a91dce6eef2e633ac025c3422257a3b.html,146364,text/html; charset=UTF-8
17dadaab38c5eb181c7e9e98b27a948f17ea6aaf9b4979b71d3b0443e2a104c2,objects/17/17dadaab38c5eb181c7e9e98b27a948f17ea6aaf9b4979b71d3b0443e2a104c2.html,278520,text/html; charset=utf-8
1b62a65fd70c70b0234379fcc4fcda064e9175fc9aee21a37c97b283e1b8dc13,objects/1b/1b62a65fd70c70b0234379fcc4fcda064e9175fc9aee21a37c97b283e1b8dc13.pdf,593485,application/pdf
1c23d046d1018acaced6ffc865a1f6f0fa9b9bf44ba902cd74b59c333e132f05,objects/1c/1c23d046d1018acaced6ffc865a1f6f0fa9b9bf44ba902cd74b59c333e132f05.html,37082,text/html; charset=UTF-8
1c923c0aa8b11c95cb764063c687d82524d53f4c798029f1ac3e104c9705ebc2,objects/1c/1c923c0aa8b11c95cb764063c687d82524d53f4c798029f1ac3e104c9705ebc2.html,34909,text/html; charset=UTF-8
1d935814a897512bc9afc417fa069e0e32b1a590b2bb95641e47daf4cb4abc7f,objects/1d/1d935814a897512bc9afc417fa069e0e32b1a590b2bb95641e47daf4cb4abc7f.html,28498,text/html; charset=utf-8
1da39c852a12ddd4bf4c285cf617db37eb30087de016b3992890019626898be8,objects/1d/1da39c852a12ddd4bf4c285cf617db37eb30087de016b3992890019626898be8.html,37846,text/html; charset=UTF-8
1e223e29c598ad8c28fb5f63ea2f23b5f30508c4d52b340d23823fbdb96aabed,objects/1e/1e223e29c598ad8c28fb5f63ea2f23b5f30508c4d52b340d23823fbdb96aabed.html,36054,text/html; charset=UTF-8
1e96612d17c1635fc932f06dbcbb78086d64ed77e3e3da9a33e664c35381aa9e,objects/1e/1e96612d17c1635fc932f06dbcbb78086d64ed77e3e3da9a33e664c35381aa9e.pdf,1176406,application/pdf
1f100c4b8718f302a905676aed83bcd724dd11803db50ef7680a18e49c542cd8,objects/1f/1f100c4b8718f302a905676aed83bcd724dd11803db50ef7680a18e49c542cd8.html,70679,text/html; charset=utf-8
1f104dccf48b4993f1732ea578a90509bf14c3b59722ccceb31669d1a936b9a9,objects/1f/1f104dccf48b4993f1732ea578a90509bf14c3b59722ccceb31669d1a936b9a9.pdf,1615612,application/pdf
2042a0c2ffcecbf8e88875eb0914b7ebf383ae6f0b95ddcc0875f9db379d6439,objects/20/2042a0c2ffcecbf8e88875eb0914b7ebf383ae6f0b95ddcc0875f9db379d6439.html,290080,text/html; charset=utf-8
218f5f97bcbbbdca7dd707cd1531040c386dc6cc612133aeda5c016f70d3e97c,objects/21/218f5f97bcbbbdca7dd707cd1531040c386dc6cc612133aeda5c016f70d3e97c.html,185974,text/html; charset=UTF-8
219852b5195cc01f62d566a5f606d9b61bfea1d61bb2ec880b785c905ee801f0,objects/21/219852b5195cc01f62d566a5f606d9b61bfea1d61bb2ec880b785c905ee801f0.pdf,4081599,application/pdf
22607a52b514c032075dbff3c510f4f7a9342f087ec2e3150f23ed0a9f20c24a,objects/22/22607a52b514c032075dbff3c510f4f7a9342f087ec2e3150f23ed0a9f20c24a.pdf,16310781,application/pdf
240a6dcf0e77abeccbc1b2616346b2dd1cf0a3b26f5e3fe798e2be3fdfa58e9c,objects/24/240a6dcf0e77abeccbc1b2616346b2dd1cf0a3b26f5e3fe798e2be3fdfa58e9c.html,121884,text/html; charset=UTF-8
24af1e58886d85708b6c567ebdff768d86a6f553ea77ab3d1df022d79b083bc8,objects/24/24af1e58886d85708b6c567ebdff768d86a6f553ea77ab3d1df022d79b083bc8.html,32113,text/html;charset=utf-8
253bba2d9fbc20e9d45c4b548a802d94f8f01dc2833d2616169df980aa2fc31b,objects/25/253bba2d9fbc20e9d45c4b548a802d94f8f01dc2833d2616169df980aa2fc31b.pdf,422523,application/pdf
272849c8b5275d7237b7fd82f37ad74237833f44df099ecf455dfc211bf1d99e,objects/27/272849c8b5275d7237b7fd82f37ad74237833f44df099ecf455dfc211bf1d99e.html,37341,text/html; charset=UTF-8
277f1990e61d085317f1ca7c120d9b0f786ecd1a76fd5629ccd37700bddd31e0,objects/27/277f1990e61d085317f1ca7c120d9b0f786ecd1a76fd5629ccd37700bddd31e0.html,71081,text/html; charset=UTF-8
29aa0cbf8952ae60d8d80e179e3328d265498de9989324279ce478cea2fe3e08,objects/29/29aa0cbf8952ae60d8d80e179e3328d265498de9989324279ce478cea2fe3e08.pdf,522776,application/pdf
2af734bbd5c843055a908a2c4e39055ed5f29e5bb1a4a99da330f6e9fec15e1e,objects/2a/2af734bbd5c843055a908a2c4e39055ed5f29e5bb1a4a99da330f6e9fec15e1e.pdf,896969,application/pdf
2b7b8276963a8f069b5f358bdcba59a244c0b4f3ee6d69561d1fa9e628781501,objects/2b/2b7b8276963a8f069b5f358bdcba59a244c0b4f3ee6d69561d1fa9e628781501.html,37727,text/html; charset=UTF-8
2ba1f1ee12a90391f169e67630b8d8d6a4b817b1eb7dcf9bcd56bdab13988353,objects/2b/2ba1f1ee12a90391f169e67630b8d8d6a4b817b1eb7dcf9bcd56bdab13988353.html,93057,text/html; charset=utf-8
2d8808da99d0bbc23487c09ac1871cb7242375b6ed0dc98a17e6e290e5a700fd,objects/2d/2d8808da99d0bbc23487c09ac1871cb7242375b6ed0dc98a17e6e290e5a700fd.pdf,1078172,application/pdf
2da34029aa784dfa61388b8cd6f6313f20cdc44c43096b937a860f9d22b17603,objects/2d/2da34029aa784dfa61388b8cd6f6313f20cdc44c43096b937a860f9d22b17603.html,79647,text/html; charset=UTF-8
2e09bff103bf7f55630768ea579035a1c15f5ec7dcdbeca7cdc17245456cb572,objects/2e/2e09bff103bf7f55630768ea579035a1c15f5ec7dcdbeca7cdc17245456cb572.html,127670,text/html; charset=UTF-8
2e1dc8c230a373e44dabbcd0ac722762bbfb791ad6a79fd1482ea3502ab67a56,objects/2e/2e1dc8c230a373e44dabbcd0ac722762bbfb791ad6a79fd1482ea3502ab67a56.html,37842,text/html; charset=UTF-8
2e81b87d5b706704e96374b10ef31d493c53ff666a66e8daf33295cb45b027b5,objects/2e/2e81b87d5b706704e96374b10ef31d493c53ff666a66e8daf33295cb45b027b5.html,36088,text/html; charset=UTF-8
2ee4f9b53b270aba145bf2972f07e31139f0b24cc999ba123b5be467dca5e50b,objects/2e/2ee4f9b53b270aba145bf2972f07e31139f0b24cc999ba123b5be467dca5e50b.html,133761,text/html; charset=UTF-8
2f09219b51f4db2bee7e3a9a6a340da7654e2d1f0d8649de9ba03a78b1e05d48,objects/2f/2f09219b51f4db2bee7e3a9a6a340da7654e2d1f0d8649de9ba03a78b1e05d48.html,279708,text/html; charset=utf-8
2fa3e3dfb2ce5defa0cb6bd65cc2eda1028272f49b72f913847cb2d0f311277d,objects/2f/2fa3e3dfb2ce5defa0cb6bd65cc2eda1028272f49b72f913847cb2d0f311277d.pdf,1093828,application/pdf
30036881a61b6d2c366347d111e6f24959ad9b54022162ad63d8614e2000c417,objects/30/30036881a61b6d2c366347d111e6f24959ad9b54022162ad63d8614e2000c417.pdf,1071731,application/pdf
300d757c6201f72bad03eafc52e2e202c6ae0aadffcc5796810663e7a7fca853,objects/30/300d757c6201f72bad03eafc52e2e202c6ae0aadffcc5796810663e7a7fca853.html,20931,text/html; charset=UTF-8
3249186721c5481e2691e71927679770f94635d9c040cf4319d8ccbb54a2c4f2,objects/32/3249186721c5481e2691e71927679770f94635d9c040cf4319d8ccbb54a2c4f2.html,18643,text/html;charset=UTF-8
3331f31e52f14bfb1868e462d9a156fa4fb7bdb9720e5712b6329722dff45aea,objects/33/3331f31e52f14bfb1868e462d9a156fa4fb7bdb9720e5712b6329722dff45aea.html,103625,text/html; charset=utf-8
333d2f38db7860293b55a1375a798ffd61160037274af9c831b2612ff9202bcc,objects/33/333d2f38db7860293b55a1375a798ffd61160037274af9c831b2612ff9202bcc.html,54493,text/html; charset=UTF-8
335f8bf5f1849b78603b42992ae2bb9dc8c4dc23d5470545a0836c259dea5c91,objects/33/335f8bf5f1849b78603b42992ae2bb9dc8c4dc23d5470545a0836c259dea5c91.pdf,446748,application/pdf
33d7e0862d9b95fe470a26114d3e04a2d5fbf78b0b05cf135c40b983a2f4d78e,objects/33/33d7e0862d9b95fe470a26114d3e04a2d5fbf78b0b05cf135c40b983a2f4d78e.html,80886,text/html;charset=utf-8
348e0ffa7bf94382156b225bf057ae42701e8d81eede370bb9cd414e784137a8,objects/34/348e0ffa7bf94382156b225bf057ae42701e8d81eede370bb9cd414e784137a8.html,46493,text/html;charset=utf-8
3569ee7951a74ab9ac9a3a2478053d12dd9e4ada10d977685c717089e892e00a,objects/35/3569ee7951a74ab9ac9a3a2478053d12dd9e4ada10d977685c717089e892e00a.html,278409,text/html; charset=UTF-8
35fe8b85fa047cda401bc6c141cc40d4cb13d345a87263559c901c80975efc87,objects/35/35fe8b85fa047cda401bc6c141cc40d4cb13d345a87263559c901c80975efc87.html,36647,text/html; charset=UTF-8
3665dba39927b8a6e2b924db67e105d72090c9ef5ae5b1db6b999f599aa9850f,objects/36/3665dba39927b8a6e2b924db67e105d72090c9ef5ae5b1db6b999f599aa9850f.pdf,3380994,application/pdf
368a4bc61f322ff7b21ba654a0e27b7d1161e502634fce35e03c22dc2020f9cf,objects/36/368a4bc61f322ff7b21ba654a0e27b7d1161e502634fce35e03c22dc2020f9cf.pdf,6127086,application/pdf
3894898ab89478f9ba76dc9d0b7686000ce866219d67bc3156cbd4ed294a9db2,objects/38/3894898ab89478f9ba76dc9d0b7686000ce866219d67bc3156cbd4ed294a9db2.pdf,119719,application/pdf
38fc137d34d56281c59e18d684d819e0968c99c7c41a665a57a8f22c798539d6,objects/38/38fc137d34d56281c59e18d684d819e0968c99c7c41a665a57a8f22c798539d6.html,62429,text/html
392231da596fe6037ef9dc219a114698a8c9fb8a901b23cd3670ceb45e4cb1a7,objects/39/392231da596fe6037ef9dc219a114698a8c9fb8a901b23cd3670ceb45e4cb1a7.html,35106,text/html; charset=UTF-8
3ac1ee60e7e04efcd54da66897f835a7bf5d51de13557f9346a2c81d0c62cfef,objects/3a/3ac1ee60e7e04efcd54da66897f835a7bf5d51de13557f9346a2c81d0c62cfef.html,35483,text/html; charset=UTF-8
3bb6131ca5c817cb17a909a9853061ee1bfbf70aca70602677288d7ed42b6ecf,objects/3b/3bb6131ca5c817cb17a909a9853061ee1bfbf70aca70602677288d7ed42b6ecf.pdf,85654,application/pdf
3c02118e44c74cfcaf8e5d0cdc927adebfee82e51c727cb88dc5bf2603982634,objects/3c/3c02118e44c74cfcaf8e5d0cdc927adebfee82e51c727cb88dc5bf2603982634.html,91770,text/html; charset=UTF-8
409b81f400403a9373514fe53f4f3c7a31ba095dcfd79d4727e9265fdc485d4f,objects/40/409b81f400403a9373514fe53f4f3c7a31ba095dcfd79d4727e9265fdc485d4f.pdf,1331032,application/pdf
410de8d7ea774a4f7ec15379b25573d1d454e70f6f2a044e6efbc179f6d20a84,objects/41/410de8d7ea774a4f7ec15379b25573d1d454e70f6f2a044e6efbc179f6d20a84.html,105178,text/html; charset=utf-8
433c7e0eee6cd9ce2da340cbfaf10c32b9dd00296c563100daaa86f7c2dcc4fe,objects/43/433c7e0eee6cd9ce2da340cbfaf10c32b9dd00296c563100daaa86f7c2dcc4fe.html,90139,text/html; charset=UTF-8
439336e3db23f134262f245ea94ae5b0c24d9b6da37218b7d5f077f90fff93cd,objects/43/439336e3db23f134262f245ea94ae5b0c24d9b6da37218b7d5f077f90fff93cd.json,4253,application/json; charset=utf-8
447f51f5111bdf21d628d823c482441898f97f7209d9b85140f93f28ac9b510e,objects/44/447f51f5111bdf21d628d823c482441898f97f7209d9b85140f93f28ac9b510e.html,38667,text/html; charset=UTF-8
44858b68038b76b7a137da8c526322a56f7a8c8ebaac3ada6468fb66ccd42c1b,objects/44/44858b68038b76b7a137da8c526322a56f7a8c8ebaac3ada6468fb66ccd42c1b.html,141862,text/html; charset=UTF-8
4546672523b697aa340b18596ef70d230ae9bf608559897935b284b29e58475f,objects/45/4546672523b697aa340b18596ef70d230ae9bf608559897935b284b29e58475f.pdf,447068,application/pdf
46663e6f0f5d89fffa6d006bbc2a605a299d467ee46b9e2b3c0b2c0ff07972dc,objects/46/46663e6f0f5d89fffa6d006bbc2a605a299d467ee46b9e2b3c0b2c0ff07972dc.html,82519,text/html; charset=utf-8
466acffcf763f3f3b53adac1c93704919a29d18f04e9924d13c1cdc225df5863,objects/46/466acffcf763f3f3b53adac1c93704919a29d18f04e9924d13c1cdc225df5863.pdf,4990041,application/pdf
490d3162ba3004da9556c91d3111064130a76503b25668d973df000027b7040f,objects/49/490d3162ba3004da9556c91d3111064130a76503b25668d973df000027b7040f.pdf,394611,application/pdf
49ad8438de9c6fc67d027f168d8fccf4efef40f0aff6152d28259964efec609e,objects/49/49ad8438de9c6fc67d027f168d8fccf4efef40f0aff6152d28259964efec609e.pdf,994075,application/pdf
4bb09e88215cdc1d1ecc79da90c3a98c1213978f82cba0286265a060ae48607e,objects/4b/4bb09e88215cdc1d1ecc79da90c3a98c1213978f82cba0286265a060ae48607e.pdf,223750,application/pdf
4c3833723abb33ed0fdf8521a1df055be87e6c9f77ebd1b74e26c80738aaa06c,objects/4c/4c3833723abb33ed0fdf8521a1df055be87e6c9f77ebd1b74e26c80738aaa06c.bin,17932,application/octet-stream
4d6fe04c483ade423962f0b5f2f8281e27b8e06bab732f7dac868ed40163dbf9,objects/4d/4d6fe04c483ade423962f0b5f2f8281e27b8e06bab732f7dac868ed40163dbf9.pdf,108179,application/pdf
4de791102aeda24945d9fbe7834409af40368940c3c80358a09c1cc6d24922c1,objects/4d/4de791102aeda24945d9fbe7834409af40368940c3c80358a09c1cc6d24922c1.html,280271,text/html; charset=UTF-8
4e7ce1c8fb6ada0fc020ba5590a9bf46ce678e6f663f0b150aa063c5e0f105cc,objects/4e/4e7ce1c8fb6ada0fc020ba5590a9bf46ce678e6f663f0b150aa063c5e0f105cc.pdf,6967580,application/octet-stream
50297465b5e50f39268cb9543c2175289c72a7716331b45d4c10cd7108bdc75f,objects/50/50297465b5e50f39268cb9543c2175289c72a7716331b45d4c10cd7108bdc75f.html,86963,text/html;charset=utf-8
5148669a25307990a966d2b4a1f7f6d5d40a5b0004b2f31987479fafa3237af5,objects/51/5148669a25307990a966d2b4a1f7f6d5d40a5b0004b2f31987479fafa3237af5.html,36257,text/html; charset=UTF-8
525fb5964dd1c049b0d1a8d5f6f1a99393c38bbff8f7827247bb554c989a800c,objects/52/525fb5964dd1c049b0d1a8d5f6f1a99393c38bbff8f7827247bb554c989a800c.html,153403,text/html; charset=UTF-8
52cf2ab69fde0a5497286d2efa4a1e601194494faa013a1853daf829eecd2a26,objects/52/52cf2ab69fde0a5497286d2efa4a1e601194494faa013a1853daf829eecd2a26.bin,17685,application/octet-stream
53fa40afb563bfd01f5492353299f0957fba8ead04c416e2e277a3b9c82473e6,objects/53/53fa40afb563bfd01f5492353299f0957fba8ead04c416e2e277a3b9c82473e6.html,79873,text/html; charset=UTF-8
549f933979ccfbad11006d6504a11b792f01a28cae3eb455c762dcee4c9639a8,objects/54/549f933979ccfbad11006d6504a11b792f01a28cae3eb455c762dcee4c9639a8.bin,8452242,application/javascript; charset=utf-8
54c0b6ab4f0667bd5290abd3974d6f63d92d92d3cdb4feedec55e51b9625b5f2,objects/54/54c0b6ab4f0667bd5290abd3974d6f63d92d92d3cdb4feedec55e51b9625b5f2.html,39934,text/html; charset=UTF-8
54d0792e063ebb0b4137787e2d7243719d9a85517afdb8fa4d286eea14792ec0,objects/54/54d0792e063ebb0b4137787e2d7243719d9a85517afdb8fa4d286eea14792ec0.html,37647,text/html; charset=UTF-8
54ebc3ddffbc2a383244ef5dbea003f56482368a161c5d01e81b29cf73ed85e2,objects/54/54ebc3ddffbc2a383244ef5dbea003f56482368a161c5d01e81b29cf73ed85e2.json,67958,application/json; charset=utf-8
55dd7f617bfc97ac518b3a1c943612c6b790e198aa68e63cefd64a89f74738e7,objects/55/55dd7f617bfc97ac518b3a1c943612c6b790e198aa68e63cefd64a89f74738e7.html,39646,text/html; charset=UTF-8
56b6c81ce9eddf74bdeda5935338a8c612d11c743c92322f39e6c691397191e0,objects/56/56b6c81ce9eddf74bdeda5935338a8c612d11c743c92322f39e6c691397191e0.pdf,265756,application/pdf
5714eaa6cac6eabc0544c61c0c151c26d898e63322a8da865485a2fd85c2bf7c,objects/57/5714eaa6cac6eabc0544c61c0c151c26d898e63322a8da865485a2fd85c2bf7c.html,85274,text/html; charset=UTF-8
5acc3eb50cedbb9498c5c1de2807364a19212e4acc5c70021b921f5894201381,objects/5a/5acc3eb50cedbb9498c5c1de2807364a19212e4acc5c70021b921f5894201381.html,32314,text/html
5b5d6442da4e9e57b3c83b7bfc04a19135b2c5bf750c2480685d9d084dc093f4,objects/5b/5b5d6442da4e9e57b3c83b7bfc04a19135b2c5bf750c2480685d9d084dc093f4.html,744406,text/html; charset=utf-8
5c2698a22e51b3fd6ab6a1eb26e1b13e87e89eccfe9582e85992a3467c44d0ea,objects/5c/5c2698a22e51b3fd6ab6a1eb26e1b13e87e89eccfe9582e85992a3467c44d0ea.html,62768,text/html; charset=utf-8
5e3bf0b0b647b6927bf7784ad33307ffed9ba7c74f0fc6cd35f8fc4eff4a8c25,objects/5e/5e3bf0b0b647b6927bf7784ad33307ffed9ba7c74f0fc6cd35f8fc4eff4a8c25.html,23326,text/html; charset=utf-8
5e8254a2ea2b60ad5c94f272f09ff61ca82765d04a2d242dc87875121fdc11c6,objects/5e/5e8254a2ea2b60ad5c94f272f09ff61ca82765d04a2d242dc87875121fdc11c6.html,37960,text/html; charset=UTF-8
5f633f8d8a8f3a36e2bebd56193772dfafce15d7f09f2fb780dac9b21a9586c6,objects/5f/5f633f8d8a8f3a36e2bebd56193772dfafce15d7f09f2fb780dac9b21a9586c6.html,36352,text/html; charset=UTF-8
6080b6d96abaddd85eba4b9762d458ed6b071c652a09885539b4589d726b1fd7,objects/60/6080b6d96abaddd85eba4b9762d458ed6b071c652a09885539b4589d726b1fd7.html,87090,text/html; charset=UTF-8
623875df24848e24df309b1b8b7622fd0dbe8e83fb5bdf7c28b93845a58dc45e,objects/62/623875df24848e24df309b1b8b7622fd0dbe8e83fb5bdf7c28b93845a58dc45e.json,4713,application/json; charset=utf-8
6247513b96541b64669ba4a1f4722e100d7b89c4d782d1f1371f7bf0a78be469,objects/62/6247513b96541b64669ba4a1f4722e100d7b89c4d782d1f1371f7bf0a78be469.pdf,3902327,application/pdf
625fd618dc205bd1ac6708c353976676aea9f4a0124350e6aac8739317212cd6,objects/62/625fd618dc205bd1ac6708c353976676aea9f4a0124350e6aac8739317212cd6.pdf,2522917,application/pdf
63215d46f2ecab9ab410cd214aa1e722a23a3d81de8dfb14db8ae68c706b35fa,objects/63/63215d46f2ecab9ab410cd214aa1e722a23a3d81de8dfb14db8ae68c706b35fa.html,36221,text/html; charset=UTF-8
648bb43677e8a75ba0f7e0460648521e27962b005cf554af45cc1df8361c6166,objects/64/648bb43677e8a75ba0f7e0460648521e27962b005cf554af45cc1df8361c6166.html,148532,text/html; charset=UTF-8
656aee48711dd1329791c22b2020c17c9336b5f1d3006e93fa14ed88c9435ec8,objects/65/656aee48711dd1329791c22b2020c17c9336b5f1d3006e93fa14ed88c9435ec8.json,4798,application/json; charset=utf-8
678983d77cadf0b0fcf509a3fef555b90dcad045ddeee217018432d2e7da6e61,objects/67/678983d77cadf0b0fcf509a3fef555b90dcad045ddeee217018432d2e7da6e61.pdf,1691083,application/pdf
69ebf7763d572ccdb0c6e23636c51338b4975f998ba3b85d69b85a6971a0a198,objects/69/69ebf7763d572ccdb0c6e23636c51338b4975f998ba3b85d69b85a6971a0a198.html,185974,text/html; charset=UTF-8
6aab53965cc3b9791f5d52a2f40421a121d1ecc9abb13f702173c19d170e5f84,objects/6a/6aab53965cc3b9791f5d52a2f40421a121d1ecc9abb13f702173c19d170e5f84.html,215461,text/html; charset=UTF-8
6b90ae97a74410f7690cfa51724725530df306dcfc45abaa5ed6ef7ab2fe22e2,objects/6b/6b90ae97a74410f7690cfa51724725530df306dcfc45abaa5ed6ef7ab2fe22e2.html,105930,text/html; charset=UTF-8
6bc04c30441f77174b9131140f902f301ea2e1f7dd08a75404de7cd7101320ea,objects/6b/6bc04c30441f77174b9131140f902f301ea2e1f7dd08a75404de7cd7101320ea.html,215321,text/html; charset=UTF-8
6beae946aef01ed50878e4f4f1ab6bc1e054b29075da48e7348b51f7f39639b4,objects/6b/6beae946aef01ed50878e4f4f1ab6bc1e054b29075da48e7348b51f7f39639b4.html,89926,text/html; charset=UTF-8
6bfa7f6c8b0dd04ac0c67344d7fb722071787ba4efacd91764bb5a615e3acd33,objects/6b/6bfa7f6c8b0dd04ac0c67344d7fb722071787ba4efacd91764bb5a615e3acd33.html,35087,text/html; charset=UTF-8
6ca2eac8887e7f6da292d841ad97629b7c4a0ea22e91ff3568ef2cc94b7bbaa3,objects/6c/6ca2eac8887e7f6da292d841ad97629b7c4a0ea22e91ff3568ef2cc94b7bbaa3.pdf,74589,application/pdf
6eae2fffc800f6c82c2d03b21af150ba633bf60992bd8e37a98515808e44d9c0,objects/6e/6eae2fffc800f6c82c2d03b21af150ba633bf60992bd8e37a98515808e44d9c0.bin,742557,application/vnd.openxmlformats-officedocument.spreadsheetml.sheet
6eeeb5f0aa5307757101dd41e33ccac6de1c049ebf88d92ddad2dcf511165c77,objects/6e/6eeeb5f0aa5307757101dd41e33ccac6de1c049ebf88d92ddad2dcf511165c77.html,90758,text/html; charset=UTF-8
6f3afc1873cc3cf7085bd6ec11da1222aaf54f3124751c58131a3d400775bfba,objects/6f/6f3afc1873cc3cf7085bd6ec11da1222aaf54f3124751c58131a3d400775bfba.html,60684,text/html; charset=utf-8
6ff8aa9f64a1a7c8952e5ea9ba1021041ade494eb7b39ff18bd27f1c28c1028c,objects/6f/6ff8aa9f64a1a7c8952e5ea9ba1021041ade494eb7b39ff18bd27f1c28c1028c.pdf,2562043,application/pdf
707a3a6f6be714b4e3e77f8033efd46ad55cf73a8c3469994bd795fc035865f9,objects/70/707a3a6f6be714b4e3e77f8033efd46ad55cf73a8c3469994bd795fc035865f9.html,278760,text/html; charset=utf-8
713bf4e23711a5d0c913224dcd8841f275b52462cfd9dd31cb0812c3fe42f577,objects/71/713bf4e23711a5d0c913224dcd8841f275b52462cfd9dd31cb0812c3fe42f577.html,149272,text/html
721cb35a8ed94429e3c5b4c6ccf4bd622c2dd659a6823e18578ee846a4274164,objects/72/721cb35a8ed94429e3c5b4c6ccf4bd622c2dd659a6823e18578ee846a4274164.html,35823,text/html; charset=UTF-8
7290fabe4bcd3b2bcb8a6aa72ad7dfcf738ac16d0c90eda2d5f612c72fba93f6,objects/72/7290fabe4bcd3b2bcb8a6aa72ad7dfcf738ac16d0c90eda2d5f612c72fba93f6.pdf,3676518,application/pdf
733edb413b208aa600f7a5d0124ae1afef3f84cff090073d2d3c045e2d6a8420,objects/73/733edb413b208aa600f7a5d0124ae1afef3f84cff090073d2d3c045e2d6a8420.html,36337,text/html; charset=UTF-8
7360825990bb99286bff2bf6c719bea2d211380d940e23b082916bef33a0dca6,objects/73/7360825990bb99286bff2bf6c719bea2d211380d940e23b082916bef33a0dca6.html,35671,text/html; charset=UTF-8
743ccfa05cfa6450196ea7d847276bd41f31d67bd7c7bf5bcb488c5000d7e4a9,objects/74/743ccfa05cfa6450196ea7d847276bd41f31d67bd7c7bf5bcb488c5000d7e4a9.html,132107,text/html; charset=UTF-8
745ad9d8da149cbb1fdbc24a3754d57ca10f0d98a48b2f3e202e27649391dd3a,objects/74/745ad9d8da149cbb1fdbc24a3754d57ca10f0d98a48b2f3e202e27649391dd3a.html,37201,text/html; charset=UTF-8
747283facac512780ad757313c493d1080c39705824e72c4b231e87ecb4102b5,objects/74/747283facac512780ad757313c493d1080c39705824e72c4b231e87ecb4102b5.pdf,10245917,application/pdf
749ca75a13d63163ab73df1095aaafe8d43a68437d6c56ad25c7e84634cc6892,objects/74/749ca75a13d63163ab73df1095aaafe8d43a68437d6c56ad25c7e84634cc6892.html,38215,text/html; charset=UTF-8
74a2d07e621d4f3b456d23678833cbcd21a6bccf03820c59e16235373e07d040,objects/74/74a2d07e621d4f3b456d23678833cbcd21a6bccf03820c59e16235373e07d040.html,277892,text/html; charset=utf-8
74c64e69f988b3fdb720e8e087e517c3a9e5a1a1e5ab5d27f123bfe3a15a92de,objects/74/74c64e69f988b3fdb720e8e087e517c3a9e5a1a1e5ab5d27f123bfe3a15a92de.html,66843,text/html; charset=utf-8
74fb460fd09e76607e3cff308f5ba2754f2ebd91b0c9b7613c1a041e7b361162,objects/74/74fb460fd09e76607e3cff308f5ba2754f2ebd91b0c9b7613c1a041e7b361162.pdf,21851675,application/octet-stream
760dc22c28433651c91b364623c07f2180deb02620cee12f75b77fdeaa252f45,objects/76/760dc22c28433651c91b364623c07f2180deb02620cee12f75b77fdeaa252f45.html,97071,text/html; charset=UTF-8
76393f19e906fca4e783255b14efcaab84af2de52af5ec0b1e6ae01d8aca3eed,objects/76/76393f19e906fca4e783255b14efcaab84af2de52af5ec0b1e6ae01d8aca3eed.html,35632,text/html; charset=UTF-8
765c8668bd3a57062035d080b8c3d8653564f867ead06fbf914fdf9b45625204,objects/76/765c8668bd3a57062035d080b8c3d8653564f867ead06fbf914fdf9b45625204.pdf,4326856,application/pdf
78f07581f3c8a74ab454a3c10b006bedfc2e752bb325bb572984ced868d297e2,objects/78/78f07581f3c8a74ab454a3c10b006bedfc2e752bb325bb572984ced868d297e2.html,407976,text/html; charset=utf-8
7959c91414d0e2a9b684837c95ea90c51ca0f83b915c02e4113376168944ec0a,objects/79/7959c91414d0e2a9b684837c95ea90c51ca0f83b915c02e4113376168944ec0a.html,35092,text/html; charset=UTF-8
79cc9347b7e99afbde453cfbc07a0169611d719fd30368005eb2da5cdd75359c,objects/79/79cc9347b7e99afbde453cfbc07a0169611d719fd30368005eb2da5cdd75359c.pdf,304546,application/pdf
7aa40c2822179b270deb8202ace09bdbc0ef81fcb373104909e6f0c5a80fb9e5,objects/7a/7aa40c2822179b270deb8202ace09bdbc0ef81fcb373104909e6f0c5a80fb9e5.html,215102,text/html; charset=UTF-8
7bf7c746b1ade88d5e34d6e06a16f959161d890dacafe7caa613e3a6f2aacc6d,objects/7b/7bf7c746b1ade88d5e34d6e06a16f959161d890dacafe7caa613e3a6f2aacc6d.html,1144214,text/html; charset=UTF-8
7f509cd610d1e5d511f1b0b443d62f167fa484beee6b93624c9c54dac0c423ed,objects/7f/7f509cd610d1e5d511f1b0b443d62f167fa484beee6b93624c9c54dac0c423ed.pdf,3535442,application/pdf
81a392144690b5991f26acc88c65071534e5d42dc0f36791c0d5fbb073782906,objects/81/81a392144690b5991f26acc88c65071534e5d42dc0f36791c0d5fbb073782906.bin,96900,application/octet-stream
81f8b5b58bd1cf49e513164d6405f2c0365a7d4e7595c6a4bcd4a2c140ed5a6f,objects/81/81f8b5b58bd1cf49e513164d6405f2c0365a7d4e7595c6a4bcd4a2c140ed5a6f.html,70688,text/html; charset=utf-8
85b97853ee8bcae2ded5d307103e841eaad987d525a95dee71deb35ebc16c779,objects/85/85b97853ee8bcae2ded5d307103e841eaad987d525a95dee71deb35ebc16c779.bin,18030,application/octet-stream
85fb7a8c421204f61a6b73df8024be99cfe22c2c4d3d1ba4d9f2c6e64df3135c,objects/85/85fb7a8c421204f61a6b73df8024be99cfe22c2c4d3d1ba4d9f2c6e64df3135c.html,36660,text/html; charset=UTF-8
8616f885a51ba4c37669f0b10de7c9bf54343e9ac981f215f69848927702d2ac,objects/86/8616f885a51ba4c37669f0b10de7c9bf54343e9ac981f215f69848927702d2ac.pdf,2917636,application/pdf
8726b157774774fd5ec1404668c504593bae573f8809f57419fda155f092ea87,objects/87/8726b157774774fd5ec1404668c504593bae573f8809f57419fda155f092ea87.pdf,694247,application/pdf
87441e68421e4322f61d31809f084e346e77b18b6995b8a24411d028a5757994,objects/87/87441e68421e4322f61d31809f084e346e77b18b6995b8a24411d028a5757994.html,70778,text/html; charset=utf-8
87ba804d70992c57fed72eae24213205e0465c7e6210ef89bbf4d116becae945,objects/87/87ba804d70992c57fed72eae24213205e0465c7e6210ef89bbf4d116becae945.html,200937,text/html; charset=UTF-8
8a616bbf1c223cde512cf67a826e370b621aba576a7ca5fdc51ce731e738c39b,objects/8a/8a616bbf1c223cde512cf67a826e370b621aba576a7ca5fdc51ce731e738c39b.html,33681,text/html; charset=utf-8
8b1734bbbf798a141cd433f6c5686b43a975c88476da2a1a5e744ee6452e50fd,objects/8b/8b1734bbbf798a141cd433f6c5686b43a975c88476da2a1a5e744ee6452e50fd.pdf,6257743,application/pdf
8bf053001711b36d11f83ab7452fb4cf0796900564428e2bbaaef2311f07d479,objects/8b/8bf053001711b36d11f83ab7452fb4cf0796900564428e2bbaaef2311f07d479.html,133059,text/html; charset=utf-8
8c8ddbb8f29f7c8ae49b9f34f946301ac75458e740c39dbf49ab81f50fc9bac4,objects/8c/8c8ddbb8f29f7c8ae49b9f34f946301ac75458e740c39dbf49ab81f50fc9bac4.html,279830,text/html; charset=utf-8
8d2e3955e8ccf320435447807043a6d5e2ff75bf6d1fceda22d825ec26276abe,objects/8d/8d2e3955e8ccf320435447807043a6d5e2ff75bf6d1fceda22d825ec26276abe.html,25088,text/html
8e7d8803104c96a7565260005a7a7e1047ff807ec46294b11fc07142537d2d76,objects/8e/8e7d8803104c96a7565260005a7a7e1047ff807ec46294b11fc07142537d2d76.json,4739,application/json; charset=utf-8
8f6fcef78bf9ddb9c67fee3225448e0b6ac6f1d88a6c77cd58a9282cd0ebaf06,objects/8f/8f6fcef78bf9ddb9c67fee3225448e0b6ac6f1d88a6c77cd58a9282cd0ebaf06.pdf,947871,application/pdf
8f757cb8c6f4ba4644cce8bbb069d2148923b3f5ca085aea5fc46f8cf7e6a0d7,objects/8f/8f757cb8c6f4ba4644cce8bbb069d2148923b3f5ca085aea5fc46f8cf7e6a0d7.html,38133,text/html; charset=UTF-8
901d08e8589ba37ba50891e453d7b4138282d13c4d0f27403ded2aa363125378,objects/90/901d08e8589ba37ba50891e453d7b4138282d13c4d0f27403ded2aa363125378.pdf,14237801,application/octet-stream
90770a8196945fc2ac90a631084ee2d70a7e0f491283e9de5acd8acdbd6eaee0,objects/90/90770a8196945fc2ac90a631084ee2d70a7e0f491283e9de5acd8acdbd6eaee0.html,288640,text/html; charset=UTF-8
9350eb6365ee644dfedf58b35b8c1d6c1ff6bf6ebe286b8f59902d65161dc441,objects/93/9350eb6365ee644dfedf58b35b8c1d6c1ff6bf6ebe286b8f59902d65161dc441.html,280093,text/html; charset=utf-8
93d4fe15da7d6afa651d3ffb93ed23ef12a75d8312c320b9418d037aa8738583,objects/93/93d4fe15da7d6afa651d3ffb93ed23ef12a75d8312c320b9418d037aa8738583.pdf,1274660,application/octet-stream
9618d9456b59b3eef7ce2078a47a1300e33dfd3507735382db2d578412eba3fd,objects/96/9618d9456b59b3eef7ce2078a47a1300e33dfd3507735382db2d578412eba3fd.html,3323,text/html; charset=utf-8
97407fa2f61aeaafb44fc6f5d1f60a5438dca081d6425bbd51d344128ec2095b,objects/97/97407fa2f61aeaafb44fc6f5d1f60a5438dca081d6425bbd51d344128ec2095b.html,111728,text/html; charset=UTF-8
97c36b242257462f024a934baee6bed3aa02fe0e4917f076d7b865701db65dca,objects/97/97c36b242257462f024a934baee6bed3aa02fe0e4917f076d7b865701db65dca.pdf,8973877,application/pdf
97cb98a65b7dfb84274aadda83f36292fe2f642f02ec4c8deff736aba3d76020,objects/97/97cb98a65b7dfb84274aadda83f36292fe2f642f02ec4c8deff736aba3d76020.pdf,1890570,application/pdf
994ad5ee3467a23ca4c6c4c52bd6fb3b61e22a04b412450aed6a77b4c8b40d66,objects/99/994ad5ee3467a23ca4c6c4c52bd6fb3b61e22a04b412450aed6a77b4c8b40d66.html,117504,text/html; charset=utf-8
99ddde0c494e22c3e293ef5b79d6340dd7b9cb30c1662db197de799744306b28,objects/99/99ddde0c494e22c3e293ef5b79d6340dd7b9cb30c1662db197de799744306b28.pdf,1499890,application/pdf
9ce5d3fe56e575ff5c40f161e535cbe61052ea0748ac1877de29f4433e75cff8,objects/9c/9ce5d3fe56e575ff5c40f161e535cbe61052ea0748ac1877de29f4433e75cff8.html,36578,text/html; charset=UTF-8
9d2d94808abc6771f413fe71e5943d54a880c5fc9ac9e3e970b237c9acd3a946,objects/9d/9d2d94808abc6771f413fe71e5943d54a880c5fc9ac9e3e970b237c9acd3a946.html,37205,text/html; charset=UTF-8
9dafa5e73dde157f93645b999446b0546b353f931f4e1d742614f26cc69cefce,objects/9d/9dafa5e73dde157f93645b999446b0546b353f931f4e1d742614f26cc69cefce.html,78024,text/html; charset=utf-8
a1360977d1a5cfaeb895073c7b899a70786b7a91eae60e0d1b88cdb5f94470f8,objects/a1/a1360977d1a5cfaeb895073c7b899a70786b7a91eae60e0d1b88cdb5f94470f8.html,75569,text/html;charset=UTF-8
a2cf03c30488fa88221fce491eb5a6d334d9f25faf9fc6b97e34b812142cbad6,objects/a2/a2cf03c30488fa88221fce491eb5a6d334d9f25faf9fc6b97e34b812142cbad6.html,37268,text/html; charset=UTF-8
a4bbf69f78369cb25559347da15fbd62426042b9ba92578533ffe1b1b502e439,objects/a4/a4bbf69f78369cb25559347da15fbd62426042b9ba92578533ffe1b1b502e439.pdf,1026756,application/pdf
aa580602d8cdc667737ea98bff66ec576f1c722c3715393eb176f225c7916920,objects/aa/aa580602d8cdc667737ea98bff66ec576f1c722c3715393eb176f225c7916920.html,22273,text/html; charset=utf-8
abd1d23aabf017a2768d9cdbe3d1cc3d61ff4e539759089d3dcfcfaff57056dc,objects/ab/abd1d23aabf017a2768d9cdbe3d1cc3d61ff4e539759089d3dcfcfaff57056dc.html,128007,text/html; charset=UTF-8
abf673d3404f1eb80add1179eb4d34d9453012035bf3b279e2c4c0f5beb5341c,objects/ab/abf673d3404f1eb80add1179eb4d34d9453012035bf3b279e2c4c0f5beb5341c.html,49138,text/html; charset=UTF-8
ac5d3eb835fb55acddca3cae5864743e476972476bebe5cb5b3d458a14afb0c6,objects/ac/ac5d3eb835fb55acddca3cae5864743e476972476bebe5cb5b3d458a14afb0c6.html,39250,text/html; charset=UTF-8
accb32a7b1f6384b55ba0d7c12243b7ad9ac23d8a178c485ababd559de012c5b,objects/ac/accb32a7b1f6384b55ba0d7c12243b7ad9ac23d8a178c485ababd559de012c5b.html,37069,text/html; charset=UTF-8
ad1077b45d6f623b2a2d86485de59b8d07c4c0dae927b2b06817c4af219d959d,objects/ad/ad1077b45d6f623b2a2d86485de59b8d07c4c0dae927b2b06817c4af219d959d.html,21523,text/html; charset=utf-8
ada382c38c4c3b1ce1d6281c661b24f510d8a58fea1ff517c333a4b99fbd52fd,objects/ad/ada382c38c4c3b1ce1d6281c661b24f510d8a58fea1ff517c333a4b99fbd52fd.pdf,248911,application/pdf
af41f803acbf66f358a8284c4f6e8a17fb62f8979cec7f496ed693aece291df9,objects/af/af41f803acbf66f358a8284c4f6e8a17fb62f8979cec7f496ed693aece291df9.html,49908,text/html; charset=UTF-8
b0e5009dba6fb5308a83106aed183b35d334ed005c4fe62da162946ce84e3428,objects/b0/b0e5009dba6fb5308a83106aed183b35d334ed005c4fe62da162946ce84e3428.html,214802,text/html; charset=UTF-8
b106c4937b24ed53f30fdb131d2de8fccd2c600e3a3dcef3b5fcdc5b69b78b47,objects/b1/b106c4937b24ed53f30fdb131d2de8fccd2c600e3a3dcef3b5fcdc5b69b78b47.html,34967,text/html; charset=UTF-8
b145af2e7f4a441dc87d7ec2d99a29e1e6d7b265406d398dd64013dd4560733c,objects/b1/b145af2e7f4a441dc87d7ec2d99a29e1e6d7b265406d398dd64013dd4560733c.pdf,22767156,application/pdf
b173b8c041b4985ba3fa30e633d41ae96c59ac27224f43eafbe8460f67aee4ca,objects/b1/b173b8c041b4985ba3fa30e633d41ae96c59ac27224f43eafbe8460f67aee4ca.pdf,638322,application/pdf
b174e0b88eead1d884a4d2e496c7351ae59991dc5da9bd9e62cf17a2a50463eb,objects/b1/b174e0b88eead1d884a4d2e496c7351ae59991dc5da9bd9e62cf17a2a50463eb.json,4867,application/json; charset=utf-8
b2797b7eb575aafdc2cc96e77bd224fcd358ee6423a9a1a9569c3c1d80602623,objects/b2/b2797b7eb575aafdc2cc96e77bd224fcd358ee6423a9a1a9569c3c1d80602623.html,185665,text/html; charset=utf-8
b2f75bb3454573c79231d2b07fda97d9feeb0b773c79b7a9571e63084752963a,objects/b2/b2f75bb3454573c79231d2b07fda97d9feeb0b773c79b7a9571e63084752963a.html,24520,text/html; charset=utf-8
b35d0a68d8d129fa811eaa3ba97a20a74a1f43cd13b7c61f7a7a56433d737d90,objects/b3/b35d0a68d8d129fa811eaa3ba97a20a74a1f43cd13b7c61f7a7a56433d737d90.html,279013,text/html; charset=utf-8
b36d596de0a904a9df6d2028e5dd7da500dfb29558c0cbe1122838a93a778a65,objects/b3/b36d596de0a904a9df6d2028e5dd7da500dfb29558c0cbe1122838a93a778a65.html,36132,text/html; charset=UTF-8
b39cdca3c912e4949e99284fd772b3d024279dae934c93c020cf911e57b10b78,objects/b3/b39cdca3c912e4949e99284fd772b3d024279dae934c93c020cf911e57b10b78.pdf,2434919,application/pdf;charset=ISO-8859-1
b447a8188df5d11b1e11a85411becacad6fffe663d05eba99205f3f83f162377,objects/b4/b447a8188df5d11b1e11a85411becacad6fffe663d05eba99205f3f83f162377.pdf,3885869,application/pdf
b45a7437b601ed2a61c39123c2d35b04ccd49a73d75543e067a7c772c0db6bdf,objects/b4/b45a7437b601ed2a61c39123c2d35b04ccd49a73d75543e067a7c772c0db6bdf.pdf,7343637,application/octet-stream
b6845e11cdd98880857994deeed6aa70000b064791834e01e70cc9517b133579,objects/b6/b6845e11cdd98880857994deeed6aa70000b064791834e01e70cc9517b133579.bin,17811,application/octet-stream
b80b4e213ccc39b1ed4a15527ad01e29d72449f4b881346f729ef031bd0e155e,objects/b8/b80b4e213ccc39b1ed4a15527ad01e29d72449f4b881346f729ef031bd0e155e.html,177613,text/html; charset=UTF-8
b8246fd6f87868fa017035147709ab31724ae8d2a08e83c4b62d74d7d57a41a8,objects/b8/b8246fd6f87868fa017035147709ab31724ae8d2a08e83c4b62d74d7d57a41a8.html,55849,text/html
ba911394fd3c509f071ebeed46e994c7a739dbe00858ce59c37c47b1b25cf182,objects/ba/ba911394fd3c509f071ebeed46e994c7a739dbe00858ce59c37c47b1b25cf182.html,38528,text/html; charset=UTF-8
bbee239b7002466b9879472df6193f20ea9c47090ecf63c053285cb115d33057,objects/bb/bbee239b7002466b9879472df6193f20ea9c47090ecf63c053285cb115d33057.pdf,796970,application/pdf
bc6e03691da770a232e0603781e1267822b9cf2f562f50ef3f3941dc36163b41,objects/bc/bc6e03691da770a232e0603781e1267822b9cf2f562f50ef3f3941dc36163b41.html,338575,text/html; charset=UTF-8
bc951c10470a410bba95196a4c1ebf85bcaac62913b9d3d95a7406f8fd026095,objects/bc/bc951c10470a410bba95196a4c1ebf85bcaac62913b9d3d95a7406f8fd026095.html,74671,text/html; charset=utf-8
bdd21bde167983daf3ebc7a5c79af9e61ab5bdeeda95d804f755a7814154cd03,objects/bd/bdd21bde167983daf3ebc7a5c79af9e61ab5bdeeda95d804f755a7814154cd03.pdf,544395,application/pdf
bdd589f21f364e16d1d98f6015e43dfcdafb8c0823d51608f10f1534cbfae2a5,objects/bd/bdd589f21f364e16d1d98f6015e43dfcdafb8c0823d51608f10f1534cbfae2a5.pdf,1599559,application/pdf
be3b8d7542778d39b920dc1a4620cfcdf8ad9940ba1a32f2aa3740b9ff92b0b7,objects/be/be3b8d7542778d39b920dc1a4620cfcdf8ad9940ba1a32f2aa3740b9ff92b0b7.html,106655,text/html; charset=utf-8
bf9dd4f8012ed7494eb118cc9dee3c2c0249222cab0b43beea2a5d654d373072,objects/bf/bf9dd4f8012ed7494eb118cc9dee3c2c0249222cab0b43beea2a5d654d373072.html,24486,text/html; charset=utf-8
c1a6fd6c5566cebfa07d7eee7db00c3d6926b96fd949e742613ab56489d7f820,objects/c1/c1a6fd6c5566cebfa07d7eee7db00c3d6926b96fd949e742613ab56489d7f820.html,362475,text/html; charset=UTF-8
c1e98dbc781f899a0326dac79dc6452962917ea3d305b1d88dcebd076a722dba,objects/c1/c1e98dbc781f899a0326dac79dc6452962917ea3d305b1d88dcebd076a722dba.html,278820,text/html; charset=utf-8
c3be967d1b65b831e20583e2f355f69debd4dbd74fd0f219b9cbe973f84a3e3b,objects/c3/c3be967d1b65b831e20583e2f355f69debd4dbd74fd0f219b9cbe973f84a3e3b.json,4905,application/json; charset=utf-8
c456bf0fbce790fc0f3d1ddf63ce53583c23f4b19d275f485870e751eda1d9aa,objects/c4/c456bf0fbce790fc0f3d1ddf63ce53583c23f4b19d275f485870e751eda1d9aa.pdf,572160,application/pdf
c5cd6cb1225fd7b5483ce83b5fe92863c252229ddcf0cd9d2653bc907e5f345b,objects/c5/c5cd6cb1225fd7b5483ce83b5fe92863c252229ddcf0cd9d2653bc907e5f345b.pdf,2758911,application/pdf
c851e013d827a9cd88cb6cf41ba17c8bef1f152e6a5c49d1e7fff3e9a09a3cf5,objects/c8/c851e013d827a9cd88cb6cf41ba17c8bef1f152e6a5c49d1e7fff3e9a09a3cf5.pdf,1142499,application/pdf
ca4bc0004ddb2a60e5bac8fb11e091ae5440ede040bd03ac5835ddac2fdc4f4f,objects/ca/ca4bc0004ddb2a60e5bac8fb11e091ae5440ede040bd03ac5835ddac2fdc4f4f.html,851,text/html; charset=UTF-8
cb7dde83715e10f2e5e41c89f93b849b351ed4d0b42287feb75c6a77322aef63,objects/cb/cb7dde83715e10f2e5e41c89f93b849b351ed4d0b42287feb75c6a77322aef63.html,59850,text/html; charset=UTF-8
d174067e2ef1b1e4108c2e86f2265a6f443457639cf2f8ab7e81b7b4341b011c,objects/d1/d174067e2ef1b1e4108c2e86f2265a6f443457639cf2f8ab7e81b7b4341b011c.html,219159,text/html; charset=UTF-8
d1a306394a19acd576b39e34d0ba8cf7a947fc1cefa07550f35217a943927959,objects/d1/d1a306394a19acd576b39e34d0ba8cf7a947fc1cefa07550f35217a943927959.pdf,2292344,application/pdf
d1fb46a6d723758aeb2b320ed732a90ff37dbbdc75da91cd3a1cdacd2a52c214,objects/d1/d1fb46a6d723758aeb2b320ed732a90ff37dbbdc75da91cd3a1cdacd2a52c214.html,3798,text/html; charset=UTF-8
d2a2b38c60479c92945af100b65cc149756a10aa9253bc6cc5375665555be961,objects/d2/d2a2b38c60479c92945af100b65cc149756a10aa9253bc6cc5375665555be961.pdf,2149702,application/pdf
d3e6ed4890f3829b853a02d49c752b18c5c5450350184679c9a284b6f862825f,objects/d3/d3e6ed4890f3829b853a02d49c752b18c5c5450350184679c9a284b6f862825f.pdf,1178704,application/pdf
d5ee25e36f1eea27a9893ca439c988accf0734fb5fc791d06979d74ab57645c2,objects/d5/d5ee25e36f1eea27a9893ca439c988accf0734fb5fc791d06979d74ab57645c2.html,224694,text/html; charset=UTF-8
d7b80fd7d7b122d878f907057e294e1c890215d788e9a135562056a0a72df228,objects/d7/d7b80fd7d7b122d878f907057e294e1c890215d788e9a135562056a0a72df228.html,279101,text/html; charset=utf-8
d7f2d451cb716eed8bd175f9bf2c5d8a79e76a39b2abf6cbf0c9024a45f8fbd0,objects/d7/d7f2d451cb716eed8bd175f9bf2c5d8a79e76a39b2abf6cbf0c9024a45f8fbd0.pdf,267667,application/pdf
d8a794f618f1d4a503bbb782e42eb4e5b5f86e0ce8e081dd967ab6f6fd6b6960,objects/d8/d8a794f618f1d4a503bbb782e42eb4e5b5f86e0ce8e081dd967ab6f6fd6b6960.pdf,2415073,application/pdf
da17766d10360d54238d52a40aad5e2c3f8dedbd763ddf443efead9092a52d44,objects/da/da17766d10360d54238d52a40aad5e2c3f8dedbd763ddf443efead9092a52d44.pdf,1056112,application/pdf
da39eb10e001354c1e289d6e66a16c8f7e7f2b9f0e0b253c6f0155da68e3bf92,objects/da/da39eb10e001354c1e289d6e66a16c8f7e7f2b9f0e0b253c6f0155da68e3bf92.html,46638,text/html; charset=UTF-8
dc47a18e3e84f0468e9c6f1dfc430808af054f280f3c7b2814322366a1d7a6e9,objects/dc/dc47a18e3e84f0468e9c6f1dfc430808af054f280f3c7b2814322366a1d7a6e9.html,136270,text/html; charset=utf-8
dcd4fd924f9e637d36beb192f509b7971b8b5dda0a76e3c17b799ba26ff43b21,objects/dc/dcd4fd924f9e637d36beb192f509b7971b8b5dda0a76e3c17b799ba26ff43b21.pdf,2629082,application/pdf
debd93518e560c8db0614059c2b550b2f75914fb4bb16038267d6bbc259026a2,objects/de/debd93518e560c8db0614059c2b550b2f75914fb4bb16038267d6bbc259026a2.pdf,2770989,application/octet-stream
e1ab1bad66ea3e907cbda676422d0da34e946853d362e3603a02775cbd7eae13,objects/e1/e1ab1bad66ea3e907cbda676422d0da34e946853d362e3603a02775cbd7eae13.pdf,251521,application/pdf
e53876284cd9364de031a4f501046ac785d5b2304108552c21998d3d74a2a179,objects/e5/e53876284cd9364de031a4f501046ac785d5b2304108552c21998d3d74a2a179.pdf,1430655,application/pdf
e5ebf05d9af5ad45d0e7649bb535ea9182144503b31e1202441b9e323d8d49fc,objects/e5/e5ebf05d9af5ad45d0e7649bb535ea9182144503b31e1202441b9e323d8d49fc.html,22251,text/html; charset=utf-8
e5f87af0a25794e3a399f0e09d5e1e957c9c44a9962b711bb8d8bf1e63e71e26,objects/e5/e5f87af0a25794e3a399f0e09d5e1e957c9c44a9962b711bb8d8bf1e63e71e26.html,103216,text/html; charset=UTF-8
e60e86612c2cef8a46f4469db0caf27ce62974d4c6bc3d22e62231fde4dc381a,objects/e6/e60e86612c2cef8a46f4469db0caf27ce62974d4c6bc3d22e62231fde4dc381a.html,209777,text/html; charset=UTF-8
e689b5ecd1e585cc8a1755df8750b552457405af932c28a29e568b19513b2b97,objects/e6/e689b5ecd1e585cc8a1755df8750b552457405af932c28a29e568b19513b2b97.json,8468,application/json; charset=utf-8
e9d23ef86d47277b941f0d99813b0073ffab021f924a1a8100b40dbf5fd1223e,objects/e9/e9d23ef86d47277b941f0d99813b0073ffab021f924a1a8100b40dbf5fd1223e.html,215286,text/html; charset=UTF-8
eaca85df5e739489a8fba49d5f0a08468846e53a9d0b971224af93bf9b8370f5,objects/ea/eaca85df5e739489a8fba49d5f0a08468846e53a9d0b971224af93bf9b8370f5.json,9404,application/json
eb7c59e93e92427b1c92f430cf991b0eedb0a0d9d7517ca69969771e159ed11a,objects/eb/eb7c59e93e92427b1c92f430cf991b0eedb0a0d9d7517ca69969771e159ed11a.pdf,315920,application/pdf
ed53d4733d39fe5ad44d8a2058df03c062f01eaba14533729c4d2cd663d86d80,objects/ed/ed53d4733d39fe5ad44d8a2058df03c062f01eaba14533729c4d2cd663d86d80.html,215442,text/html; charset=UTF-8
eda8ee68a22d24662b1a6a78c51395f6213b5ba2e0bfbb5f8511fc9c3278abd8,objects/ed/eda8ee68a22d24662b1a6a78c51395f6213b5ba2e0bfbb5f8511fc9c3278abd8.html,40463,text/html; charset=UTF-8
ef40b374ace8db649265ad624964db591e016fd0b5a11fb903fe46b5b5cd6d4f,objects/ef/ef40b374ace8db649265ad624964db591e016fd0b5a11fb903fe46b5b5cd6d4f.html,34265,text/html; charset=UTF-8
efe51d479eb32608cafe1006ecb5a7e01796ca0590c4861df4295df0991900ed,objects/ef/efe51d479eb32608cafe1006ecb5a7e01796ca0590c4861df4295df0991900ed.html,59615,text/html; charset=UTF-8
f07409806527f6f3f72c42344ff758e1602f791e404b13afef3bfe45facc32c1,objects/f0/f07409806527f6f3f72c42344ff758e1602f791e404b13afef3bfe45facc32c1.html,84237,text/html; charset=UTF-8
f094953b59684cfe68267a3515b345bcc40c6e9a2ed84adf3fafacdfceed6377,objects/f0/f094953b59684cfe68267a3515b345bcc40c6e9a2ed84adf3fafacdfceed6377.pdf,1162288,application/pdf
f1dd20e2bdd194a17227f3f67ce7f7a28a124d35d32c94cec54bdf1d493952e3,objects/f1/f1dd20e2bdd194a17227f3f67ce7f7a28a124d35d32c94cec54bdf1d493952e3.html,37199,text/html; charset=UTF-8
f2078f959a346d634d7a25702769530fa009c7e6e1b07a10862cdaa9935b4604,objects/f2/f2078f959a346d634d7a25702769530fa009c7e6e1b07a10862cdaa9935b4604.html,102105,text/html; charset=utf-8
f2b4a521e71812e706c2c1e9921e0aa1caca67e8cbecf9b43f016322b5364e90,objects/f2/f2b4a521e71812e706c2c1e9921e0aa1caca67e8cbecf9b43f016322b5364e90.html,345997,text/html; charset=utf-8
f2d1ee977fe2098714fabcb50d31d11250dc4b66591c33932aecddb789fdecc6,objects/f2/f2d1ee977fe2098714fabcb50d31d11250dc4b66591c33932aecddb789fdecc6.html,35082,text/html; charset=UTF-8
f430e953bd45429a63ae07d27801a2afc861e151cafd4fc948f7b8116fff6c85,objects/f4/f430e953bd45429a63ae07d27801a2afc861e151cafd4fc948f7b8116fff6c85.html,280189,text/html; charset=UTF-8
f690fce534af1d0b26ede04816a04a5bd984e99d965de0a6d52e8249b7c23904,objects/f6/f690fce534af1d0b26ede04816a04a5bd984e99d965de0a6d52e8249b7c23904.html,36784,text/html; charset=UTF-8
f889bc9c7eaba01411c88d6e80bf2bd4ef2fd24f7429efc52f15d4ed42970003,objects/f8/f889bc9c7eaba01411c88d6e80bf2bd4ef2fd24f7429efc52f15d4ed42970003.pdf,3924425,application/pdf
f8d43847d560f5c866a6b6887b0e03849f5e35b57d589e3f65038c49758e7eaf,objects/f8/f8d43847d560f5c866a6b6887b0e03849f5e35b57d589e3f65038c49758e7eaf.pdf,6521672,application/pdf
fa21515e1a50e5313a2bf63b2117aa9d3e95cd5dac657e6f6f08c5dcbb3c3047,objects/fa/fa21515e1a50e5313a2bf63b2117aa9d3e95cd5dac657e6f6f08c5dcbb3c3047.html,37682,text/html; charset=UTF-8
fa7d149b3d8165b85b7090584a3df3d35fbd6b097bb8a08844df330a3410fc39,objects/fa/fa7d149b3d8165b85b7090584a3df3d35fbd6b097bb8a08844df330a3410fc39.pdf,1193197,application/pdf
fa8fd693d1d0d53c7478e9b3850da16ad83955bf2c715c5983634819c2315d16,objects/fa/fa8fd693d1d0d53c7478e9b3850da16ad83955bf2c715c5983634819c2315d16.pdf,665666,application/pdf
fbe6b23c4901eaa0b71fccca1d65d97748fe4f2a5389bf5ddd461683d1129ea6,objects/fb/fbe6b23c4901eaa0b71fccca1d65d97748fe4f2a5389bf5ddd461683d1129ea6.bin,1606332,application/javascript; charset=UTF-8
fbff5e6f0a96c9adbcfb52cd70c1ee9532a7b9a1225f4e22433759ec0c20da2b,objects/fb/fbff5e6f0a96c9adbcfb52cd70c1ee9532a7b9a1225f4e22433759ec0c20da2b.html,147713,text/html; charset=utf-8
fca089fa078399c9c35be0e4e175bafecbdc0f5a45ccb1efaf9f5145de6e73c3,objects/fc/fca089fa078399c9c35be0e4e175bafecbdc0f5a45ccb1efaf9f5145de6e73c3.html,36532,text/html; charset=UTF-8
fe8af4acbb6fccf83ea8a3ad0b608ec870c93e967f9e59ff23078ef5e4ec42a7,objects/fe/fe8af4acbb6fccf83ea8a3ad0b608ec870c93e967f9e59ff23078ef5e4ec42a7.pdf,1181726,application/octet-stream
ff40d2eadd36dcf10549274fd1f315ee2b4b9096c884c8cab385dc5a01a826e6,objects/ff/ff40d2eadd36dcf10549274fd1f315ee2b4b9096c884c8cab385dc5a01a826e6.html,33571,text/html
ff442a7e0becf8e4dca970f8068940ef75ad288ee6b1c4c1683022b86deae342,objects/ff/ff442a7e0becf8e4dca970f8068940ef75ad288ee6b1c4c1683022b86deae342.pdf,3334149,application/pdf
ff54ba565532a94ea477d96ea07ac85b5239dbfd00b3dd186467d92700109bf1,objects/ff/ff54ba565532a94ea477d96ea07ac85b5239dbfd00b3dd186467d92700109bf1.pdf,477785,application/pdf
b205467d8407cb91cf69a6893d1ce08cb566687a565e70e11a3cf74102c02818,../ledger-snapshots/b205467d8407cb91cf69a6893d1ce08cb566687a565e70e11a3cf74102c02818.csv,25746,text/csv
0033db0de8f0bd25e693e203ee3681e4247709cb410e451f78ae3a667bcbe917,../ledger-snapshots/0033db0de8f0bd25e693e203ee3681e4247709cb410e451f78ae3a667bcbe917.csv,39592,text/csv
