source_id,url,outcome,capture_url,captured_at,attempted_at,error
idn-adb-aicet-news-2025,https://www.adb.org/news/adb-boosts-indonesias-clean-energy-transition,reused,https://web.archive.org/web/20260120104252/https://www.adb.org/news/adb-boosts-indonesias-clean-energy-transition,2026-01-20T10:42:52Z,2026-09-24T15:43:25Z,
idn-adb-aset-news-2024,https://www.adb.org/news/adb-approves-policy-loan-support-indonesia-energy-transition,captured,https://web.archive.org/web/20260924195415/https://www.adb.org/news/adb-approves-policy-loan-support-indonesia-energy-transition,2026-09-24T19:54:15Z,2026-09-24T19:53:53Z,
idn-adb-muara-laboh-2-2025,https://www.adb.org/news/adb-supports-indonesia-green-energy-transition-geothermal-expansion-project,reused,https://web.archive.org/web/20251231152013/https://www.adb.org/news/adb-supports-indonesia-green-energy-transition-geothermal-expansion-project,2025-12-31T15:20:13Z,2026-09-24T15:44:29Z,
idn-cipp-2023,https://jetp-id.org/storage/official-jetp-cipp-2023-vshare_f_en-1700532655.pdf,reused,https://web.archive.org/web/20260219144041/https://jetp-id.org/storage/official-jetp-cipp-2023-vshare_f_en-1700532655.pdf,2026-02-19T14:40:41Z,2026-09-25T05:18:25Z,
idn-cipp-2023-cpr-mirror,https://cdn.climatepolicyradar.org/navigator/IDN/2023/comprehensive-investment-and-policy-plan_111dabc5e962ec140a6080232a0bb367.pdf,reused,https://web.archive.org/web/20260921054631/https://cdn.climatepolicyradar.org/navigator/IDN/2023/comprehensive-investment-and-policy-plan_111dabc5e962ec140a6080232a0bb367.pdf,2026-09-21T05:46:31Z,2026-09-24T15:44:32Z,
idn-cipp-portal,https://jetp-id.org/cipp,reused,https://web.archive.org/web/20260816053446/https://jetp-id.org/cipp,2026-08-16T05:34:46Z,2026-09-25T05:18:25Z,
idn-eib-ptsmi-mou-2024,https://www.eib.org/en/press/all/2024-084-eib-global-agrees-to-support-pt-smi-on-sustainable-infrastructure-development-in-indonesia,reused,https://web.archive.org/web/20251010114948/https://www.eib.org/en/press/all/2024-084-eib-global-agrees-to-support-pt-smi-on-sustainable-infrastructure-development-in-indonesia,2025-10-10T11:49:48Z,2026-09-24T15:44:34Z,
idn-geapp-diesel-replacement-program,https://energyalliance.org/project/diesel-to-renewables-to-power-indonesias-energy-transition/,reused,https://web.archive.org/web/20260415130937/https://energyalliance.org/project/diesel-to-renewables-to-power-indonesias-energy-transition/,2026-04-15T13:09:37Z,2026-09-24T15:44:46Z,
idn-gfanz-saguling-2025,https://www.gfanzero.com/press/first-indonesian-jetp-solar-project-mobilizes-usd-60-million-as-investment-momentum-builds/,reused,https://web.archive.org/web/20260513103638/https://www.gfanzero.com/press/first-indonesian-jetp-solar-project-mobilizes-usd-60-million-as-investment-momentum-builds/,2026-05-13T10:36:38Z,2026-09-24T18:38:39Z,
idn-ibvogt-diesel-west-2023,https://www.ibvogt.com/ib-vogt-awarded-diesel-replacement-program-projects-in-western-indonesia/,reused,https://web.archive.org/web/20260517030129/https://www.ibvogt.com/ib-vogt-awarded-diesel-replacement-program-projects-in-western-indonesia/,2026-05-17T03:01:29Z,2026-09-24T15:46:04Z,
idn-ieefa-dediesel-update-2026,https://ieefa.org/resources/advancing-indonesias-100gw-solar-program-through-de-dieselization-energy-security,reused,https://web.archive.org/web/20260830232736/https://ieefa.org/resources/advancing-indonesias-100gw-solar-program-through-de-dieselization-energy-security,2026-08-30T23:27:36Z,2026-09-25T05:18:25Z,
idn-jetp-captive-power-study-2025,https://drive.usercontent.google.com/download?id=1GjtDiDblQyHfYIPzUWZFOu9QO8_gQkk_&export=download&confirm=t,captured,https://web.archive.org/web/20260924195520/https://drive.usercontent.google.com/download?id=1GjtDiDblQyHfYIPzUWZFOu9QO8_gQkk_&export=download&confirm=t,2026-09-24T19:55:20Z,2026-09-24T19:53:53Z,
idn-jetp-carbon-pricing-2025,https://drive.usercontent.google.com/download?id=1mhH15V_gw9nR5cOB6mRCvcJg2cGw0-_U&export=download&confirm=t,captured,https://web.archive.org/web/20260924195608/https://drive.usercontent.google.com/download?id=1mhH15V_gw9nR5cOB6mRCvcJg2cGw0-_U&export=download&confirm=t,2026-09-24T19:56:08Z,2026-09-24T19:55:40Z,
idn-jetp-energy-efficiency-electrification-2025,https://drive.usercontent.google.com/download?id=1JDhuF_HptvuRu8jBTWIEH33RybFNE_to&export=download&confirm=t,captured,https://web.archive.org/web/20260924195609/https://drive.usercontent.google.com/download?id=1JDhuF_HptvuRu8jBTWIEH33RybFNE_to&export=download&confirm=t,2026-09-24T19:56:09Z,2026-09-24T19:55:40Z,
idn-jetp-guarantees-insurance-2025,https://drive.usercontent.google.com/download?id=1ka0vPuF8ydvDAjDCrCo_FIQmIThKL2gk&export=download&confirm=t,captured,https://web.archive.org/web/20260924195654/https://drive.usercontent.google.com/download?id=1ka0vPuF8ydvDAjDCrCo_FIQmIThKL2gk&export=download&confirm=t,2026-09-24T19:56:54Z,2026-09-24T19:55:40Z,
idn-jetp-joint-statement-2022,https://id.usembassy.gov/united-states-supports-the-launch-of-the-just-energy-transition-partnership-jetp-in-indonesia/,reused,https://web.archive.org/web/20260812123234/https://id.usembassy.gov/united-states-supports-the-launch-of-the-just-energy-transition-partnership-jetp-in-indonesia/,2026-08-12T12:32:34Z,2026-09-25T05:18:36Z,
idn-jetp-just-transition-study-2025,https://drive.usercontent.google.com/download?id=1i1XgotGsbydM4FQ5dBxQPgncs2Lkpkov&export=download&confirm=t,captured,https://web.archive.org/web/20260924195652/https://drive.usercontent.google.com/download?id=1i1XgotGsbydM4FQ5dBxQPgncs2Lkpkov&export=download&confirm=t,2026-09-24T19:56:52Z,2026-09-24T19:56:20Z,
idn-jetp-progress-report-2025,https://drive.usercontent.google.com/download?id=1RhW5MLzbza69uaZHfho4bnQLSmjnAjWO&export=download&confirm=t,captured,https://web.archive.org/web/20260924195725/https://drive.usercontent.google.com/download?id=1RhW5MLzbza69uaZHfho4bnQLSmjnAjWO&export=download&confirm=t,2026-09-24T19:57:25Z,2026-09-24T19:56:56Z,
idn-jetp-reports-2025-landing,https://jetp.id/news/jetp-reports-2025,captured,https://web.archive.org/web/20260924195801/https://jetp.id/news/jetp-reports-2025,2026-09-24T19:58:01Z,2026-09-24T19:57:44Z,
idn-jetp-small-scale-renewables-finance-2025,https://drive.usercontent.google.com/download?id=10P6BuNhTtDmxF9VFNMsa6d1Nd5zjYn3i&export=download&confirm=t,captured,https://web.archive.org/web/20260924195919/https://drive.usercontent.google.com/download?id=10P6BuNhTtDmxF9VFNMsa6d1Nd5zjYn3i&export=download&confirm=t,2026-09-24T19:59:19Z,2026-09-24T19:58:23Z,
idn-jetp-work-plan-2024-presentation,https://asiacleanenergyforum.adb.org/wp-content/uploads/2024/06/Paul-Butarbutar.pdf,captured,https://web.archive.org/web/20260924195842/https://asiacleanenergyforum.adb.org/wp-content/uploads/2024/06/Paul-Butarbutar.pdf,2026-09-24T19:58:42Z,2026-09-24T19:58:28Z,
idn-jetp-xurya-equity-2024,https://jetp.id/news/norwegian-and-british-investment-in-indonesian-start-up-marks-first-equity-milestone-in-jetp-disbursement,captured,https://web.archive.org/web/20260924195900/https://jetp.id/news/norwegian-and-british-investment-in-indonesian-start-up-marks-first-equity-milestone-in-jetp-disbursement,2026-09-24T19:59:00Z,2026-09-24T19:58:50Z,
idn-jica-mrt-east-west-2024,https://www.jica.go.jp/english/information/press/2024/20240514_10.html,reused,https://web.archive.org/web/20260712160706/https://www.jica.go.jp/english/information/press/2024/20240514_10.html,2026-07-12T16:07:06Z,2026-09-24T15:50:43Z,
idn-jica-mrt-north-south-2023,https://www.jica.go.jp/information/press/2023/20230403_10.html,reused,https://web.archive.org/web/20251113092352/https://www.jica.go.jp/information/press/2023/20230403_10.html,2025-11-13T09:23:52Z,2026-09-24T15:50:47Z,
idn-news-cirebon-retirement-reuters-2025,https://www.reuters.com/business/energy/indonesia-backpedals-retiring-cirebon-coal-power-plant-early-2025-12-05/,failed,,,2026-09-25T05:18:40Z,save_error: error:bad-request
idn-news-legok-groundbreaking-antara-2026,https://en.antaranews.com/news/424445/legok-nangka-psel-to-boost-waste-management-clean-energy-ministry,reused,https://web.archive.org/web/20260730155841/https://en.antaranews.com/news/424445/legok-nangka-psel-to-boost-waste-management-clean-energy-ministry,2026-07-30T15:58:41Z,2026-09-24T15:50:51Z,
idn-portfolio-candi-umbul,https://portfolio.jetp.id/program/candi-umbul-geothermal-project,captured,https://web.archive.org/web/20260924195916/https://portfolio.jetp.id/program/candi-umbul-geothermal-project,2026-09-24T19:59:16Z,2026-09-24T19:59:00Z,
idn-portfolio-carbon-monetization,https://portfolio.jetp.id/program/carbon-monetization,captured,https://web.archive.org/web/20260924195940/https://portfolio.jetp.id/program/carbon-monetization,2026-09-24T19:59:40Z,2026-09-24T19:59:23Z,
idn-portfolio-case,https://portfolio.jetp.id/program/clean-affordable-and-secure-energy-for-southeast-asia-case,captured,https://web.archive.org/web/20260924195946/https://portfolio.jetp.id/program/clean-affordable-and-secure-energy-for-southeast-asia-case,2026-09-24T19:59:46Z,2026-09-24T19:59:26Z,
idn-portfolio-cefim,https://portfolio.jetp.id/program/clean-energy-finance-and-investment-mobilisation-cefim-programme,captured,https://web.archive.org/web/20260924200536/https://portfolio.jetp.id/program/clean-energy-finance-and-investment-mobilisation-cefim-programme,2026-09-24T20:05:36Z,2026-09-24T19:59:39Z,
idn-portfolio-cetp,https://portfolio.jetp.id/program/clean-energy-transition-program-cetp,captured,https://web.archive.org/web/20260924200513/https://portfolio.jetp.id/program/clean-energy-transition-program-cetp,2026-09-24T20:05:13Z,2026-09-24T20:00:03Z,
idn-portfolio-cfpp-repurposing,https://portfolio.jetp.id/program/coal-fired-power-plant-site-repurposing,captured,https://web.archive.org/web/20260924203921/https://portfolio.jetp.id/program/coal-fired-power-plant-site-repurposing,2026-09-24T20:39:21Z,2026-09-24T20:49:53Z,
idn-portfolio-efsd,https://portfolio.jetp.id/program/european-fund-for-sustainable-development-plus-efsd-for-energy-project-preparation,captured,https://web.archive.org/web/20260924200549/https://portfolio.jetp.id/program/european-fund-for-sustainable-development-plus-efsd-for-energy-project-preparation,2026-09-24T20:05:49Z,2026-09-24T20:05:21Z,
idn-portfolio-energy-hub,https://portfolio.jetp.id/program/energy-hub,captured,https://web.archive.org/web/20260924203841/https://portfolio.jetp.id/program/energy-hub,2026-09-24T20:38:41Z,2026-09-24T20:49:53Z,
idn-portfolio-enerkey,https://portfolio.jetp.id/program/enerkey-project,captured,https://web.archive.org/web/20260924200638/https://portfolio.jetp.id/program/enerkey-project,2026-09-24T20:06:38Z,2026-09-24T20:05:50Z,
idn-portfolio-entri,https://portfolio.jetp.id/program/renewable-energy-mini-grids-triangular-cooperation-entri-project,captured,https://web.archive.org/web/20260924200642/https://portfolio.jetp.id/program/renewable-energy-mini-grids-triangular-cooperation-entri-project,2026-09-24T20:06:42Z,2026-09-24T20:06:02Z,
idn-portfolio-esmap-canada,https://portfolio.jetp.id/program/energy-sector-management-assistance-program-esmap,captured,https://web.archive.org/web/20260924200630/https://portfolio.jetp.id/program/energy-sector-management-assistance-program-esmap,2026-09-24T20:06:30Z,2026-09-24T20:06:08Z,
idn-portfolio-esmap-uk,https://portfolio.jetp.id/program/energy-sector-management-assistance-program,captured,https://web.archive.org/web/20260924203847/https://portfolio.jetp.id/program/energy-sector-management-assistance-program,2026-09-24T20:38:47Z,2026-09-24T20:49:53Z,
idn-portfolio-etap,https://portfolio.jetp.id/program/energy-transition-acceleration-programme-etap,captured,https://web.archive.org/web/20260924200709/https://portfolio.jetp.id/program/energy-transition-acceleration-programme-etap,2026-09-24T20:07:09Z,2026-09-24T20:06:52Z,
idn-portfolio-etmptf,https://portfolio.jetp.id/program/energy-transition-mechanism-partnership-trust-fund-etmptf-1,captured,https://web.archive.org/web/20260924200753/https://portfolio.jetp.id/program/energy-transition-mechanism-partnership-trust-fund-etmptf-1,2026-09-24T20:07:53Z,2026-09-24T20:06:56Z,
idn-portfolio-etp,https://portfolio.jetp.id/program/south-east-asia-energy-transition-partnership-etp,captured,https://web.archive.org/web/20260924201231/https://portfolio.jetp.id/program/south-east-asia-energy-transition-partnership-etp,2026-09-24T20:12:31Z,2026-09-24T20:07:16Z,
idn-portfolio-euicf,https://portfolio.jetp.id/program/eu-indonesia-cooperation-facility,captured,https://web.archive.org/web/20260924201236/https://portfolio.jetp.id/program/eu-indonesia-cooperation-facility,2026-09-24T20:12:36Z,2026-09-24T20:07:31Z,
idn-portfolio-explore,https://portfolio.jetp.id/program/strategic-exploration-of-economic-mitigation-potentials-through-renewables-explore-project,captured,https://web.archive.org/web/20260924201241/https://portfolio.jetp.id/program/strategic-exploration-of-economic-mitigation-potentials-through-renewables-explore-project,2026-09-24T20:12:41Z,2026-09-24T20:08:08Z,
idn-portfolio-gesit,https://portfolio.jetp.id/program/green-jobs-for-social-inclusion-and-sustainable-transformation-gesit,captured,https://web.archive.org/web/20260924203505/https://portfolio.jetp.id/program/green-jobs-for-social-inclusion-and-sustainable-transformation-gesit,2026-09-24T20:35:05Z,2026-09-24T20:12:53Z,
idn-portfolio-green-energy-transition,https://portfolio.jetp.id/program/green-energy-transition-indonesia,captured,https://web.archive.org/web/20260924203555/https://portfolio.jetp.id/program/green-energy-transition-indonesia,2026-09-24T20:35:55Z,2026-09-24T20:12:59Z,
idn-portfolio-growth-gateway,https://portfolio.jetp.id/program/growth-gateway,captured,https://web.archive.org/web/20260924203621/https://portfolio.jetp.id/program/growth-gateway,2026-09-24T20:36:21Z,2026-09-24T20:13:04Z,
idn-portfolio-ietf,https://portfolio.jetp.id/program/ietf-indonesia-energy-transition-facility,captured,https://web.archive.org/web/20260924204408/https://portfolio.jetp.id/program/ietf-indonesia-energy-transition-facility,2026-09-24T20:44:08Z,2026-09-24T20:38:48Z,
idn-portfolio-iki-flex,https://portfolio.jetp.id/program/iki-flex-jetp-support-package-1,captured,https://web.archive.org/web/20260924204400/https://portfolio.jetp.id/program/iki-flex-jetp-support-package-1,2026-09-24T20:44:00Z,2026-09-24T20:38:54Z,
idn-portfolio-iki-jet,https://portfolio.jetp.id/program/innovation-regions-for-a-just-energy-transition-iki-jet,captured,https://web.archive.org/web/20260924204406/https://portfolio.jetp.id/program/innovation-regions-for-a-just-energy-transition-iki-jet,2026-09-24T20:44:06Z,2026-09-24T20:38:59Z,
idn-portfolio-ipdf,https://portfolio.jetp.id/program/indonesia-policy-dialogue-fund-ipdf,captured,https://web.archive.org/web/20260924204439/https://portfolio.jetp.id/program/indonesia-policy-dialogue-fund-ipdf,2026-09-24T20:44:39Z,2026-09-24T20:44:23Z,
idn-portfolio-jetp-esia,https://portfolio.jetp.id/program/facilitating-financing-for-indonesias-just-energy-transition-partnership-esia-study,captured,https://web.archive.org/web/20260924204433/https://portfolio.jetp.id/program/facilitating-financing-for-indonesias-just-energy-transition-partnership-esia-study,2026-09-24T20:44:33Z,2026-09-24T20:44:26Z,
idn-portfolio-jetp-financing,https://portfolio.jetp.id/program/facilitating-financing-for-indonesias-just-energy-transition-partnership,captured,https://web.archive.org/web/20260924204940/https://portfolio.jetp.id/program/facilitating-financing-for-indonesias-just-energy-transition-partnership,2026-09-24T20:49:40Z,2026-09-24T20:55:10Z,
idn-portfolio-jt-coal-regions,https://portfolio.jetp.id/program/just-transition-in-coal-regions,captured,https://web.archive.org/web/20260924204954/https://portfolio.jetp.id/program/just-transition-in-coal-regions,2026-09-24T20:49:54Z,2026-09-24T20:55:16Z,
idn-portfolio-jt-framework,https://portfolio.jetp.id/program/operationalisation-of-the-just-transition-framework-in-jetp-indonesia-phase-2,failed,,,2026-09-24T20:55:21Z,save_error: error:job-failed
idn-portfolio-low-carbon-buildings,https://portfolio.jetp.id/program/asia-low-carbon-building-transition,captured,https://web.archive.org/web/20260924205530/https://portfolio.jetp.id/program/asia-low-carbon-building-transition,2026-09-24T20:55:30Z,2026-09-24T20:55:27Z,
idn-portfolio-mentari-policy,https://portfolio.jetp.id/program/mentari-contributions-to-the-jetp,captured,https://web.archive.org/web/20260924205536/https://portfolio.jetp.id/program/mentari-contributions-to-the-jetp,2026-09-24T20:55:36Z,2026-09-24T20:55:32Z,
idn-portfolio-mentari-vgf,https://portfolio.jetp.id/program/mentari-viability-gap-fund,captured,https://web.archive.org/web/20260924210043/https://portfolio.jetp.id/program/mentari-viability-gap-fund,2026-09-24T21:00:43Z,2026-09-24T20:55:37Z,
idn-portfolio-patuha2,https://portfolio.jetp.id/program/grant-for-patuha-unit-2-geothermal-power-generation-project,captured,https://web.archive.org/web/20260924210048/https://portfolio.jetp.id/program/grant-for-patuha-unit-2-geothermal-power-generation-project,2026-09-24T21:00:48Z,2026-09-24T20:55:53Z,
idn-portfolio-perform,https://portfolio.jetp.id/program/performing-energy-transition-through-fiscal-reform-in-indonesia-perform,failed,,,2026-09-24T20:55:59Z,save_error: error:job-failed
idn-portfolio-project-gecs,https://portfolio.jetp.id/project/green-energy-corridor-sulawesi-gecs,captured,https://web.archive.org/web/20260924210203/https://portfolio.jetp.id/project/green-energy-corridor-sulawesi-gecs,2026-09-24T21:02:03Z,2026-09-24T21:01:05Z,
idn-portfolio-project-hululais,https://portfolio.jetp.id/project/geothermal-hululais-unit-1-2,captured,https://web.archive.org/web/20260924210115/https://portfolio.jetp.id/project/geothermal-hululais-unit-1-2,2026-09-24T21:01:15Z,2026-09-24T21:01:06Z,
idn-portfolio-project-index-2026,https://portfolio.jetp.id/project,captured,https://web.archive.org/web/20260924210232/https://portfolio.jetp.id/project,2026-09-24T21:02:32Z,2026-09-24T21:01:10Z,
idn-portfolio-project-nagajaya,https://portfolio.jetp.id/project/nagajaya-microhydro-65-mw,captured,https://web.archive.org/web/20260924210641/https://portfolio.jetp.id/project/nagajaya-microhydro-65-mw,2026-09-24T21:06:41Z,2026-09-24T21:01:37Z,
idn-portfolio-pt-smi-retirement,https://portfolio.jetp.id/program/pt-smi-early-retirement-program,captured,https://web.archive.org/web/20260924210738/https://portfolio.jetp.id/program/pt-smi-early-retirement-program,2026-09-24T21:07:38Z,2026-09-24T21:02:22Z,
idn-portfolio-re2cool,https://portfolio.jetp.id/program/re2cool,captured,https://web.archive.org/web/20260924210741/https://portfolio.jetp.id/program/re2cool,2026-09-24T21:07:41Z,2026-09-24T21:02:54Z,
idn-portfolio-re2grid,https://portfolio.jetp.id/program/re2grid,captured,https://web.archive.org/web/20260924210707/https://portfolio.jetp.id/program/re2grid,2026-09-24T21:07:07Z,2026-09-24T21:07:03Z,
idn-portfolio-reep2,https://portfolio.jetp.id/program/1000-islands-renewable-energy-for-electrification-programme-phase-ii-reep2,captured,https://web.archive.org/web/20260924210733/https://portfolio.jetp.id/program/1000-islands-renewable-energy-for-electrification-programme-phase-ii-reep2,2026-09-24T21:07:33Z,2026-09-24T21:07:29Z,
idn-portfolio-s4i,https://portfolio.jetp.id/program/support-for-infrastructure-investments-in-indonesia-s4i-for-the-establishment-of-indonesias-development-bank-project,captured,https://web.archive.org/web/20260924210758/https://portfolio.jetp.id/program/support-for-infrastructure-investments-in-indonesia-s4i-for-the-establishment-of-indonesias-development-bank-project,2026-09-24T21:07:58Z,2026-09-24T21:07:55Z,
idn-portfolio-sdg-one,https://portfolio.jetp.id/program/sdg-indonesia-one,captured,https://web.archive.org/web/20260924210804/https://portfolio.jetp.id/program/sdg-indonesia-one,2026-09-24T21:08:04Z,2026-09-24T21:08:00Z,
idn-portfolio-secretariat-capacity,https://portfolio.jetp.id/program/institutional-and-capacity-building-support-for-the-just-energy-transition-partnership-secretariat,captured,https://web.archive.org/web/20260924210822/https://portfolio.jetp.id/program/institutional-and-capacity-building-support-for-the-just-energy-transition-partnership-secretariat,2026-09-24T21:08:22Z,2026-09-24T21:08:06Z,
idn-portfolio-seti,https://portfolio.jetp.id/program/sustainable-energy-transition-in-indonesia-seti-1,captured,https://web.archive.org/web/20260924210909/https://portfolio.jetp.id/program/sustainable-energy-transition-in-indonesia-seti-1,2026-09-24T21:09:09Z,2026-09-24T21:08:21Z,
idn-portfolio-sustainable-hydropower,https://portfolio.jetp.id/program/accompanying-measure-sustainable-hydropower,captured,https://web.archive.org/web/20260924211331/https://portfolio.jetp.id/program/accompanying-measure-sustainable-hydropower,2026-09-24T21:13:31Z,2026-09-24T21:08:26Z,
idn-portfolio-uk-pact,https://portfolio.jetp.id/program/uk-pact-indonesia,failed,,,2026-09-24T21:08:42Z,save_error: error:job-failed
idn-portfolio-wolcot,https://portfolio.jetp.id/program/women-led-coal-transition-mechanism-wolcot-1,captured,https://web.archive.org/web/20260924211341/https://portfolio.jetp.id/program/women-led-coal-transition-mechanism-wolcot-1,2026-09-24T21:13:41Z,2026-09-24T21:09:28Z,
idn-project-cirebon-framework-marubeni,https://www.marubeni.com/en/news/2023/info/00037.html,reused,https://web.archive.org/web/20251014035242/https://www.marubeni.com/en/news/2023/info/00037.html,2025-10-14T03:52:42Z,2026-09-24T15:56:40Z,
idn-project-legok-agreement-ut-2024,https://www.unitedtractors.com/en/legok-nangka-project-cooperation-agreement-between-jabar-environmental-solutions-jes-and-the-west-java-provincial-government/,failed,,,2026-09-24T21:13:49Z,save_error: error:not-found
idn-project-seg-construction-2024,https://www.segsolar.com/press/news/112,reused,https://web.archive.org/web/20260723024603/https://www.segsolar.com/press/news/112,2026-07-23T02:46:03Z,2026-09-24T15:57:05Z,
idn-project-seg-operational-2025,https://www.segsolar.eu/press/news/128,reused,https://web.archive.org/web/20260209182447/https://www.segsolar.eu/press/news/128,2026-02-09T18:24:47Z,2026-09-24T15:57:18Z,
idn-project-singkarak-acwa-2022,https://acwapower.com/en/media-center/latest-news/acwa-power-set-to-enter-indonesia-with-two-floating-solar-pv-projects/,captured,https://web.archive.org/web/20260924211902/https://acwapower.com/en/media-center/latest-news/acwa-power-set-to-enter-indonesia-with-two-floating-solar-pv-projects/,2026-09-24T21:19:02Z,2026-09-24T21:13:53Z,
idn-project-sutami-construction-plnnp-2026,https://www.plnnusantarapower.co.id/media-relation/press-release/percepat-transisi-energi-bersih-pln-nusantara-power-perkuat-pengembangan-plts-terapung-karangkates,reused,https://web.archive.org/web/20260511090645/https://www.plnnusantarapower.co.id/media-relation/press-release/percepat-transisi-energi-bersih-pln-nusantara-power-perkuat-pengembangan-plts-terapung-karangkates,2026-05-11T09:06:45Z,2026-09-24T15:57:43Z,
idn-project-tanah-laut-plnnp,https://www.plnnusantarapower.co.id/about-us/achievements/green-flagship-projects,reused,https://web.archive.org/web/20260519152024/https://www.plnnusantarapower.co.id/about-us/achievements/green-flagship-projects,2026-05-19T15:20:24Z,2026-09-24T15:57:46Z,
idn-project-tanah-laut-ppa-ptplnnr,https://ptplnnr.com/en/news-and-articles/detail/pjbi-along-with-total-eren-and-adaro-power-sign-a-power-purchase-agreement-with-pln-for-indonesias-first-bess-technology-wind-farm-pltb,reused,https://web.archive.org/web/20260609233824/https://ptplnnr.com/en/news-and-articles/detail/pjbi-along-with-total-eren-and-adaro-power-sign-a-power-purchase-agreement-with-pln-for-indonesias-first-bess-technology-wind-farm-pltb,2026-06-09T23:38:24Z,2026-09-24T15:57:57Z,
idn-world-bank-isle1-2023,https://www.worldbank.org/en/news/press-release/2023/06/26/world-bank-supports-increased-access-to-sustainable-and-lower-cost-electricity-in-eastern-indonesia,reused,https://web.archive.org/web/20260418162921/https://www.worldbank.org/en/news/press-release/2023/06/26/world-bank-supports-increased-access-to-sustainable-and-lower-cost-electricity-in-eastern-indonesia,2026-04-18T16:29:21Z,2026-09-24T19:13:25Z,
idn-world-bank-isle1-technical-assessment-2022,https://documents1.worldbank.org/curated/en/099060223111034380/pdf/P1743500d92d28050b90b0e4ff4b6ea41d.pdf,reused,https://web.archive.org/web/20260417141140/https://documents1.worldbank.org/curated/en/099060223111034380/pdf/P1743500d92d28050b90b0e4ff4b6ea41d.pdf,2026-04-17T14:11:40Z,2026-09-24T19:13:37Z,
sen-aeme-project-08,https://www.aeme.sn/eclairage-efficace-des-batiments/,reused,https://web.archive.org/web/20260515145139/https://www.aeme.sn/eclairage-efficace-des-batiments/,2026-05-15T14:51:39Z,2026-09-24T15:58:38Z,
sen-aeme-project-09,https://www.aeme.sn/eclairage-public-efficace-et-integre/,reused,https://web.archive.org/web/20260606135144/https://www.aeme.sn/eclairage-public-efficace-et-integre/,2026-06-06T13:51:44Z,2026-09-24T15:58:44Z,
sen-aeme-project-10,https://www.aeme.sn/ecofridges/,reused,https://web.archive.org/web/20260606140421/https://www.aeme.sn/ecofridges/,2026-06-06T14:04:21Z,2026-09-24T15:58:48Z,
sen-aeme-project-11,https://www.aeme.sn/mise-niveau-des-batiments/,reused,https://web.archive.org/web/20260515143322/https://www.aeme.sn/mise-niveau-des-batiments/,2026-05-15T14:33:22Z,2026-09-24T15:58:51Z,
sen-aeme-project-12,https://www.aeme.sn/amelioration-des-performances-energetiques-des-stades/,reused,https://web.archive.org/web/20260418094509/https://www.aeme.sn/amelioration-des-performances-energetiques-des-stades/,2026-04-18T09:45:09Z,2026-09-24T15:58:55Z,
sen-aeme-project-13,https://www.aeme.sn/pit/,reused,https://web.archive.org/web/20260515134313/https://www.aeme.sn/pit/,2026-05-15T13:43:13Z,2026-09-24T15:59:05Z,
sen-aeme-project-14,https://www.aeme.sn/analyse-et-optimisation-de-la-facture-de-ladministration/,reused,https://web.archive.org/web/20260515144040/https://www.aeme.sn/analyse-et-optimisation-de-la-facture-de-ladministration/,2026-05-15T14:40:40Z,2026-09-24T15:59:16Z,
sen-aeme-report-2023,https://www.aeme.sn/wp-content/uploads/2025/06/RAPPORT-ANNUEL-2023_compressed.pdf,reused,https://web.archive.org/web/20260606135609/https://www.aeme.sn/wp-content/uploads/2025/06/RAPPORT-ANNUEL-2023_compressed.pdf,2026-06-06T13:56:09Z,2026-09-24T15:59:21Z,
sen-afd-arescaleup-2025,https://www.afd.fr/sites/default/files/2026-01/afd_bilan_are-scale-up_2017-2025_web.pdf,reused,https://web.archive.org/web/20260205200438/https://www.afd.fr/sites/default/files/2026-01/afd_bilan_are-scale-up_2017-2025_web.pdf,2026-02-05T20:04:38Z,2026-09-24T15:59:25Z,
sen-afd-diass-storage,https://www.afd.fr/sites/default/files/2024-06-03-08-52/06_AT_Senelec_Senegal_stockage_FR_OK.pdf,reused,https://web.archive.org/web/20251207194039/https://www.afd.fr/sites/default/files/2024-06-03-08-52/06_AT_Senelec_Senegal_stockage_FR_OK.pdf,2025-12-07T19:40:39Z,2026-09-24T15:59:36Z,
sen-afd-irve-ami12-2026,https://afd.dgmarket.com/tenders/np-notice.do?keywords=&noticeId=107072743,failed,,,2026-09-25T05:18:44Z,save_error: error:no-request
sen-afdb-plan-procurement-2023,https://www.afdb.org/fr/documents/ami-senegal-elaboration-dun-plan-dinvestissement-de-la-transition-energetique-juste-jet-au-senegal-et-renforcement-de-capacites-des-acteurs-nationaux-aetc,failed,,,2026-09-25T05:19:03Z,save_error: error:no-request
sen-aner-archive-agpm-2025,https://data.commoncrawl.org/crawl-data/CC-MAIN-2025-13/segments/1742004432960.46/warc/CC-MAIN-20250316082354-20250316112354-00279.warc.gz,not_applicable,,,2026-09-24T15:59:41Z,"Common Crawl WARC record, not a publisher page"
sen-aner-archive-autonomisation-public-buildings,https://data.commoncrawl.org/crawl-data/CC-MAIN-2023-50/segments/1700679100632.0/warc/CC-MAIN-20231207022257-20231207052257-00050.warc.gz,not_applicable,,,2026-09-24T15:59:41Z,"Common Crawl WARC record, not a publisher page"
sen-aner-archive-d2b,https://data.commoncrawl.org/crawl-data/CC-MAIN-2025-21/segments/1746990726410.98/warc/CC-MAIN-20250525003427-20250525033427-00764.warc.gz,not_applicable,,,2026-09-24T15:59:41Z,"Common Crawl WARC record, not a publisher page"
sen-aner-archive-esipc,https://data.commoncrawl.org/crawl-data/CC-MAIN-2024-51/segments/1733066061339.24/warc/CC-MAIN-20241210132922-20241210162922-00363.warc.gz,not_applicable,,,2026-09-24T15:59:41Z,"Common Crawl WARC record, not a publisher page"
sen-aner-archive-esipc-v4,https://data.commoncrawl.org/crawl-data/CC-MAIN-2025-21/segments/1746990726410.98/warc/CC-MAIN-20250525003427-20250525033427-00884.warc.gz,not_applicable,,,2026-09-24T15:59:41Z,"Common Crawl WARC record, not a publisher page"
sen-aner-archive-gandiaye,https://data.commoncrawl.org/crawl-data/CC-MAIN-2024-51/segments/1733066061339.24/warc/CC-MAIN-20241210132922-20241210162922-00815.warc.gz,not_applicable,,,2026-09-24T15:59:41Z,"Common Crawl WARC record, not a publisher page"
sen-aner-contact-2026,https://www.aner.sn/contact/,reused,https://web.archive.org/web/20260417022313/https://www.aner.sn/contact/,2026-04-17T02:23:13Z,2026-09-24T15:59:41Z,
sen-aner-d2b-live-api,https://aner.sn/api/projects/by-slug/le-solaire-pour-ameliorer-le-secteur-de-la-sante-ziguinchor-sedhiou-kolda,captured,https://web.archive.org/web/20260924211921/https://aner.sn/api/projects/by-slug/le-solaire-pour-ameliorer-le-secteur-de-la-sante-ziguinchor-sedhiou-kolda,2026-09-24T21:19:21Z,2026-09-24T21:13:54Z,
sen-aner-document-catalogue,https://www.aner.sn/api/documents,captured,https://web.archive.org/web/20260924211912/https://www.aner.sn/api/documents,2026-09-24T21:19:12Z,2026-09-24T21:19:08Z,
sen-aner-magazine-2026,https://aner.sn/uploads/magazine-aner-transition-s1-2026.pdf,reused,https://web.archive.org/web/20260518162937/https://aner.sn/uploads/magazine-aner-transition-s1-2026.pdf,2026-05-18T16:29:37Z,2026-09-24T19:14:34Z,
sen-aner-project-20,https://aner.sn/api/projects/by-slug/projet-dhybridation-solaire-de-2000-forages-en-milieu-rural,captured,https://web.archive.org/web/20260924211924/https://aner.sn/api/projects/by-slug/projet-dhybridation-solaire-de-2000-forages-en-milieu-rural,2026-09-24T21:19:24Z,2026-09-24T21:19:23Z,
sen-aner-project-22,https://aner.sn/api/projects/by-slug/utilisation-de-la-refrigeration-solaire-pour-la-conservation-des-produits,captured,https://web.archive.org/web/20260924212431/https://aner.sn/api/projects/by-slug/utilisation-de-la-refrigeration-solaire-pour-la-conservation-des-produits,2026-09-24T21:24:31Z,2026-09-24T21:19:25Z,
sen-aner-project-27,https://aner.sn/api/projects/by-slug/energie-solaire-autonomisation-femmes-rurales-esaref,captured,https://web.archive.org/web/20260924212436/https://aner.sn/api/projects/by-slug/energie-solaire-autonomisation-femmes-rurales-esaref,2026-09-24T21:24:36Z,2026-09-24T21:19:29Z,
sen-aner-project-29,https://aner.sn/api/projects/by-slug/projet-diffusion-pompes-solaires-usages-productifs,captured,https://web.archive.org/web/20260924212536/https://aner.sn/api/projects/by-slug/projet-diffusion-pompes-solaires-usages-productifs,2026-09-24T21:25:36Z,2026-09-24T21:19:39Z,
sen-aner-project-31,https://aner.sn/api/projects/by-slug/phase-iv-programme-national-eclairage-public-solaire,captured,https://web.archive.org/web/20260924212948/https://aner.sn/api/projects/by-slug/phase-iv-programme-national-eclairage-public-solaire,2026-09-24T21:29:48Z,2026-09-24T21:24:46Z,
sen-aner-project-api,https://aner.sn/api/projects,captured,https://web.archive.org/web/20260924212953/https://aner.sn/api/projects,2026-09-24T21:29:53Z,2026-09-24T21:24:51Z,
sen-aner-psd-2025-2029,https://www.aner.sn/uploads/plan_strategique_developpement_aner_2025_2029.pdf,failed,,,2026-09-24T21:25:37Z,save_error: error:gateway-timeout
sen-aner-public-contact-app,https://www.aner.sn/assets/index-D1U9hq9T.js,failed,,,2026-09-24T21:30:03Z,save_error: error:gateway-timeout
sen-aner-rooftop-preliminary-report,https://www.aner.sn/uploads/rapport_final_rooftop_solar_senegal.pdf,captured,https://web.archive.org/web/20260924213009/https://www.aner.sn/uploads/rapport_final_rooftop_solar_senegal.pdf,2026-09-24T21:30:09Z,2026-09-24T21:30:08Z,
sen-aner-wp2-productive-use,https://www.aner.sn/uploads/wp2_upe_giz_senegal_final.pdf,failed,,,2026-09-24T21:30:13Z,save_error: error:gateway-timeout
sen-annex8-project-analysis,https://www.vie-publique.sn/docs/91d17da4-9ebc-472c-bcc2-0192d159188a/annexe-8-analyse-des-projets-plan-dinvestissement-transition-energetique-senegal-enercap.pdf,failed,,,2026-09-24T21:30:19Z,save_error: error:gateway-timeout
sen-arcop-aeepower-decision107-2024,https://arcop.sn/wp-content/uploads/2024/10/DECISION-107-2024-ARCOP-DEF-DU-02-OCTOBRE-2024.pdf,reused,https://web.archive.org/web/20260506210010/https://arcop.sn/wp-content/uploads/2024/10/DECISION-107-2024-ARCOP-DEF-DU-02-OCTOBRE-2024.pdf,2026-05-06T21:00:10Z,2026-09-24T16:03:30Z,
sen-arcop-aeepower-decision138-2024,https://arcop.sn/wp-content/uploads/2025/01/DECISION-N%C2%B0138-2024-du-24-ARCOP-CRD-DEF-du-24-DEC-2024.pdf,reused,https://web.archive.org/web/20260506214819/https://arcop.sn/wp-content/uploads/2025/01/DECISION-N%C2%B0138-2024-du-24-ARCOP-CRD-DEF-du-24-DEC-2024.pdf,2026-05-06T21:48:19Z,2026-09-24T16:03:38Z,
sen-arcop-aser-audit-2023,https://arcop.sn/wp-content/uploads/2025/10/RAPPORT-AGENCE-SENEGALAISE-DELECTRIFICATION-RURALE-ASER-2023-1.pdf,failed,,,2026-09-24T21:30:24Z,save_error: error:not-acceptable
sen-artelia-thiestouba-gbif,https://api.gbif.org/v1/dataset/081fc123-1a65-4d0f-a9a0-a53c939d6727,captured,https://web.archive.org/web/20260924213532/https://api.gbif.org/v1/dataset/081fc123-1a65-4d0f-a9a0-a53c939d6727,2026-09-24T21:35:32Z,2026-09-24T21:30:29Z,
sen-aser-public-contact-app,https://aser.sn/assets/index-Be2S8Jfw.js,captured,https://web.archive.org/web/20260924214041/https://aser.sn/assets/index-Be2S8Jfw.js,2026-09-24T21:40:41Z,2026-09-24T21:35:36Z,
sen-bmn-energy-programme,https://www.bmn.sn/statistiques/environnement-et-efficacite-energetique/,reused,https://web.archive.org/web/20260611042845/https://www.bmn.sn/statistiques/environnement-et-efficacite-energetique/,2026-06-11T04:28:45Z,2026-09-24T16:04:04Z,
sen-bmz-jetp-factsheet,https://www.bmz.de/resource/blob/324366/factsheet-jetp-senegal-en.pdf,captured,https://web.archive.org/web/20260924214045/https://www.bmz.de/resource/blob/324366/factsheet-jetp-senegal-en.pdf,2026-09-24T21:40:45Z,2026-09-24T21:35:41Z,
sen-boad-dakar-office-2026,https://admin.boad.org/wp-content/uploads/2026/05/COMPRESS-INAUGUATION-MRSN-2.pdf,captured,https://web.archive.org/web/20260924214051/https://admin.boad.org/wp-content/uploads/2026/05/COMPRESS-INAUGUATION-MRSN-2.pdf,2026-09-24T21:40:51Z,2026-09-24T21:35:47Z,
sen-boad-linguere-loan-2026,https://admin.boad.org/wp-content/uploads/2026/03/COMPRESS-CA-150-1.pdf,captured,https://web.archive.org/web/20260924214557/https://admin.boad.org/wp-content/uploads/2026/03/COMPRESS-CA-150-1.pdf,2026-09-24T21:45:57Z,2026-09-24T21:40:54Z,
sen-boad-ouarkhokh-esia,https://admin.boad.org/wp-content/uploads/2026/02/Rapport_EIES-Centrale-solaire-Ouarkhokh_Send-Senelec_Huwaei.pdf,failed,,,2026-09-24T21:40:59Z,save_error: error:gateway-timeout
sen-boad-signed-instruments-2024,https://admin.boad.org/wp-content/uploads/2025/06/A05_LISTE-DES-AP-PP-ET-CP-SIGNES-2024.pdf,reused,https://web.archive.org/web/20260305202450/https://admin.boad.org/wp-content/uploads/2025/06/A05_LISTE-DES-AP-PP-ET-CP-SIGNES-2024.pdf,2026-03-05T20:24:50Z,2026-09-24T16:04:58Z,
sen-caa-aner-capacity-065,https://climateactionafrica.ca/fr/projects/renforcement-des-capacites-sur-des-projets-denergies-renouvelables-au-senegal-065/,reused,https://web.archive.org/web/20260609051744/https://climateactionafrica.ca/fr/projects/renforcement-des-capacites-sur-des-projets-denergies-renouvelables-au-senegal-065/,2026-06-09T05:17:44Z,2026-09-25T05:19:25Z,
sen-cetud-biognv-2021,https://cetud.sn/1ere-edition-prix-de-l-innovation-1er-prix-decerne-a-sb2-4all-pour-le-projet-biognv-senegal/,captured,https://web.archive.org/web/20260924214620/https://cetud.sn/1ere-edition-prix-de-l-innovation-1er-prix-decerne-a-sb2-4all-pour-le-projet-biognv-senegal/,2026-09-24T21:46:20Z,2026-09-24T21:41:05Z,
sen-diass-groundbreaking-2026,https://www.senelec.sn/actualites/projet-de-stockage-par-batterie-de-diass/,captured,https://web.archive.org/web/20260924214626/https://www.senelec.sn/actualites/projet-de-stockage-par-batterie-de-diass/,2026-09-24T21:46:26Z,2026-09-24T21:46:12Z,
sen-eib-jetp-launch-2023,https://www.eib.org/en/press/all/2023-242-senegal-and-international-partners-announce-a-just-energy-transition-partnership-combining-climate-and-development-objectives,reused,https://web.archive.org/web/20260827024657/https://www.eib.org/en/press/all/2023-242-senegal-and-international-partners-announce-a-just-energy-transition-partnership-combining-climate-and-development-objectives,2026-08-27T02:46:57Z,2026-09-24T16:05:17Z,
sen-elysee-jetp-launch-2023,https://www.elysee.fr/en/emmanuel-macron/2023/06/22/launch-of-a-just-energy-transition-partnership,reused,https://web.archive.org/web/20260812141000/https://www.elysee.fr/en/emmanuel-macron/2023/06/22/launch-of-a-just-energy-transition-partnership,2026-08-12T14:10:00Z,2026-09-24T16:05:29Z,
sen-energy-compact-2025,https://thedocs.worldbank.org/en/doc/852a120aa85ab5eea4c1d3a176ff84ac-0010012025/original/M300-AES-Compact-Senegal.pdf,reused,https://web.archive.org/web/20260727163813/https://thedocs.worldbank.org/en/doc/852a120aa85ab5eea4c1d3a176ff84ac-0010012025/original/M300-AES-Compact-Senegal.pdf,2026-07-27T16:38:13Z,2026-09-24T16:05:34Z,
sen-energy-policy-2025-2029,https://energie-mines.gouv.sn/wp-content/uploads/2025/07/LPDSEM-2025-2029-_VF_Print.pdf,reused,https://web.archive.org/web/20260823034603/https://energie-mines.gouv.sn/wp-content/uploads/2025/07/LPDSEM-2025-2029-_VF_Print.pdf,2026-08-23T03:46:03Z,2026-09-24T16:05:48Z,
sen-eu-portal,https://international-partnerships.ec.europa.eu/policies/global-gateway/just-energy-transition-partnership-senegal_en,reused,https://web.archive.org/web/20260614000627/https://international-partnerships.ec.europa.eu/policies/global-gateway/just-energy-transition-partnership-senegal_en,2026-06-14T00:06:27Z,2026-09-24T16:05:54Z,
sen-genertec-ouarkhokh-chinese-2026,https://www.intlgt.cn/xwzx/gsxw/202605/t20260526_57364.html,reused,https://web.archive.org/web/20260728162326/https://www.intlgt.cn/xwzx/gsxw/202605/t20260526_57364.html,2026-07-28T16:23:26Z,2026-09-24T19:31:23Z,
sen-giz-ped2-2024,https://www.giz.de/en/downloads/giz2024-fr-programme-energies-durables.pdf,captured,https://web.archive.org/web/20260924215125/https://www.giz.de/en/downloads/giz2024-fr-programme-energies-durables.pdf,2026-09-24T21:51:25Z,2026-09-24T21:46:19Z,
sen-giz-ped2-awards-2025,https://www.giz.de/sites/default/files/media/elvis-document/2025-08/giz2025-de-vertraege-firmen-institutionen.pdf,captured,https://web.archive.org/web/20260924215130/https://www.giz.de/sites/default/files/media/elvis-document/2025-08/giz2025-de-vertraege-firmen-institutionen.pdf,2026-09-24T21:51:30Z,2026-09-24T21:46:46Z,
sen-ifc-biogas-609428,https://disclosures.ifc.org/project-detail/AS/609428/senegal-biogas,captured,https://web.archive.org/web/20260924215137/https://disclosures.ifc.org/project-detail/AS/609428/senegal-biogas,2026-09-24T21:51:37Z,2026-09-24T21:46:53Z,
sen-ifc-cetud-ppp-2025,https://www.ifc.org/fr/pressroom/2025/ifc-and-cetud-expand-partnership-to-improve-sustainable-transport-in-senegal-throu,reused,https://web.archive.org/web/20260415105809/https://www.ifc.org/fr/pressroom/2025/ifc-and-cetud-expand-partnership-to-improve-sustainable-transport-in-senegal-throu,2026-04-15T10:58:09Z,2026-09-24T16:06:41Z,
sen-investment-plan-annexes-mirror,https://www.vie-publique.sn/docs/f003f026-01ff-4996-8959-6d01c9139b91/annexes-plan-dinvestissement-transition-energetique-juste-jetp-senegal-mepm.pdf,captured,https://web.archive.org/web/20260924215641/https://www.vie-publique.sn/docs/f003f026-01ff-4996-8959-6d01c9139b91/annexes-plan-dinvestissement-transition-energetique-juste-jetp-senegal-mepm.pdf,2026-09-24T21:56:41Z,2026-09-24T21:51:39Z,
sen-investment-plan-l4-mirror,https://www.vie-publique.sn/docs/002da0bc-10a7-458c-9111-09accbd0f255/plan-investissement-transition-energetique-juste-jet-senegal-mepm.pdf,captured,https://web.archive.org/web/20260924215646/https://www.vie-publique.sn/docs/002da0bc-10a7-458c-9111-09accbd0f255/plan-investissement-transition-energetique-juste-jet-senegal-mepm.pdf,2026-09-24T21:56:46Z,2026-09-24T21:51:44Z,
sen-isdb-aser-133-award,https://www.isdb.org/project-procurement/sites/pproc/files/2021-10/CPM-Notification%20attribution%20de%20march%C3%A9%20DAO%20BID.PDF,captured,https://web.archive.org/web/20260924215654/https://www.isdb.org/project-procurement/sites/pproc/files/2021-10/CPM-Notification%20attribution%20de%20march%C3%A9%20DAO%20BID.PDF,2026-09-24T21:56:54Z,2026-09-24T21:51:49Z,
sen-kasofor-afd,https://www.afd.fr/fr/projets/kasofor-resilience-des-communautes-insulaires-de-casamance-face-au-changement-climatique,reused,https://web.archive.org/web/20260606141528/https://www.afd.fr/fr/projets/kasofor-resilience-des-communautes-insulaires-de-casamance-face-au-changement-climatique,2026-06-06T14:15:28Z,2026-09-24T16:07:07Z,
sen-kasofor-fondem,https://fondem.ong/kasofor/,reused,https://web.archive.org/web/20260614011012/https://fondem.ong/kasofor/,2026-06-14T01:10:12Z,2026-09-24T19:34:43Z,
sen-mepm-cntic-huawei-contracts-2025,https://energie-mines.gouv.sn/partenariat-senelec-et-huawei/,reused,https://web.archive.org/web/20260118081045/https://energie-mines.gouv.sn/partenariat-senelec-et-huawei/,2026-01-18T08:10:45Z,2026-09-24T16:07:27Z,
sen-mepm-huawei-sites-mou-2026,https://energie-mines.gouv.sn/visite-de-travail-sur-invitation-du-groupe-huawei-technologies-co-ltd/,captured,https://web.archive.org/web/20260924220203/https://energie-mines.gouv.sn/visite-de-travail-sur-invitation-du-groupe-huawei-technologies-co-ltd/,2026-09-24T22:02:03Z,2026-09-24T21:56:56Z,
sen-mepm-ouarkhokh-groundbreaking-2026,https://energie-mines.gouv.sn/pose-de-la-premiere-pierre-de-la-centrale-solaire-photovoltaique-a-linguere-le-senegal-accelere-sa-souverainete-energetique/,reused,https://web.archive.org/web/20260518133851/https://energie-mines.gouv.sn/pose-de-la-premiere-pierre-de-la-centrale-solaire-photovoltaique-a-linguere-le-senegal-accelere-sa-souverainete-energetique/,2026-05-18T13:38:51Z,2026-09-24T16:07:49Z,
sen-mepm-portal-2026,https://energie-mines.gouv.sn/,reused,https://web.archive.org/web/20260610165445/https://energie-mines.gouv.sn/,2026-06-10T16:54:45Z,2026-09-24T16:07:53Z,
sen-mha-sambangalou,https://mha.gouv.sn/barrage-hydroelectrique-de-sambangalou-la-reprise-imminente-des-travaux/,reused,https://web.archive.org/web/20260606023001/https://mha.gouv.sn/barrage-hydroelectrique-de-sambangalou-la-reprise-imminente-des-travaux/,2026-06-06T02:30:01Z,2026-09-24T16:08:06Z,
sen-mha-water-compact-2026,https://www.worldbank.org/content/dam/theworldbankgroupasset/document/2026/water-forward-compacts/Pacte%20Eau%20Senegal_2026_FR.pdf,reused,https://web.archive.org/web/20260805145203/https://www.worldbank.org/content/dam/theworldbankgroupasset/document/2026/water-forward-compacts/Pacte%20Eau%20Senegal_2026_FR.pdf,2026-08-05T14:52:03Z,2026-09-24T16:08:17Z,
sen-mrv-350-villages,https://www.mrvenergy.com/items?lang=en,reused,https://web.archive.org/web/20260517142946/https://www.mrvenergy.com/items?lang=en,2026-05-17T14:29:46Z,2026-09-24T16:08:28Z,
sen-nrgi-jetp-feasibility-2026,https://resourcegovernance.org/publications/faire-du-plan-dinvestissement-jetp-du-senegal-un-cadre-realisable-et-equitable,reused,https://web.archive.org/web/20260129043158/https://resourcegovernance.org/publications/faire-du-plan-dinvestissement-jetp-du-senegal-un-cadre-realisable-et-equitable,2026-01-29T04:31:58Z,2026-09-24T16:08:31Z,
sen-nrgi-territories-2026,https://resourcegovernance.org/fr/publications/voix-des-territoires-experiences-et-defis-de-la-transition-energetique-au-senegal,captured,https://web.archive.org/web/20260924220207/https://resourcegovernance.org/fr/publications/voix-des-territoires-experiences-et-defis-de-la-transition-energetique-au-senegal,2026-09-24T22:02:07Z,2026-09-24T21:57:01Z,
sen-offgrid-africool-mou-2025,https://offgrideurope.com/blog/80rqwqsx8o8gpz34g7ysovciwiwsu0,captured,https://web.archive.org/web/20260924220213/https://offgrideurope.com/blog/80rqwqsx8o8gpz34g7ysovciwiwsu0,2026-09-24T22:02:13Z,2026-09-24T21:57:07Z,
sen-offgrid-muchcooler-eoi-2026,https://offgrideurope.com/blog/expression-of-interest-much-cooler,captured,https://web.archive.org/web/20260924220223/https://offgrideurope.com/blog/expression-of-interest-much-cooler,2026-09-24T22:02:23Z,2026-09-24T22:02:20Z,
sen-offgrid-muchcooler-product,https://offgrideurope.com/products/much-cooler,failed,,,2026-09-24T22:02:25Z,save_error: error:job-failed
sen-omvg-energy-portal,https://www.pe-omvg.org/,reused,https://web.archive.org/web/20260831110126/https://www.pe-omvg.org/,2026-08-31T11:01:26Z,2026-09-24T16:09:11Z,
sen-omvg-project-contact,https://www.pe-omvg.org/node/2,failed,,,2026-09-24T22:02:36Z,save_error: error:no-request
sen-pnb-biogas-model,https://pnb.sn/biogaz/,reused,https://web.archive.org/web/20251216032545/https://pnb.sn/biogaz/,2025-12-16T03:25:45Z,2026-09-24T16:09:23Z,
sen-pnb-financing-partners,https://pnb.sn/nos-activites/partenaires/,reused,https://web.archive.org/web/20260124175232/https://pnb.sn/nos-activites/partenaires/,2026-01-24T17:52:32Z,2026-09-24T16:09:28Z,
sen-pnb-programme,https://pnb.sn/,reused,https://web.archive.org/web/20260410153212/https://pnb.sn/,2026-04-10T15:32:12Z,2026-09-24T16:09:30Z,
sen-political-declaration-fr-2023,https://international-partnerships.ec.europa.eu/system/files/2023-06/political-declaration-for-a-jetp-with-senegal_fr.pdf,captured,https://web.archive.org/web/20260924220740/https://international-partnerships.ec.europa.eu/system/files/2023-06/political-declaration-for-a-jetp-with-senegal_fr.pdf,2026-09-24T22:07:40Z,2026-09-24T22:02:45Z,
sen-rts-huawei-mou-2026,https://www.rts.sn/actualite/detail/a-la-une/linguere-et-koungheul-le-senegal-et-huawei-scellent-un-accord-pour-deux-centrales-solaires-de-50-mw,captured,https://web.archive.org/web/20260924221254/https://www.rts.sn/actualite/detail/a-la-une/linguere-et-koungheul-le-senegal-et-huawei-scellent-un-accord-pour-deux-centrales-solaires-de-50-mw,2026-09-24T22:12:54Z,2026-09-24T22:07:43Z,
sen-scout-aner-fiches-ice,https://www.ice.it/it/sites/default/files/inline-files/ANER_Fiches_Projets_Complet.pdf,captured,https://web.archive.org/web/20260924221255/https://www.ice.it/it/sites/default/files/inline-files/ANER_Fiches_Projets_Complet.pdf,2026-09-24T22:12:55Z,2026-09-24T22:07:49Z,
sen-scout-cesag-aner-thesis,https://bibliotheque.cesag.sn/documents_numeriques/M0599MPSG25.pdf,captured,https://web.archive.org/web/20260924221313/https://bibliotheque.cesag.sn/documents_numeriques/M0599MPSG25.pdf,2026-09-24T22:13:13Z,2026-09-24T22:07:54Z,
sen-scout-clean-cooking-strategy,https://energie-mines.gouv.sn/wp-content/uploads/2025/06/Rapport-Final-Strategie-CD.pdf,reused,https://web.archive.org/web/20260608234447/https://energie-mines.gouv.sn/wp-content/uploads/2025/06/Rapport-Final-Strategie-CD.pdf,2026-06-08T23:44:47Z,2026-09-24T16:09:59Z,
sen-scout-energy-policy-evaluation,https://energie-mines.gouv.sn/wp-content/uploads/2025/05/LPDSE-2019-2023_Rapport-Evaluation-finale_VRevisee2.pdf,reused,https://web.archive.org/web/20260609001959/https://energie-mines.gouv.sn/wp-content/uploads/2025/05/LPDSE-2019-2023_Rapport-Evaluation-finale_VRevisee2.pdf,2026-06-09T00:19:59Z,2026-09-24T16:10:01Z,
sen-scout-genertec-ouarkhokh,https://www.intlgt.cn/en/NewsMedia/Latestnews/202606/t20260616_57438.html,captured,https://web.archive.org/web/20260924221315/https://www.intlgt.cn/en/NewsMedia/Latestnews/202606/t20260616_57438.html,2026-09-24T22:13:15Z,2026-09-24T22:13:09Z,
sen-scout-giz-ped2-project,https://www.giz.de/projektdaten/projects.action?pn=202020998&request_locale=en_GB,captured,https://web.archive.org/web/20260924221406/https://www.giz.de/projektdaten/projects.action?pn=202020998&request_locale=en_GB,2026-09-24T22:14:06Z,2026-09-24T22:13:14Z,
sen-scout-ouarkhokh-par,https://admin.boad.org/wp-content/uploads/2026/02/PAR_Centrale-Solaire_Ouarkhokh_VP_02022026_Send-Senelec_Huwaei.pdf,reused,https://web.archive.org/web/20260616180956/https://admin.boad.org/wp-content/uploads/2026/02/PAR_Centrale-Solaire_Ouarkhokh_VP_02022026_Send-Senelec_Huwaei.pdf,2026-06-16T18:09:56Z,2026-09-24T16:10:17Z,
sen-scout-ouarkhokh-pepp,https://admin.boad.org/wp-content/uploads/2026/02/PEPP-Provisoire_Centrale-solaire_Ouarkhokh.pdf,reused,https://web.archive.org/web/20260616185844/https://admin.boad.org/wp-content/uploads/2026/02/PEPP-Provisoire_Centrale-solaire_Ouarkhokh.pdf,2026-06-16T18:58:44Z,2026-09-24T16:10:28Z,
sen-scout-puelec-commissioning-2025,https://energie-mines.gouv.sn/programme-durgence-delectrification-puelec-medina-kenioto-magnankanti-et-matakoussi-illumines-pour-la-premiere-fois-depuis-lindependance-du-senegal/,reused,https://web.archive.org/web/20260415125120/https://energie-mines.gouv.sn/programme-durgence-delectrification-puelec-medina-kenioto-magnankanti-et-matakoussi-illumines-pour-la-premiere-fois-depuis-lindependance-du-senegal/,2026-04-15T12:51:20Z,2026-09-24T16:10:39Z,
sen-semis-storage-study,https://semis.sn/wordpress/projects/etude-de-faisabilite-pour-limplantation-des-systemes-stockage-batterie-bess-dans-le-reseau-national-du-senegal/,captured,https://web.archive.org/web/20260924221554/https://semis.sn/wordpress/projects/etude-de-faisabilite-pour-limplantation-des-systemes-stockage-batterie-bess-dans-le-reseau-national-du-senegal/,2026-09-24T22:15:54Z,2026-09-24T22:13:15Z,
sen-senego-mobilised-2026,https://senego.com/senegal-le-partenariat-jetp-a-mobilise-moins-dun-milliard-deuros-en-3-ans_1992808.html,reused,https://web.archive.org/web/20260813112732/https://senego.com/senegal-le-partenariat-jetp-a-mobilise-moins-dun-milliard-deuros-en-3-ans_1992808.html,2026-08-13T11:27:32Z,2026-09-24T16:10:47Z,
sen-senelec-agpm-2026-contact,https://www.senelec.sn/media/marches/documents/AVIS_GENERAL_-_2026_VF.pdf,captured,https://web.archive.org/web/20260924221550/https://www.senelec.sn/media/marches/documents/AVIS_GENERAL_-_2026_VF.pdf,2026-09-24T22:15:50Z,2026-09-24T22:13:37Z,
sen-senelec-annual-report-2023,https://www.senelec.sn/media/rapports/pdf/rapport-annuel-senelec-2023-vf-ok1745314522.pdf,failed,,,2026-09-24T22:14:23Z,save_error: error:gateway-timeout
sen-senelec-annual-report-2024,https://www.senelec.sn/media/rapports/pdf/rapport-annuel-senelec-20241760024319_1.pdf,captured,https://web.archive.org/web/20260924222059/https://www.senelec.sn/media/rapports/pdf/rapport-annuel-senelec-20241760024319_1.pdf,2026-09-24T22:20:59Z,2026-09-24T22:15:52Z,
sen-senelec-huawei-mou-social,https://fr.linkedin.com/posts/senelecofficielle_senelec-energy-senegal-activity-7493684231382962176-uODO,captured,https://web.archive.org/web/20260924222141/https://fr.linkedin.com/posts/senelecofficielle_senelec-energy-senegal-activity-7493684231382962176-uODO,2026-09-24T22:21:41Z,2026-09-24T22:15:58Z,
sen-senelec-ppm-2026-v2,https://www.senelec.sn/media/marches/documents/PPM_SENELEC_2026_VERSION_2_VALIDE_LE_13_03_2026.pdf,failed,,,2026-09-24T22:16:25Z,save_error: error:gateway-timeout
sen-senelec-procurement-2026,https://www.senelec.sn/marches/passation/?tab=appels,captured,https://web.archive.org/web/20260924222129/https://www.senelec.sn/marches/passation/?tab=appels,2026-09-24T22:21:29Z,2026-09-24T22:21:13Z,
sen-senelec-reports-index,https://www.senelec.sn/rapports/,reused,https://web.archive.org/web/20260612015538/https://www.senelec.sn/rapports/,2026-06-12T01:55:38Z,2026-09-24T16:11:35Z,
sen-senelec-saloum-tender-2026,https://www.senelec.sn/media/marches/appels/Avis_AO_30-_2026_PREQUALIFICATION_VF.pdf,failed,,,2026-09-24T22:21:23Z,save_error: error:gateway-timeout
sen-senelec-thies-touba-par,https://tenders-afd.dgmarket.com/tenders/np-notice.do?noticeId=86609882,failed,,,2026-09-24T22:21:51Z,save_error: error:no-request
sen-swedfund-biofuels,https://www.swedfund.se/en/investments-and-projects/biofuels-senegal,captured,https://web.archive.org/web/20260924222715/https://www.swedfund.se/en/investments-and-projects/biofuels-senegal,2026-09-24T22:27:15Z,2026-09-24T22:22:00Z,
sen-uasz-vev-thesis-2024,https://rivieresdusud.uasz.sn/bitstream/handle/123456789/2405/badiane_memoire_2024.pdf?sequence=1,failed,,,2026-09-24T22:27:03Z,save_error: error:no-captures
sen-uk-jetp-launch-2023,https://www.gov.uk/government/news/senegal-and-the-international-partners-group-announce-just-energy-transition-partnership,reused,https://web.archive.org/web/20260826170935/https://www.gov.uk/government/news/senegal-and-the-international-partners-group-announce-just-energy-transition-partnership,2026-08-26T17:09:35Z,2026-09-24T16:12:05Z,
sen-vemar-fass-ngom,https://www.vemargroup.com/energies-renouvelables.html,failed,,,2026-09-24T22:27:18Z,save_error: error:job-failed
vnm-decision-1009-2023,https://jetp.moit.gov.vn/Images/User/quantri/2025/3/1009_qd-ttg_31082023_trong_tor.pdf,reused,https://web.archive.org/web/20260225022538/https://jetp.moit.gov.vn/Images/User/quantri/2025/3/1009_qd-ttg_31082023_trong_tor.pdf,2026-02-25T02:25:38Z,2026-09-24T16:12:10Z,
vnm-decision-458-2026,https://datafiles.chinhphu.vn/cpp/files/vbpq/2026/3/458-ttg.signed.pdf,reused,https://web.archive.org/web/20260330183222/https://datafiles.chinhphu.vn/cpp/files/vbpq/2026/3/458-ttg.signed.pdf,2026-03-30T18:32:22Z,2026-09-24T16:12:12Z,
vnm-eeas-jetp-project-progress-2025,https://www.eeas.europa.eu/jetp-vn-jul2025_en?s=184,reused,https://web.archive.org/web/20251005052735/https://www.eeas.europa.eu/jetp-vn-jul2025_en?s=184,2025-10-05T05:27:35Z,2026-09-24T16:12:23Z,
vnm-eib-bac-ai-package-2025,https://www.eib.org/en/press/all/2025-377-eu-reinforces-support-for-vietnam-s-just-energy-transition-with-eur430-million-package,reused,https://web.archive.org/web/20251116114315/https://www.eib.org/en/press/all/2025-377-eu-reinforces-support-for-vietnam-s-just-energy-transition-with-eur430-million-package,2025-11-16T11:43:15Z,2026-09-24T16:12:32Z,
vnm-evn-afd-transmission-2025,https://en.evn.com.vn/d/en-US/news/EVNNPT-and-AFD-sign-67-million-financing-agreement-to-strengthen-Vietnams-power-transmission-network-60-12-500732,reused,https://web.archive.org/web/20260608050736/https://en.evn.com.vn/d/en-US/news/EVNNPT-and-AFD-sign-67-million-financing-agreement-to-strengthen-Vietnams-power-transmission-network-60-12-500732,2026-06-08T05:07:36Z,2026-09-24T16:12:35Z,
vnm-evn-cdp-bac-ai-2025,https://en.evn.com.vn/d/en-US/news/EVN-and-Italys-CDP-sign-letter-of-intent-on-Vietnams-first-pumped-storage-hydropower-project-60-12-500957,reused,https://web.archive.org/web/20251016123139/https://en.evn.com.vn/d/en-US/news/EVN-and-Italys-CDP-sign-letter-of-intent-on-Vietnams-first-pumped-storage-hydropower-project-60-12-500957,2025-10-16T12:31:39Z,2026-09-24T16:12:39Z,
vnm-evn-kfw-tri-an-2025,https://en.evn.com.vn/d/en-US/news/EVN-signs-65-million-loan-agreement-for-Tri-An-Hydropower-Plant-Expansion-Project-60-12-500802,reused,https://web.archive.org/web/20260306090950/https://en.evn.com.vn/d/en-US/news/EVN-signs-65-million-loan-agreement-for-Tri-An-Hydropower-Plant-Expansion-Project-60-12-500802,2026-03-06T09:09:50Z,2026-09-24T16:12:43Z,
vnm-moit-newsletter-01-2025-03,https://jetp.moit.gov.vn/Images/User/quantri/2025/5/ban_tin_so_1-thang_3.pdf,failed,,,2026-09-24T22:27:39Z,save_error: error:gateway-timeout
vnm-moit-newsletter-02-2025-04,https://jetp.moit.gov.vn/Images/User/quantri/2025/5/ban_tin_so_2_-_thang_4_-_update.pdf,failed,,,2026-09-24T22:27:40Z,save_error: error:gateway-timeout
vnm-moit-newsletter-03-2025-05,https://jetp.moit.gov.vn/Images/User/ngocanh/2025/6/newsletter_no.3_vie_18.6.pdf,failed,,,2026-09-24T22:27:49Z,save_error: error:gateway-timeout
vnm-moit-newsletter-04-2025-06,https://jetp.moit.gov.vn/Images/User/ngocanh/2025/7/tin_so_4_vie-7-14.pdf,failed,,,2026-09-24T22:28:11Z,save_error: error:gateway-timeout
vnm-moit-newsletter-05-2025-07,https://jetp.moit.gov.vn/Images/User/ngocanh/2025/8/tin_so_5_vie_0408.pdf,failed,,,2026-09-24T22:28:17Z,save_error: error:gateway-timeout
vnm-moit-newsletter-06-2025-08,https://jetp.moit.gov.vn/Images/User/ngocanh/2025/9/tin_so_6_vie.pdf,failed,,,2026-09-24T22:28:22Z,save_error: error:gateway-timeout
vnm-moit-newsletter-07-2025-09,https://jetp.moit.gov.vn/Images/User/halinh/2025/10/tin_so_7_vie_1.pdf,failed,,,2026-09-24T22:28:36Z,save_error: error:gateway-timeout
vnm-moit-newsletter-08-2025-10,https://jetp.moit.gov.vn/Images/User/halinh/2025/11/tin_so_8_vie.pdf,failed,,,2026-09-24T22:33:54Z,save_error: error:gateway-timeout
vnm-moit-newsletter-09-2025-11,https://jetp.moit.gov.vn/Images/User/ngocanh/2025/12/ban_tin_jetp_viet_nam_so_9.pdf,failed,,,2026-09-24T22:34:00Z,save_error: error:gateway-timeout
vnm-moit-newsletter-10-2025-12,https://jetp.moit.gov.vn/Images/User/ngocanh/2026/1/tin_so_10_vie.pdf,failed,,,2026-09-24T22:34:06Z,save_error: error:gateway-timeout
vnm-moit-newsletter-11-2026-01,https://jetp.moit.gov.vn/Images/User/ngocanh/2026/2/bantin1_(2).pdf,failed,,,2026-09-24T22:34:24Z,save_error: error:gateway-timeout
vnm-moit-newsletter-12-2026-02,https://jetp.moit.gov.vn/Images/User/ngocanh/2026/3/ban_tin_jetp_so_12-thang_2.2026_vie-da_nen.pdf,captured,https://web.archive.org/web/20260924223946/https://jetp.moit.gov.vn/Images/User/ngocanh/2026/3/ban_tin_jetp_so_12-thang_2.2026_vie-da_nen.pdf,2026-09-24T22:39:46Z,2026-09-24T22:34:43Z,
vnm-moit-newsletter-13-2026-03,https://jetp.moit.gov.vn/Images/User/ngocanh/2026/4/ban_tin_so_13__vie_(1).pdf,failed,,,2026-09-24T22:34:48Z,save_error: error:gateway-timeout
vnm-moit-portal,https://jetp.moit.gov.vn/,reused,https://web.archive.org/web/20260824182513/https://jetp.moit.gov.vn/,2026-08-24T18:25:13Z,2026-09-24T16:14:02Z,
vnm-moit-project-bac-ai,https://jetp.moit.gov.vn/chi-tiet-du-an/?id=15,captured,https://web.archive.org/web/20260924224010/https://jetp.moit.gov.vn/chi-tiet-du-an/?id=15,2026-09-24T22:40:10Z,2026-09-24T22:39:54Z,
vnm-moit-project-binh-duong-dong-nai,https://jetp.moit.gov.vn/chi-tiet-du-an/?id=14,captured,https://web.archive.org/web/20260924224027/https://jetp.moit.gov.vn/chi-tiet-du-an/?id=14,2026-09-24T22:40:27Z,2026-09-24T22:40:00Z,
vnm-moit-project-index-2026,https://jetp.moit.gov.vn/du-an/,captured,https://web.archive.org/web/20260924224032/https://jetp.moit.gov.vn/du-an/,2026-09-24T22:40:32Z,2026-09-24T22:40:05Z,
vnm-moit-project-tri-an,https://jetp.moit.gov.vn/chi-tiet-du-an/?id=4,captured,https://web.archive.org/web/20260924224547/https://jetp.moit.gov.vn/chi-tiet-du-an/?id=4,2026-09-24T22:45:47Z,2026-09-24T22:40:32Z,
vnm-rmp-2023,https://climate.ec.europa.eu/system/files/2023-12/RMP_Viet%20Nam_Eng_%28Final%20to%20publication%29.pdf,reused,https://web.archive.org/web/20260828125359/https://climate.ec.europa.eu/system/files/2023-12/RMP_Viet%20Nam_Eng_%28Final%20to%20publication%29.pdf,2026-08-28T12:53:59Z,2026-09-24T16:14:30Z,
vnm-rmp-2023-vi,https://jetp.moit.gov.vn/Images/User/quantri/2025/3/2._bao_cao_dai_tieng_viet-_30.11-sua-da_nen.pdf,captured,https://web.archive.org/web/20260924224559/https://jetp.moit.gov.vn/Images/User/quantri/2025/3/2._bao_cao_dai_tieng_viet-_30.11-sua-da_nen.pdf,2026-09-24T22:45:59Z,2026-09-24T22:40:49Z,
zaf-afd-jet-policy-loan-2024,https://www.afd.fr/en/projects/supporting-just-dimensions-south-africas-just-energy-transition,reused,https://web.archive.org/web/20260614001502/https://www.afd.fr/en/projects/supporting-just-dimensions-south-africas-just-energy-transition,2026-06-14T00:15:02Z,2026-09-24T16:14:37Z,
zaf-afdb-jet-funding-platform,https://www.afdb.org/en/projects-and-operations/p-za-i00-013,failed,,,2026-09-25T05:19:32Z,save_error: error:no-request
zaf-dbsa-ntcsa-transmission,https://www.dbsa.org/press-releases/dbsa-and-ntcsa-accelerate-sas-transmission-network-expansion,reused,https://web.archive.org/web/20260801063725/https://www.dbsa.org/press-releases/dbsa-and-ntcsa-accelerate-sas-transmission-network-expansion,2026-08-01T06:37:25Z,2026-09-24T16:14:40Z,
zaf-dtic-parliament-nev-2025,https://pmg.org.za/committee-question/33886/,captured,https://web.archive.org/web/20260924224558/https://pmg.org.za/committee-question/33886/,2026-09-24T22:45:58Z,2026-09-24T22:42:06Z,
zaf-eepbip-giz-profile-2023,https://www.giz.de/en/downloads/giz2023-en-EEPBIP.pdf,failed,,,2026-09-24T22:46:04Z,save_error: error:gateway-timeout
zaf-eepbip-maf,https://mitigation-action.org/projects/south-africa-public-buildings-and-infrastructure/,reused,https://web.archive.org/web/20260422181511/https://mitigation-action.org/projects/south-africa-public-buildings-and-infrastructure/,2026-04-22T18:15:11Z,2026-09-24T16:14:49Z,
zaf-eepbip-portal,https://www.eepbip.org.za/,reused,https://web.archive.org/web/20251204112436/https://www.eepbip.org.za/,2025-12-04T11:24:36Z,2026-09-24T16:14:51Z,
zaf-eib-dbsa-renewables-2024,https://www.eib.org/en/press/all/2024-329-eib-and-development-bank-of-southern-africa-increase-support-for-private-sector-renewable-energy-to-eur-600-million-zar-11-9-billion,reused,https://web.archive.org/web/20260521084555/https://www.eib.org/en/press/all/2024-329-eib-and-development-bank-of-southern-africa-increase-support-for-private-sector-renewable-energy-to-eur-600-million-zar-11-9-billion,2026-05-21T08:45:55Z,2026-09-24T16:14:53Z,
zaf-eu-jetp-country-page,https://international-partnerships.ec.europa.eu/policies/global-gateway/just-energy-transition-partnership-south-africa-0_en,reused,https://web.archive.org/web/20260611133214/https://international-partnerships.ec.europa.eu/policies/global-gateway/just-energy-transition-partnership-south-africa-0_en,2026-06-11T13:32:14Z,2026-09-24T16:14:59Z,
zaf-fcdo-jetp-programme-301523,https://devtracker.fcdo.gov.uk/programme/GB-GOV-1-301523/summary,captured,https://web.archive.org/web/20260924224621/https://devtracker.fcdo.gov.uk/programme/GB-GOV-1-301523/summary,2026-09-24T22:46:21Z,2026-09-24T22:46:09Z,
zaf-growth-gateway-devtracker-300812,https://devtracker.fcdo.gov.uk/programme/GB-GOV-1-300812/summary,reused,https://web.archive.org/web/20260218090231/https://devtracker.fcdo.gov.uk/programme/GB-GOV-1-300812/summary,2026-02-18T09:02:31Z,2026-09-24T16:15:09Z,
zaf-growth-gateway-report-2026,https://assets.publishing.service.gov.uk/media/6a8409833be22055c1aaa3fd/South_Africa_SMME_JET_Deal_Accelerator_-_Blueprint_for_scaling_SMMEs_in_Mpumalanga.pdf,captured,https://web.archive.org/web/20260924225143/https://assets.publishing.service.gov.uk/media/6a8409833be22055c1aaa3fd/South_Africa_SMME_JET_Deal_Accelerator_-_Blueprint_for_scaling_SMMEs_in_Mpumalanga.pdf,2026-09-24T22:51:43Z,2026-09-24T22:46:20Z,
zaf-jet-grants-faq-2024,https://justenergytransition.co.za/wp-content/uploads/2024/10/Grants-register-FAQs.pdf,captured,https://web.archive.org/web/20260924224636/https://justenergytransition.co.za/wp-content/uploads/2024/10/Grants-register-FAQs.pdf,2026-09-24T22:46:36Z,2026-09-24T22:46:25Z,
zaf-jet-grants-faq-2025-q1,https://justenergytransition.co.za/wp-content/uploads/2025/03/GrantsRegisterFrequentlyAskedQuestions-Published2025Q1.pdf,captured,https://web.archive.org/web/20260924225148/https://justenergytransition.co.za/wp-content/uploads/2025/03/GrantsRegisterFrequentlyAskedQuestions-Published2025Q1.pdf,2026-09-24T22:51:48Z,2026-09-24T22:46:42Z,
zaf-jet-grants-register-2023-q3,https://justenergytransition.co.za/wp-content/uploads/2024/11/JET-2023Q3Register.pdf,captured,https://web.archive.org/web/20260924225159/https://justenergytransition.co.za/wp-content/uploads/2024/11/JET-2023Q3Register.pdf,2026-09-24T22:51:59Z,2026-09-24T22:46:51Z,
zaf-jet-grants-register-2024-q2,https://justenergytransition.co.za/wp-content/uploads/2024/10/JET-Grants-Register-2024Q1-2024Q2.pdf,captured,https://web.archive.org/web/20260924225208/https://justenergytransition.co.za/wp-content/uploads/2024/10/JET-Grants-Register-2024Q1-2024Q2.pdf,2026-09-24T22:52:08Z,2026-09-24T22:51:57Z,
zaf-jet-grants-register-2024-q3,https://justenergytransition.co.za/wp-content/uploads/2024/11/JET-Grants-Register-2024Q1-2024Q3-Published-Final.-xlsx.xlsx,captured,https://web.archive.org/web/20260924225223/https://justenergytransition.co.za/wp-content/uploads/2024/11/JET-Grants-Register-2024Q1-2024Q3-Published-Final.-xlsx.xlsx,2026-09-24T22:52:23Z,2026-09-24T22:52:03Z,
zaf-jet-grants-register-2025-q1,https://justenergytransition.co.za/wp-content/uploads/2025/03/JETGrantsRegister2025Q1-Published.xlsx,captured,https://web.archive.org/web/20260924225218/https://justenergytransition.co.za/wp-content/uploads/2025/03/JETGrantsRegister2025Q1-Published.xlsx,2026-09-24T22:52:18Z,2026-09-24T22:52:08Z,
zaf-jet-grants-storyline-2025-q1,https://justenergytransition.co.za/wp-content/uploads/2025/03/JETGrantsRegisterStoryline-Published.pdf,reused,https://web.archive.org/web/20260517120515/https://justenergytransition.co.za/wp-content/uploads/2025/03/JETGrantsRegisterStoryline-Published.pdf,2026-05-17T12:05:15Z,2026-09-24T16:15:34Z,
zaf-jet-implementation-plan-2023-2027,https://justenergytransition.co.za/wp-content/uploads/2024/10/JET-Implementation-Plan-2023-2027-1.pdf,reused,https://web.archive.org/web/20260831114354/https://justenergytransition.co.za/wp-content/uploads/2024/10/JET-Implementation-Plan-2023-2027-1.pdf,2026-08-31T11:43:54Z,2026-09-24T16:15:38Z,
zaf-jet-investment-register-q1-2026,https://justenergytransition.co.za/jet-investment-register-dashboard,reused,https://web.archive.org/web/20260311164814/https://justenergytransition.co.za/jet-investment-register-dashboard,2026-03-11T16:48:14Z,2026-09-24T16:15:41Z,
zaf-jet-ip-2023-2027,https://justenergytransition.co.za/wp-content/uploads/2024/10/South-Africas-Just-Energy-Transition-Investment-Plan-JET-IP-2023-2027-FINAL-1.pdf,reused,https://web.archive.org/web/20260907132302/https://justenergytransition.co.za/wp-content/uploads/2024/10/South-Africas-Just-Energy-Transition-Investment-Plan-JET-IP-2023-2027-FINAL-1.pdf,2026-09-07T13:23:02Z,2026-09-24T16:15:48Z,
zaf-jet-pmu-news,https://justenergytransition.co.za/news,reused,https://web.archive.org/web/20260517124846/https://justenergytransition.co.za/news,2026-05-17T12:48:46Z,2026-09-24T16:15:50Z,
zaf-jet-pmu-projects,https://justenergytransition.co.za/projects,reused,https://web.archive.org/web/20260214222346/https://justenergytransition.co.za/projects,2026-02-14T22:23:46Z,2026-09-24T16:15:55Z,
zaf-jet-pmu-resource-hub,https://justenergytransition.co.za/resource-hub,reused,https://web.archive.org/web/20260529145050/https://justenergytransition.co.za/resource-hub,2026-05-29T14:50:50Z,2026-09-24T16:15:57Z,
zaf-jet-quarterly-2024-q3,https://justenergytransition.co.za/wp-content/uploads/2024/12/Just-Energy-Transition_Progress-Report-v2.pdf,reused,https://web.archive.org/web/20260612212836/https://justenergytransition.co.za/wp-content/uploads/2024/12/Just-Energy-Transition_Progress-Report-v2.pdf,2026-06-12T21:28:36Z,2026-09-24T16:15:59Z,
zaf-jet-quarterly-2024-q4,https://justenergytransition.co.za/wp-content/uploads/2025/02/Just-Energy-Transition_Progress-Report-December-2024Final-1.pdf,captured,https://web.archive.org/web/20260924225734/https://justenergytransition.co.za/wp-content/uploads/2025/02/Just-Energy-Transition_Progress-Report-December-2024Final-1.pdf,2026-09-24T22:57:34Z,2026-09-24T22:52:22Z,
zaf-jet-quarterly-2025-q1,https://justenergytransition.co.za/wp-content/uploads/2025/04/JetQuarterly31March2025.pdf,reused,https://web.archive.org/web/20260311154216/https://justenergytransition.co.za/wp-content/uploads/2025/04/JetQuarterly31March2025.pdf,2026-03-11T15:42:16Z,2026-09-24T16:16:10Z,
zaf-jet-quarterly-2025-q2,https://justenergytransition.co.za/wp-content/uploads/2025/08/Jet-IP-Quarterly-Report-30-June-2025-1.pdf,reused,https://web.archive.org/web/20260517113211/https://justenergytransition.co.za/wp-content/uploads/2025/08/Jet-IP-Quarterly-Report-30-June-2025-1.pdf,2026-05-17T11:32:11Z,2026-09-24T16:16:13Z,
zaf-jet-quarterly-2025-q3,https://justenergytransition.co.za/wp-content/uploads/2025/11/Jet-Quarterly-30-Sep-2025-Revised.pdf,captured,https://web.archive.org/web/20260924225739/https://justenergytransition.co.za/wp-content/uploads/2025/11/Jet-Quarterly-30-Sep-2025-Revised.pdf,2026-09-24T22:57:39Z,2026-09-24T22:52:33Z,
zaf-jet-quarterly-2025-q4,https://justenergytransition.co.za/wp-content/uploads/2026/03/JET-IP-Quarterly-Report-31-December-2025.pdf,reused,https://web.archive.org/web/20260517122700/https://justenergytransition.co.za/wp-content/uploads/2026/03/JET-IP-Quarterly-Report-31-December-2025.pdf,2026-05-17T12:27:00Z,2026-09-24T16:16:21Z,
zaf-jet-quarterly-2026-q1,https://justenergytransition.co.za/wp-content/uploads/2026/06/JET-IP-2026-Q1-Progress-Report-final.pdf,captured,https://web.archive.org/web/20260924225744/https://justenergytransition.co.za/wp-content/uploads/2026/06/JET-IP-2026-Q1-Progress-Report-final.pdf,2026-09-24T22:57:44Z,2026-09-24T22:52:39Z,
zaf-jet-us-withdrawal-2025,https://justenergytransition.co.za/wp-content/uploads/2025/03/20250306_SouthAfricasJustEnergyTransitionProjectManagementUnitAcknowledgestheUnitesStatesWithdrawalfromtheJustEnergyTransitionPartnership.pdf,reused,https://web.archive.org/web/20260909053613/https://justenergytransition.co.za/wp-content/uploads/2025/03/20250306_SouthAfricasJustEnergyTransitionProjectManagementUnitAcknowledgestheUnitesStatesWithdrawalfromtheJustEnergyTransitionPartnership.pdf,2026-09-09T05:36:13Z,2026-09-24T16:16:28Z,
zaf-jetp-leaders-2022,https://www.gov.uk/government/publications/advancing-the-south-africa-just-energy-transition-partnership-12-month-progress-update/twelve-month-update-on-progress-in-advancing-the-south-africa-just-energy-transition-partnership,reused,https://web.archive.org/web/20260214141353/https://www.gov.uk/government/publications/advancing-the-south-africa-just-energy-transition-partnership-12-month-progress-update/twelve-month-update-on-progress-in-advancing-the-south-africa-just-energy-transition-partnership,2026-02-14T14:13:53Z,2026-09-24T16:16:31Z,
zaf-jetp-leaders-2023,https://www.gov.uk/government/news/advancing-the-south-africa-just-energy-transition-partnership,reused,https://web.archive.org/web/20260416031635/https://www.gov.uk/government/news/advancing-the-south-africa-just-energy-transition-partnership,2026-04-16T03:16:35Z,2026-09-24T16:16:36Z,
zaf-jetp-leaders-2024,https://www.gov.uk/government/news/twelve-month-just-energy-transition-partnership-leaders-update-for-2024,reused,https://web.archive.org/web/20260812223039/https://www.gov.uk/government/news/twelve-month-just-energy-transition-partnership-leaders-update-for-2024,2026-08-12T22:30:39Z,2026-09-24T16:16:38Z,
zaf-jetp-leaders-2025,https://www.gov.uk/government/news/12-month-just-energy-transition-partnership-leaders-update-2025,reused,https://web.archive.org/web/20260430231603/https://www.gov.uk/government/news/12-month-just-energy-transition-partnership-leaders-update-2025,2026-04-30T23:16:03Z,2026-09-24T16:16:41Z,
zaf-jetp-leaders-2025-annex,https://assets.publishing.service.gov.uk/media/6932910acdec734f4dff42af/Annex_-_IPG_Project_Updates_2025.pdf,reused,https://web.archive.org/web/20260208170819/https://assets.publishing.service.gov.uk/media/6932910acdec734f4dff42af/Annex_-_IPG_Project_Updates_2025.pdf,2026-02-08T17:08:19Z,2026-09-24T16:16:43Z,
zaf-jetp-political-declaration-2021,https://www.bundesregierung.de/resource/blob/974430/1974538/b2264555c87d8cbdd97bd1eb8b16387a/political-declaration-on-the-just-energy-transition-in-south-africa-data.pdf?download=1,reused,https://web.archive.org/web/20260811143055/https://www.bundesregierung.de/resource/blob/974430/1974538/b2264555c87d8cbdd97bd1eb8b16387a/political-declaration-on-the-just-energy-transition-in-south-africa-data.pdf?download=1,2026-08-11T14:30:55Z,2026-09-24T22:57:48Z,
zaf-kfw-jetp-project-profile,https://www.kfw-entwicklungsbank.de/Global/Subsahara-Africa/PI-Just-energy-transition-South-Africa/,reused,https://web.archive.org/web/20260513003844/https://www.kfw-entwicklungsbank.de/Global/Subsahara-Africa/PI-Just-energy-transition-South-Africa/,2026-05-13T00:38:44Z,2026-09-24T16:17:00Z,
zaf-murp-afdb-2026,https://www.afdb.org/en/news-and-events/african-development-bank-approves-400-million-loan-support-municipal-utility-reform-south-africas-mpumalanga-province-95536,reused,https://web.archive.org/web/20260719071725/https://www.afdb.org/en/news-and-events/african-development-bank-approves-400-million-loan-support-municipal-utility-reform-south-africas-mpumalanga-province-95536,2026-07-19T07:17:25Z,2026-09-25T05:19:37Z,
zaf-ntcsa-transmission-plans,https://www.ntcsa.co.za/transmission-development-plans-tdp/,reused,https://web.archive.org/web/20251113123414/https://www.ntcsa.co.za/transmission-development-plans-tdp/,2025-11-13T12:34:14Z,2026-09-24T16:17:05Z,
zaf-pcc-jet-ip,https://www.climatecommission.org.za/south-africas-jet-ip,reused,https://web.archive.org/web/20260903051837/https://www.climatecommission.org.za/south-africas-jet-ip,2026-09-03T05:18:37Z,2026-09-24T16:17:17Z,
zaf-project-cape-town-grid-uk-pact,https://justenergytransition.co.za/project/city-of-cape-town-grid-regulation-uk-pact-skill-share,reused,https://web.archive.org/web/20260612202626/https://justenergytransition.co.za/project/city-of-cape-town-grid-regulation-uk-pact-skill-share,2026-06-12T20:26:26Z,2026-09-24T16:17:19Z,
zaf-project-cpd4e-germany,https://justenergytransition.co.za/project/south-african-german-energy-programme-sagen,reused,https://web.archive.org/web/20260612212548/https://justenergytransition.co.za/project/south-african-german-energy-programme-sagen,2026-06-12T21:25:48Z,2026-09-24T16:17:24Z,
zaf-project-energy-one-stop-shop-uk-pact,https://justenergytransition.co.za/project/energy-one-stop-shop-uk-pact-skill-share-supporting-south-africas-just-energy-transition,reused,https://web.archive.org/web/20260311160556/https://justenergytransition.co.za/project/energy-one-stop-shop-uk-pact-skill-share-supporting-south-africas-just-energy-transition,2026-03-11T16:05:56Z,2026-09-24T16:17:30Z,
zaf-project-h2sa-ptx-hub-germany,https://justenergytransition.co.za/project/promoting-the-development-of-a-green-hydrogen-sector-in-south-africa-h2-sa-and-international-ptx-hub-south-africa,reused,https://web.archive.org/web/20260612211716/https://justenergytransition.co.za/project/promoting-the-development-of-a-green-hydrogen-sector-in-south-africa-h2-sa-and-international-ptx-hub-south-africa,2026-06-12T21:17:16Z,2026-09-24T16:17:41Z,
zaf-project-just-sa-germany,https://justenergytransition.co.za/project/just-transition-to-a-decarbonised-economy-for-south-africa-just-sa,reused,https://web.archive.org/web/20260612210935/https://justenergytransition.co.za/project/just-transition-to-a-decarbonised-economy-for-south-africa-just-sa,2026-06-12T21:09:35Z,2026-09-24T16:17:45Z,
zaf-project-just-transition-framework-france,https://justenergytransition.co.za/project/implementation-of-the-just-transitions-framework-france,reused,https://web.archive.org/web/20260612211736/https://justenergytransition.co.za/project/implementation-of-the-just-transitions-framework-france,2026-06-12T21:17:36Z,2026-09-24T16:17:49Z,
zaf-project-lessons-best-practices-uk,https://justenergytransition.co.za/project/distilling-the-just-energy-transition-in-south-africa-lessons-learned-and-best-practices-uk,reused,https://web.archive.org/web/20260612211108/https://justenergytransition.co.za/project/distilling-the-just-energy-transition-in-south-africa-lessons-learned-and-best-practices-uk,2026-06-12T21:11:08Z,2026-09-24T16:17:54Z,
zaf-project-mining-ghost-towns-france,https://justenergytransition.co.za/project/revitalisation-of-mining-ghost-towns-france,reused,https://web.archive.org/web/20260612203643/https://justenergytransition.co.za/project/revitalisation-of-mining-ghost-towns-france,2026-06-12T20:36:43Z,2026-09-24T16:18:05Z,
zaf-project-mpumalanga-pathways-uk,https://justenergytransition.co.za/project/mapping-mitigation-and-adaptation-pathways-for-mpumalanga-uk,reused,https://web.archive.org/web/20260618200951/https://justenergytransition.co.za/project/mapping-mitigation-and-adaptation-pathways-for-mpumalanga-uk,2026-06-18T20:09:51Z,2026-09-24T16:18:18Z,
zaf-project-nomzamo-agri-village,https://justenergytransition.co.za/project/sustainable-local-development-in-nomzamo-agri-village-ermelo-mpumalanga,reused,https://web.archive.org/web/20260418042257/https://justenergytransition.co.za/project/sustainable-local-development-in-nomzamo-agri-village-ermelo-mpumalanga,2026-04-18T04:22:57Z,2026-09-24T16:18:25Z,
zaf-project-report-nomzamo-2025,https://justenergytransition.co.za/wp-content/uploads/2025/07/ASDU_Impact-Case-Study_Nomzamo-Agricultural-Village.pdf,reused,https://web.archive.org/web/20251127111349/https://justenergytransition.co.za/wp-content/uploads/2025/07/ASDU_Impact-Case-Study_Nomzamo-Agricultural-Village.pdf,2025-11-27T11:13:49Z,2026-09-24T16:18:30Z,
zaf-project-sagen-germany,https://justenergytransition.co.za/project/south-african-german-energy-programme-sagen-2,reused,https://web.archive.org/web/20260612200106/https://justenergytransition.co.za/project/south-african-german-energy-programme-sagen-2,2026-06-12T20:01:06Z,2026-09-24T16:18:39Z,
zaf-project-social-policies-france,https://justenergytransition.co.za/project/the-role-of-social-policies-in-the-framework-for-just-transition-france,reused,https://web.archive.org/web/20260612204605/https://justenergytransition.co.za/project/the-role-of-social-policies-in-the-framework-for-just-transition-france,2026-06-12T20:46:05Z,2026-09-24T16:18:48Z,
zaf-world-bank-eskom-jet-p177398,https://projects.worldbank.org/en/projects-operations/project-detail/P177398,reused,https://web.archive.org/web/20260412101527/https://projects.worldbank.org/en/projects-operations/project-detail/P177398,2026-04-12T10:15:27Z,2026-09-24T22:57:54Z,
zaf-zandkopsdrift-eu-2025,https://op.europa.eu/en/publication-detail/-/publication/94a61889-65e3-11f0-bf4e-01aa75ed71a1/language-en,reused,https://web.archive.org/web/20260512144439/https://op.europa.eu/en/publication-detail/-/publication/94a61889-65e3-11f0-bf4e-01aa75ed71a1/language-en,2026-05-12T14:44:39Z,2026-09-24T16:19:05Z,
zaf-zandkopsdrift-operator,https://frontierrareearths.com/project,reused,https://web.archive.org/web/20260120001458/https://frontierrareearths.com/project,2026-01-20T00:14:58Z,2026-09-24T16:19:11Z,
