pays,cohorte,cohorte_debut,cohorte_fin,perimetre,horizon_ans,n_activites,engage_MUSD_const2024,decaisse_cumul_MUSD_const2024,taux_pondere_pct,taux_median_activite_pct,taux_q1_activite_pct,taux_q3_activite_pct,activites_exclues_censure
IDN,2006-2009,2006,2009,"tous instruments, toutes modalites",0,82,778.0,102.23,13.14,77.2,0.0,100.0,0
IDN,2006-2009,2006,2009,"tous instruments, toutes modalites",1,82,778.0,149.02,19.15,96.77,0.07,100.0,0
IDN,2006-2009,2006,2009,"tous instruments, toutes modalites",2,82,778.0,158.44,20.37,97.13,4.92,100.0,0
IDN,2006-2009,2006,2009,"tous instruments, toutes modalites",3,82,778.0,178.24,22.91,97.13,7.75,100.0,0
IDN,2006-2009,2006,2009,"tous instruments, toutes modalites",4,82,778.0,188.61,24.24,97.13,19.12,100.0,0
IDN,2006-2009,2006,2009,"prets ODA, toutes modalites",0,7,558.51,0.0,0.0,0.0,0.0,0.0,0
IDN,2006-2009,2006,2009,"prets ODA, toutes modalites",1,7,558.51,1.12,0.2,0.0,0.0,0.0,0
IDN,2006-2009,2006,2009,"prets ODA, toutes modalites",2,7,558.51,3.85,0.69,0.0,0.0,0.0,0
IDN,2006-2009,2006,2009,"prets ODA, toutes modalites",3,7,558.51,5.82,1.04,0.0,0.0,0.0,0
IDN,2006-2009,2006,2009,"prets ODA, toutes modalites",4,7,558.51,8.03,1.44,0.0,0.0,0.0,0
IDN,2006-2009,2006,2009,"dons ODA, toutes modalites",0,72,107.9,22.65,21.0,95.79,0.22,100.0,0
IDN,2006-2009,2006,2009,"dons ODA, toutes modalites",1,72,107.9,37.75,34.98,99.08,3.56,100.0,0
IDN,2006-2009,2006,2009,"dons ODA, toutes modalites",2,72,107.9,44.44,41.19,99.93,29.04,100.0,0
IDN,2006-2009,2006,2009,"dons ODA, toutes modalites",3,72,107.9,62.27,57.71,99.93,50.47,100.0,0
IDN,2006-2009,2006,2009,"dons ODA, toutes modalites",4,72,107.9,70.43,65.27,99.93,68.73,100.0,0
IDN,2006-2009,2006,2009,"prets ODA, type projet C01",0,7,558.51,0.0,0.0,0.0,0.0,0.0,0
IDN,2006-2009,2006,2009,"prets ODA, type projet C01",1,7,558.51,1.12,0.2,0.0,0.0,0.0,0
IDN,2006-2009,2006,2009,"prets ODA, type projet C01",2,7,558.51,3.85,0.69,0.0,0.0,0.0,0
IDN,2006-2009,2006,2009,"prets ODA, type projet C01",3,7,558.51,5.82,1.04,0.0,0.0,0.0,0
IDN,2006-2009,2006,2009,"prets ODA, type projet C01",4,7,558.51,8.03,1.44,0.0,0.0,0.0,0
IDN,2006-2009,2006,2009,"dons ODA, type projet C01",0,17,23.8,7.97,33.5,0.0,0.0,100.0,0
IDN,2006-2009,2006,2009,"dons ODA, type projet C01",1,17,23.8,13.39,56.26,52.77,0.0,100.0,0
IDN,2006-2009,2006,2009,"dons ODA, type projet C01",2,17,23.8,14.23,59.8,52.87,0.0,100.0,0
IDN,2006-2009,2006,2009,"dons ODA, type projet C01",3,17,23.8,15.27,64.15,78.86,0.0,100.0,0
IDN,2006-2009,2006,2009,"dons ODA, type projet C01",4,17,23.8,15.44,64.85,78.86,0.0,100.0,0
IDN,2006-2009,2006,2009,"tous instruments, type projet C01",0,24,582.31,7.97,1.37,0.0,0.0,47.5,0
IDN,2006-2009,2006,2009,"tous instruments, type projet C01",1,24,582.31,14.51,2.49,0.0,0.0,82.89,0
IDN,2006-2009,2006,2009,"tous instruments, type projet C01",2,24,582.31,18.09,3.11,0.0,0.0,96.16,0
IDN,2006-2009,2006,2009,"tous instruments, type projet C01",3,24,582.31,21.09,3.62,0.0,0.0,96.16,0
IDN,2006-2009,2006,2009,"tous instruments, type projet C01",4,24,582.31,23.47,4.03,0.0,0.0,96.16,0
IDN,2010-2013,2010,2013,"tous instruments, toutes modalites",0,155,2842.71,123.92,4.36,87.41,2.44,99.99,0
IDN,2010-2013,2010,2013,"tous instruments, toutes modalites",1,155,2842.71,163.93,5.77,98.74,21.64,100.0,0
IDN,2010-2013,2010,2013,"tous instruments, toutes modalites",2,155,2842.71,210.31,7.4,98.79,39.08,100.0,0
IDN,2010-2013,2010,2013,"tous instruments, toutes modalites",3,155,2842.71,312.5,10.99,98.79,58.52,100.0,0
IDN,2010-2013,2010,2013,"tous instruments, toutes modalites",4,155,2842.71,454.72,16.0,98.79,61.95,100.0,0
IDN,2010-2013,2010,2013,"prets ODA, toutes modalites",0,6,734.41,0.0,0.0,0.0,0.0,0.0,0
IDN,2010-2013,2010,2013,"prets ODA, toutes modalites",1,6,734.41,2.25,0.31,0.0,0.0,0.56,0
IDN,2010-2013,2010,2013,"prets ODA, toutes modalites",2,6,734.41,3.43,0.47,0.0,0.0,0.9,0
IDN,2010-2013,2010,2013,"prets ODA, toutes modalites",3,6,734.41,15.4,2.1,1.4,0.0,5.72,0
IDN,2010-2013,2010,2013,"prets ODA, toutes modalites",4,6,734.41,37.3,5.08,4.44,0.0,23.11,0
IDN,2010-2013,2010,2013,"dons ODA, toutes modalites",0,128,146.7,36.93,25.18,98.29,14.82,99.07,0
IDN,2010-2013,2010,2013,"dons ODA, toutes modalites",1,128,146.7,53.0,36.12,98.79,49.6,100.0,0
IDN,2010-2013,2010,2013,"dons ODA, toutes modalites",2,128,146.7,65.82,44.87,98.79,67.16,100.0,0
IDN,2010-2013,2010,2013,"dons ODA, toutes modalites",3,128,146.7,75.47,51.44,98.79,76.44,100.0,0
IDN,2010-2013,2010,2013,"dons ODA, toutes modalites",4,128,146.7,78.08,53.22,98.79,86.11,100.0,0
IDN,2010-2013,2010,2013,"prets ODA, type projet C01",0,6,734.41,0.0,0.0,0.0,0.0,0.0,0
IDN,2010-2013,2010,2013,"prets ODA, type projet C01",1,6,734.41,2.25,0.31,0.0,0.0,0.56,0
IDN,2010-2013,2010,2013,"prets ODA, type projet C01",2,6,734.41,3.43,0.47,0.0,0.0,0.9,0
IDN,2010-2013,2010,2013,"prets ODA, type projet C01",3,6,734.41,15.4,2.1,1.4,0.0,5.72,0
IDN,2010-2013,2010,2013,"prets ODA, type projet C01",4,6,734.41,37.3,5.08,4.44,0.0,23.11,0
IDN,2010-2013,2010,2013,"dons ODA, type projet C01",0,94,109.2,27.51,25.19,92.89,11.7,99.06,0
IDN,2010-2013,2010,2013,"dons ODA, type projet C01",1,94,109.2,39.31,36.0,98.79,46.39,99.07,0
IDN,2010-2013,2010,2013,"dons ODA, type projet C01",2,94,109.2,47.06,43.1,98.79,68.14,99.07,0
IDN,2010-2013,2010,2013,"dons ODA, type projet C01",3,94,109.2,49.58,45.41,98.79,71.62,99.07,0
IDN,2010-2013,2010,2013,"dons ODA, type projet C01",4,94,109.2,51.45,47.12,98.79,74.78,99.07,0
IDN,2010-2013,2010,2013,"tous instruments, type projet C01",0,112,1579.13,31.52,2.0,76.27,0.66,99.06,0
IDN,2010-2013,2010,2013,"tous instruments, type projet C01",1,112,1579.13,65.05,4.12,98.73,15.28,99.27,0
IDN,2010-2013,2010,2013,"tous instruments, type projet C01",2,112,1579.13,88.59,5.61,98.78,35.52,99.87,0
IDN,2010-2013,2010,2013,"tous instruments, type projet C01",3,112,1579.13,148.38,9.4,98.78,48.59,99.87,0
IDN,2010-2013,2010,2013,"tous instruments, type projet C01",4,112,1579.13,219.08,13.87,98.78,49.58,99.87,0
IDN,2014-2017,2014,2017,"tous instruments, toutes modalites",0,113,7955.48,1332.52,16.75,18.27,0.0,100.0,0
IDN,2014-2017,2014,2017,"tous instruments, toutes modalites",1,113,7955.48,3702.24,46.54,71.03,0.0,100.0,0
IDN,2014-2017,2014,2017,"tous instruments, toutes modalites",2,113,7955.48,4451.24,55.95,90.67,10.34,100.0,0
IDN,2014-2017,2014,2017,"tous instruments, toutes modalites",3,113,7955.48,5119.4,64.35,96.03,22.19,100.0,0
IDN,2014-2017,2014,2017,"tous instruments, toutes modalites",4,113,7955.48,5444.65,68.44,96.03,35.07,100.0,0
IDN,2014-2017,2014,2017,"prets ODA, toutes modalites",0,16,2555.67,571.41,22.36,0.0,0.0,0.0,0
IDN,2014-2017,2014,2017,"prets ODA, toutes modalites",1,16,2555.67,852.85,33.37,0.0,0.0,32.76,0
IDN,2014-2017,2014,2017,"prets ODA, toutes modalites",2,16,2555.67,905.08,35.41,2.13,0.0,64.7,0
IDN,2014-2017,2014,2017,"prets ODA, toutes modalites",3,16,2555.67,981.54,38.41,3.43,0.0,98.62,0
IDN,2014-2017,2014,2017,"prets ODA, toutes modalites",4,16,2555.67,999.39,39.1,14.25,0.0,98.62,0
IDN,2014-2017,2014,2017,"dons ODA, toutes modalites",0,71,134.65,12.65,9.39,53.7,0.02,100.0,0
IDN,2014-2017,2014,2017,"dons ODA, toutes modalites",1,71,134.65,22.84,16.96,91.71,27.09,100.0,0
IDN,2014-2017,2014,2017,"dons ODA, toutes modalites",2,71,134.65,35.58,26.42,94.49,52.97,100.0,0
IDN,2014-2017,2014,2017,"dons ODA, toutes modalites",3,71,134.65,44.09,32.75,98.37,58.42,100.0,0
IDN,2014-2017,2014,2017,"dons ODA, toutes modalites",4,71,134.65,49.84,37.02,98.37,61.01,100.0,0
IDN,2014-2017,2014,2017,"prets ODA, type projet C01",0,14,2016.98,307.73,15.26,0.0,0.0,0.0,0
IDN,2014-2017,2014,2017,"prets ODA, type projet C01",1,14,2016.98,319.22,15.83,0.0,0.0,0.0,0
IDN,2014-2017,2014,2017,"prets ODA, type projet C01",2,14,2016.98,371.45,18.42,0.16,0.0,6.84,0
IDN,2014-2017,2014,2017,"prets ODA, type projet C01",3,14,2016.98,447.91,22.21,0.44,0.0,21.95,0
IDN,2014-2017,2014,2017,"prets ODA, type projet C01",4,14,2016.98,465.76,23.09,0.48,0.0,47.91,0
IDN,2014-2017,2014,2017,"dons ODA, type projet C01",0,43,105.4,7.42,7.04,49.94,0.0,100.0,0
IDN,2014-2017,2014,2017,"dons ODA, type projet C01",1,43,105.4,12.44,11.8,71.7,0.0,100.0,0
IDN,2014-2017,2014,2017,"dons ODA, type projet C01",2,43,105.4,21.35,20.26,97.66,30.84,100.0,0
IDN,2014-2017,2014,2017,"dons ODA, type projet C01",3,43,105.4,26.13,24.79,97.66,30.84,100.0,0
IDN,2014-2017,2014,2017,"dons ODA, type projet C01",4,43,105.4,30.06,28.52,97.66,38.77,100.0,0
IDN,2014-2017,2014,2017,"tous instruments, type projet C01",0,73,4815.88,413.07,8.58,0.0,0.0,90.08,0
IDN,2014-2017,2014,2017,"tous instruments, type projet C01",1,73,4815.88,930.32,19.32,25.42,0.0,100.0,0
IDN,2014-2017,2014,2017,"tous instruments, type projet C01",2,73,4815.88,1560.78,32.41,53.55,0.0,100.0,0
IDN,2014-2017,2014,2017,"tous instruments, type projet C01",3,73,4815.88,2115.66,43.93,72.83,0.0,100.0,0
IDN,2014-2017,2014,2017,"tous instruments, type projet C01",4,73,4815.88,2424.09,50.34,86.25,0.0,100.0,0
IDN,2014-2017,2014,2017,"prets ODA, appui budgetaire A01/A02",0,2,538.68,263.68,48.95,50.0,25.0,75.0,0
IDN,2014-2017,2014,2017,"prets ODA, appui budgetaire A01/A02",1,2,538.68,533.63,99.06,99.08,98.62,99.54,0
IDN,2014-2017,2014,2017,"prets ODA, appui budgetaire A01/A02",2,2,538.68,533.63,99.06,99.08,98.62,99.54,0
IDN,2014-2017,2014,2017,"prets ODA, appui budgetaire A01/A02",3,2,538.68,533.63,99.06,99.08,98.62,99.54,0
IDN,2014-2017,2014,2017,"prets ODA, appui budgetaire A01/A02",4,2,538.68,533.63,99.06,99.08,98.62,99.54,0
IDN,2018-2021,2018,2021,"tous instruments, toutes modalites",0,129,4516.3,422.52,9.36,32.75,0.0,100.0,0
IDN,2018-2021,2018,2021,"tous instruments, toutes modalites",1,129,4516.3,1108.03,24.53,69.08,0.0,100.0,0
IDN,2018-2021,2018,2021,"tous instruments, toutes modalites",2,129,4516.3,1507.4,33.38,86.0,4.45,100.0,0
IDN,2018-2021,2018,2021,"tous instruments, toutes modalites",3,129,4516.3,1999.44,44.27,90.31,4.74,100.0,0
IDN,2018-2021,2018,2021,"tous instruments, toutes modalites",4,100,2983.37,1623.56,54.42,97.06,27.01,100.0,29
IDN,2018-2021,2018,2021,"prets ODA, toutes modalites",0,5,916.6,0.0,0.0,0.0,0.0,0.0,0
IDN,2018-2021,2018,2021,"prets ODA, toutes modalites",1,5,916.6,0.0,0.0,0.0,0.0,0.0,0
IDN,2018-2021,2018,2021,"prets ODA, toutes modalites",2,5,916.6,155.49,16.96,0.92,0.0,2.81,0
IDN,2018-2021,2018,2021,"prets ODA, toutes modalites",3,5,916.6,156.98,17.13,0.92,0.39,3.61,0
IDN,2018-2021,2018,2021,"prets ODA, toutes modalites",4,5,916.6,291.04,31.75,1.19,0.65,5.69,0
IDN,2018-2021,2018,2021,"dons ODA, toutes modalites",0,78,106.9,14.18,13.27,32.44,0.0,99.6,0
IDN,2018-2021,2018,2021,"dons ODA, toutes modalites",1,78,106.9,33.26,31.12,69.22,4.83,100.0,0
IDN,2018-2021,2018,2021,"dons ODA, toutes modalites",2,78,106.9,42.92,40.16,82.85,19.73,100.0,0
IDN,2018-2021,2018,2021,"dons ODA, toutes modalites",3,78,106.9,52.15,48.79,86.17,33.17,100.0,0
IDN,2018-2021,2018,2021,"dons ODA, toutes modalites",4,63,95.7,53.72,56.14,92.1,40.49,100.0,15
IDN,2018-2021,2018,2021,"prets ODA, type projet C01",0,5,916.6,0.0,0.0,0.0,0.0,0.0,0
IDN,2018-2021,2018,2021,"prets ODA, type projet C01",1,5,916.6,0.0,0.0,0.0,0.0,0.0,0
IDN,2018-2021,2018,2021,"prets ODA, type projet C01",2,5,916.6,155.49,16.96,0.92,0.0,2.81,0
IDN,2018-2021,2018,2021,"prets ODA, type projet C01",3,5,916.6,156.98,17.13,0.92,0.39,3.61,0
IDN,2018-2021,2018,2021,"prets ODA, type projet C01",4,5,916.6,291.04,31.75,1.19,0.65,5.69,0
IDN,2018-2021,2018,2021,"dons ODA, type projet C01",0,55,97.64,12.26,12.56,20.65,0.0,72.41,0
IDN,2018-2021,2018,2021,"dons ODA, type projet C01",1,55,97.64,30.12,30.85,50.0,1.22,100.0,0
IDN,2018-2021,2018,2021,"dons ODA, type projet C01",2,55,97.64,39.27,40.22,69.08,12.67,100.0,0
IDN,2018-2021,2018,2021,"dons ODA, type projet C01",3,55,97.64,48.36,49.53,78.71,22.28,100.0,0
IDN,2018-2021,2018,2021,"dons ODA, type projet C01",4,45,92.02,50.74,55.14,78.71,2.05,100.0,10
IDN,2018-2021,2018,2021,"tous instruments, type projet C01",0,98,3644.17,223.81,6.14,19.29,0.0,99.68,0
IDN,2018-2021,2018,2021,"tous instruments, type projet C01",1,98,3644.17,620.14,17.02,48.71,0.0,100.0,0
IDN,2018-2021,2018,2021,"tous instruments, type projet C01",2,98,3644.17,1019.0,27.96,70.04,0.07,100.0,0
IDN,2018-2021,2018,2021,"tous instruments, type projet C01",3,98,3644.17,1459.71,40.06,79.17,0.6,100.0,0
IDN,2018-2021,2018,2021,"tous instruments, type projet C01",4,76,2283.93,1071.13,46.9,87.96,1.06,100.0,22
IDN,2022-2023 (JETP),2022,2023,"tous instruments, toutes modalites",0,83,1977.88,63.67,3.22,36.07,0.0,100.0,0
IDN,2022-2023 (JETP),2022,2023,"tous instruments, toutes modalites",1,83,1977.88,1033.29,52.24,99.11,6.05,100.0,0
IDN,2022-2023 (JETP),2022,2023,"tous instruments, toutes modalites",2,33,1324.01,970.51,73.3,95.25,24.46,100.0,50
IDN,2022-2023 (JETP),2022,2023,"prets ODA, toutes modalites",0,6,606.17,0.0,0.0,0.0,0.0,0.0,0
IDN,2022-2023 (JETP),2022,2023,"prets ODA, toutes modalites",1,6,606.17,394.35,65.06,0.0,0.0,70.29,0
IDN,2022-2023 (JETP),2022,2023,"prets ODA, toutes modalites",2,2,417.29,398.0,95.38,99.44,96.58,102.3,4
IDN,2022-2023 (JETP),2022,2023,"dons ODA, toutes modalites",0,54,186.66,54.89,29.41,33.9,0.09,100.0,0
IDN,2022-2023 (JETP),2022,2023,"dons ODA, toutes modalites",1,54,186.66,80.36,43.05,99.77,7.17,100.0,0
IDN,2022-2023 (JETP),2022,2023,"dons ODA, toutes modalites",2,22,118.21,58.32,49.34,96.13,21.63,100.0,32
IDN,2022-2023 (JETP),2022,2023,"prets ODA, type projet C01",0,4,188.88,0.0,0.0,0.0,0.0,0.0,0
IDN,2022-2023 (JETP),2022,2023,"prets ODA, type projet C01",1,4,188.88,0.0,0.0,0.0,0.0,0.0,0
IDN,2022-2023 (JETP),2022,2023,"dons ODA, type projet C01",0,38,135.25,16.64,12.31,16.91,0.26,100.0,0
IDN,2022-2023 (JETP),2022,2023,"dons ODA, type projet C01",1,38,135.25,30.88,22.83,57.95,5.9,100.0,0
IDN,2022-2023 (JETP),2022,2023,"dons ODA, type projet C01",2,17,73.52,12.33,16.77,43.59,14.21,100.0,21
IDN,2022-2023 (JETP),2022,2023,"tous instruments, type projet C01",0,60,970.33,24.05,2.48,16.91,0.0,100.0,0
IDN,2022-2023 (JETP),2022,2023,"tous instruments, type projet C01",1,60,970.33,76.16,7.85,44.98,3.49,100.0,0
IDN,2022-2023 (JETP),2022,2023,"tous instruments, type projet C01",2,24,324.34,14.37,4.43,68.8,19.77,100.0,36
IDN,2022-2023 (JETP),2022,2023,"prets ODA, appui budgetaire A01/A02",0,2,417.29,0.0,0.0,0.0,0.0,0.0,0
IDN,2022-2023 (JETP),2022,2023,"prets ODA, appui budgetaire A01/A02",1,2,417.29,394.35,94.5,96.42,95.07,97.76,0
IDN,2022-2023 (JETP),2022,2023,"prets ODA, appui budgetaire A01/A02",2,2,417.29,398.0,95.38,99.44,96.58,102.3,0
IDN,reference 2006-2020,2006,2020,"tous instruments, toutes modalites",0,450,14559.57,1742.7,11.97,51.01,0.0,100.0,0
IDN,reference 2006-2020,2006,2020,"tous instruments, toutes modalites",1,450,14559.57,4684.3,32.17,95.23,2.48,100.0,0
IDN,reference 2006-2020,2006,2020,"tous instruments, toutes modalites",2,450,14559.57,5887.45,40.44,97.72,19.15,100.0,0
IDN,reference 2006-2020,2006,2020,"tous instruments, toutes modalites",3,450,14559.57,6872.25,47.2,98.14,31.22,100.0,0
IDN,reference 2006-2020,2006,2020,"tous instruments, toutes modalites",4,450,14559.57,7711.53,52.97,98.23,41.86,100.0,0
IDN,reference 2006-2020,2006,2020,"prets ODA, toutes modalites",0,34,4765.18,571.41,11.99,0.0,0.0,0.0,0
IDN,reference 2006-2020,2006,2020,"prets ODA, toutes modalites",1,34,4765.18,856.22,17.97,0.0,0.0,0.0,0
IDN,reference 2006-2020,2006,2020,"prets ODA, toutes modalites",2,34,4765.18,1067.85,22.41,0.0,0.0,5.77,0
IDN,reference 2006-2020,2006,2020,"prets ODA, toutes modalites",3,34,4765.18,1159.74,24.34,0.39,0.0,17.42,0
IDN,reference 2006-2020,2006,2020,"prets ODA, toutes modalites",4,34,4765.18,1335.76,28.03,0.48,0.0,32.75,0
IDN,reference 2006-2020,2006,2020,"dons ODA, toutes modalites",0,334,484.96,84.64,17.45,70.18,2.33,100.0,0
IDN,reference 2006-2020,2006,2020,"dons ODA, toutes modalites",1,334,484.96,144.54,29.8,98.29,27.69,100.0,0
IDN,reference 2006-2020,2006,2020,"dons ODA, toutes modalites",2,334,484.96,185.68,38.29,98.73,48.47,100.0,0
IDN,reference 2006-2020,2006,2020,"dons ODA, toutes modalites",3,334,484.96,230.25,47.48,98.73,58.95,100.0,0
IDN,reference 2006-2020,2006,2020,"dons ODA, toutes modalites",4,334,484.96,252.07,51.98,98.78,67.49,100.0,0
IDN,reference 2006-2020,2006,2020,"prets ODA, type projet C01",0,32,4226.5,307.73,7.28,0.0,0.0,0.0,0
IDN,reference 2006-2020,2006,2020,"prets ODA, type projet C01",1,32,4226.5,322.59,7.63,0.0,0.0,0.0,0
IDN,reference 2006-2020,2006,2020,"prets ODA, type projet C01",2,32,4226.5,534.22,12.64,0.0,0.0,3.1,0
IDN,reference 2006-2020,2006,2020,"prets ODA, type projet C01",3,32,4226.5,626.11,14.81,0.29,0.0,6.78,0
IDN,reference 2006-2020,2006,2020,"prets ODA, type projet C01",4,32,4226.5,802.13,18.98,0.46,0.0,28.22,0
IDN,reference 2006-2020,2006,2020,"dons ODA, type projet C01",0,199,330.42,54.16,16.39,50.0,0.0,99.06,0
IDN,reference 2006-2020,2006,2020,"dons ODA, type projet C01",1,199,330.42,94.0,28.45,91.47,9.3,100.0,0
IDN,reference 2006-2020,2006,2020,"dons ODA, type projet C01",2,199,330.42,119.88,36.28,97.78,27.25,100.0,0
IDN,reference 2006-2020,2006,2020,"dons ODA, type projet C01",3,199,330.42,136.67,41.36,97.78,41.86,100.0,0
IDN,reference 2006-2020,2006,2020,"dons ODA, type projet C01",4,199,330.42,147.69,44.7,98.17,48.71,100.0,0
IDN,reference 2006-2020,2006,2020,"tous instruments, type projet C01",0,285,9261.25,605.79,6.54,30.67,0.0,99.07,0
IDN,reference 2006-2020,2006,2020,"tous instruments, type projet C01",1,285,9261.25,1359.27,14.68,68.18,0.0,100.0,0
IDN,reference 2006-2020,2006,2020,"tous instruments, type projet C01",2,285,9261.25,2414.68,26.07,87.5,0.1,100.0,0
IDN,reference 2006-2020,2006,2020,"tous instruments, type projet C01",3,285,9261.25,3175.67,34.29,90.31,0.92,100.0,0
IDN,reference 2006-2020,2006,2020,"tous instruments, type projet C01",4,285,9261.25,3737.77,40.36,94.88,1.19,100.0,0
IDN,reference 2006-2020,2006,2020,"prets ODA, appui budgetaire A01/A02",0,2,538.68,263.68,48.95,50.0,25.0,75.0,0
IDN,reference 2006-2020,2006,2020,"prets ODA, appui budgetaire A01/A02",1,2,538.68,533.63,99.06,99.08,98.62,99.54,0
IDN,reference 2006-2020,2006,2020,"prets ODA, appui budgetaire A01/A02",2,2,538.68,533.63,99.06,99.08,98.62,99.54,0
IDN,reference 2006-2020,2006,2020,"prets ODA, appui budgetaire A01/A02",3,2,538.68,533.63,99.06,99.08,98.62,99.54,0
IDN,reference 2006-2020,2006,2020,"prets ODA, appui budgetaire A01/A02",4,2,538.68,533.63,99.06,99.08,98.62,99.54,0
SEN,2006-2009,2006,2009,"tous instruments, toutes modalites",0,26,243.19,68.68,28.24,68.99,0.0,100.0,0
SEN,2006-2009,2006,2009,"tous instruments, toutes modalites",1,26,243.19,72.05,29.63,68.99,1.36,100.0,0
SEN,2006-2009,2006,2009,"tous instruments, toutes modalites",2,26,243.19,77.37,31.81,80.91,6.44,100.0,0
SEN,2006-2009,2006,2009,"tous instruments, toutes modalites",3,26,243.19,107.46,44.19,98.15,38.61,100.0,0
SEN,2006-2009,2006,2009,"tous instruments, toutes modalites",4,26,243.19,116.55,47.92,100.0,51.13,100.0,0
SEN,2006-2009,2006,2009,"prets ODA, toutes modalites",0,6,172.06,64.22,37.33,0.0,0.0,50.98,0
SEN,2006-2009,2006,2009,"prets ODA, toutes modalites",1,6,172.06,64.64,37.57,1.36,0.34,51.32,0
SEN,2006-2009,2006,2009,"prets ODA, toutes modalites",2,6,172.06,66.84,38.85,6.44,2.61,52.59,0
SEN,2006-2009,2006,2009,"prets ODA, toutes modalites",3,6,172.06,92.2,53.59,38.61,16.08,60.63,0
SEN,2006-2009,2006,2009,"prets ODA, toutes modalites",4,6,172.06,98.97,57.52,51.13,23.78,63.76,0
SEN,2006-2009,2006,2009,"dons ODA, toutes modalites",0,19,40.17,4.46,11.09,100.0,25.92,100.0,0
SEN,2006-2009,2006,2009,"dons ODA, toutes modalites",1,19,40.17,7.41,18.46,100.0,43.71,100.0,0
SEN,2006-2009,2006,2009,"dons ODA, toutes modalites",2,19,40.17,10.53,26.21,100.0,65.95,100.0,0
SEN,2006-2009,2006,2009,"dons ODA, toutes modalites",3,19,40.17,15.25,37.97,100.0,83.22,100.0,0
SEN,2006-2009,2006,2009,"dons ODA, toutes modalites",4,19,40.17,17.57,43.75,100.0,98.45,100.0,0
SEN,2006-2009,2006,2009,"prets ODA, type projet C01",0,5,119.64,28.59,23.9,0.0,0.0,0.0,0
SEN,2006-2009,2006,2009,"prets ODA, type projet C01",1,5,119.64,29.01,24.25,1.36,0.0,1.36,0
SEN,2006-2009,2006,2009,"prets ODA, type projet C01",2,5,119.64,31.21,26.09,6.44,1.33,6.44,0
SEN,2006-2009,2006,2009,"prets ODA, type projet C01",3,5,119.64,56.57,47.29,38.61,8.58,38.61,0
SEN,2006-2009,2006,2009,"prets ODA, type projet C01",4,5,119.64,63.34,52.94,51.13,14.66,51.13,0
SEN,2006-2009,2006,2009,"dons ODA, type projet C01",0,9,37.9,3.89,10.27,34.95,15.31,100.0,0
SEN,2006-2009,2006,2009,"dons ODA, type projet C01",1,9,37.9,6.81,17.97,58.63,32.23,100.0,0
SEN,2006-2009,2006,2009,"dons ODA, type projet C01",2,9,37.9,9.9,26.11,78.3,32.23,100.0,0
SEN,2006-2009,2006,2009,"dons ODA, type projet C01",3,9,37.9,14.6,38.53,88.14,70.11,100.0,0
SEN,2006-2009,2006,2009,"dons ODA, type projet C01",4,9,37.9,16.93,44.66,100.0,88.66,100.0,0
SEN,2006-2009,2006,2009,"tous instruments, type projet C01",0,15,188.51,32.49,17.23,15.31,0.0,85.0,0
SEN,2006-2009,2006,2009,"tous instruments, type projet C01",1,15,188.51,35.82,19.0,32.23,0.54,85.0,0
SEN,2006-2009,2006,2009,"tous instruments, type projet C01",2,15,188.51,41.11,21.81,32.23,1.34,89.15,0
SEN,2006-2009,2006,2009,"tous instruments, type projet C01",3,15,188.51,71.18,37.76,70.11,8.58,99.7,0
SEN,2006-2009,2006,2009,"tous instruments, type projet C01",4,15,188.51,80.27,42.58,88.66,14.66,100.0,0
SEN,2006-2009,2006,2009,"prets ODA, appui budgetaire A01/A02",0,1,52.42,35.63,67.97,67.97,67.97,67.97,0
SEN,2006-2009,2006,2009,"prets ODA, appui budgetaire A01/A02",1,1,52.42,35.63,67.97,67.97,67.97,67.97,0
SEN,2006-2009,2006,2009,"prets ODA, appui budgetaire A01/A02",2,1,52.42,35.63,67.97,67.97,67.97,67.97,0
SEN,2006-2009,2006,2009,"prets ODA, appui budgetaire A01/A02",3,1,52.42,35.63,67.97,67.97,67.97,67.97,0
SEN,2006-2009,2006,2009,"prets ODA, appui budgetaire A01/A02",4,1,52.42,35.63,67.97,67.97,67.97,67.97,0
SEN,2010-2013,2010,2013,"tous instruments, toutes modalites",0,43,235.48,39.32,16.7,89.1,7.25,100.0,0
SEN,2010-2013,2010,2013,"tous instruments, toutes modalites",1,43,235.48,56.8,24.12,99.74,28.64,100.0,0
SEN,2010-2013,2010,2013,"tous instruments, toutes modalites",2,43,235.48,91.2,38.73,99.74,51.3,100.0,0
SEN,2010-2013,2010,2013,"tous instruments, toutes modalites",3,43,235.48,118.53,50.34,100.0,67.23,100.0,0
SEN,2010-2013,2010,2013,"tous instruments, toutes modalites",4,43,235.48,140.41,59.63,100.0,75.95,100.0,0
SEN,2010-2013,2010,2013,"prets ODA, toutes modalites",0,5,188.78,32.08,16.99,19.17,0.0,100.34,0
SEN,2010-2013,2010,2013,"prets ODA, toutes modalites",1,5,188.78,43.49,23.04,30.71,2.36,100.34,0
SEN,2010-2013,2010,2013,"prets ODA, toutes modalites",2,5,188.78,71.96,38.12,50.35,16.21,100.34,0
SEN,2010-2013,2010,2013,"prets ODA, toutes modalites",3,5,188.78,95.32,50.49,50.35,41.59,100.34,0
SEN,2010-2013,2010,2013,"prets ODA, toutes modalites",4,5,188.78,115.4,61.13,63.4,63.4,100.34,0
SEN,2010-2013,2010,2013,"dons ODA, toutes modalites",0,35,32.8,4.96,15.12,98.29,9.19,100.0,0
SEN,2010-2013,2010,2013,"dons ODA, toutes modalites",1,35,32.8,11.02,33.61,100.0,38.4,100.0,0
SEN,2010-2013,2010,2013,"dons ODA, toutes modalites",2,35,32.8,16.96,51.7,100.0,57.18,100.0,0
SEN,2010-2013,2010,2013,"dons ODA, toutes modalites",3,35,32.8,20.93,63.81,100.0,81.85,100.0,0
SEN,2010-2013,2010,2013,"dons ODA, toutes modalites",4,35,32.8,22.72,69.27,100.0,90.87,100.0,0
SEN,2010-2013,2010,2013,"prets ODA, type projet C01",0,3,172.1,15.34,8.91,0.0,0.0,9.58,0
SEN,2010-2013,2010,2013,"prets ODA, type projet C01",1,3,172.1,26.75,15.54,2.36,2.36,16.53,0
SEN,2010-2013,2010,2013,"prets ODA, type projet C01",2,3,172.1,55.22,32.09,16.21,16.21,33.28,0
SEN,2010-2013,2010,2013,"prets ODA, type projet C01",3,3,172.1,78.58,45.66,41.59,41.59,45.97,0
SEN,2010-2013,2010,2013,"prets ODA, type projet C01",4,3,172.1,98.67,57.33,63.4,56.88,63.4,0
SEN,2010-2013,2010,2013,"dons ODA, type projet C01",0,28,32.69,4.84,14.82,44.55,7.49,100.0,0
SEN,2010-2013,2010,2013,"dons ODA, type projet C01",1,28,32.69,10.91,33.37,74.21,29.63,100.0,0
SEN,2010-2013,2010,2013,"dons ODA, type projet C01",2,28,32.69,16.84,51.53,82.74,52.5,100.0,0
SEN,2010-2013,2010,2013,"dons ODA, type projet C01",3,28,32.69,20.81,63.68,99.87,75.38,100.0,0
SEN,2010-2013,2010,2013,"dons ODA, type projet C01",4,28,32.69,22.61,69.16,100.0,88.95,100.0,0
SEN,2010-2013,2010,2013,"tous instruments, type projet C01",0,34,218.68,22.47,10.28,25.86,0.0,100.0,0
SEN,2010-2013,2010,2013,"tous instruments, type projet C01",1,34,218.68,39.95,18.27,53.16,21.18,100.0,0
SEN,2010-2013,2010,2013,"tous instruments, type projet C01",2,34,218.68,74.35,34.0,68.51,39.58,100.0,0
SEN,2010-2013,2010,2013,"tous instruments, type projet C01",3,34,218.68,101.68,46.5,93.7,50.91,100.0,0
SEN,2010-2013,2010,2013,"tous instruments, type projet C01",4,34,218.68,123.56,56.5,99.02,60.34,100.0,0
SEN,2010-2013,2010,2013,"prets ODA, appui budgetaire A01/A02",0,2,16.68,16.73,100.34,100.34,100.34,100.34,0
SEN,2010-2013,2010,2013,"prets ODA, appui budgetaire A01/A02",1,2,16.68,16.73,100.34,100.34,100.34,100.34,0
SEN,2010-2013,2010,2013,"prets ODA, appui budgetaire A01/A02",2,2,16.68,16.73,100.34,100.34,100.34,100.34,0
SEN,2010-2013,2010,2013,"prets ODA, appui budgetaire A01/A02",3,2,16.68,16.73,100.34,100.34,100.34,100.34,0
SEN,2010-2013,2010,2013,"prets ODA, appui budgetaire A01/A02",4,2,16.68,16.73,100.34,100.34,100.34,100.34,0
SEN,2014-2017,2014,2017,"tous instruments, toutes modalites",0,51,999.39,57.05,5.71,4.43,0.0,100.0,0
SEN,2014-2017,2014,2017,"tous instruments, toutes modalites",1,51,999.39,69.64,6.97,20.0,0.0,100.0,0
SEN,2014-2017,2014,2017,"tous instruments, toutes modalites",2,51,999.39,128.22,12.83,29.77,0.0,100.0,0
SEN,2014-2017,2014,2017,"tous instruments, toutes modalites",3,51,999.39,195.21,19.53,40.92,0.0,100.0,0
SEN,2014-2017,2014,2017,"tous instruments, toutes modalites",4,51,999.39,274.32,27.45,61.3,0.0,100.0,0
SEN,2014-2017,2014,2017,"prets ODA, toutes modalites",0,11,422.56,47.8,11.31,0.0,0.0,51.06,0
SEN,2014-2017,2014,2017,"prets ODA, toutes modalites",1,11,422.56,58.38,13.81,4.2,1.49,53.57,0
SEN,2014-2017,2014,2017,"prets ODA, toutes modalites",2,11,422.56,99.12,23.46,26.1,4.39,64.42,0
SEN,2014-2017,2014,2017,"prets ODA, toutes modalites",3,11,422.56,129.21,30.58,32.56,15.46,68.33,0
SEN,2014-2017,2014,2017,"prets ODA, toutes modalites",4,11,422.56,173.33,41.02,48.69,18.47,79.61,0
SEN,2014-2017,2014,2017,"dons ODA, toutes modalites",0,31,180.16,2.77,1.54,100.0,0.24,100.0,0
SEN,2014-2017,2014,2017,"dons ODA, toutes modalites",1,31,180.16,4.78,2.65,100.0,5.24,100.0,0
SEN,2014-2017,2014,2017,"dons ODA, toutes modalites",2,31,180.16,22.61,12.55,100.0,18.81,100.0,0
SEN,2014-2017,2014,2017,"dons ODA, toutes modalites",3,31,180.16,59.51,33.03,100.0,30.92,100.0,0
SEN,2014-2017,2014,2017,"dons ODA, toutes modalites",4,31,180.16,94.5,52.45,100.0,35.34,100.0,0
SEN,2014-2017,2014,2017,"prets ODA, type projet C01",0,8,377.91,0.0,0.0,0.0,0.0,0.0,0
SEN,2014-2017,2014,2017,"prets ODA, type projet C01",1,8,377.91,10.58,2.8,3.59,0.0,4.4,0
SEN,2014-2017,2014,2017,"prets ODA, type projet C01",2,8,377.91,51.32,13.58,8.77,0.0,26.1,0
SEN,2014-2017,2014,2017,"prets ODA, type projet C01",3,8,377.91,81.41,21.54,30.92,0.0,32.56,0
SEN,2014-2017,2014,2017,"prets ODA, type projet C01",4,8,377.91,125.54,33.22,42.81,0.0,50.8,0
SEN,2014-2017,2014,2017,"dons ODA, type projet C01",0,25,180.06,2.69,1.5,68.35,0.04,100.0,0
SEN,2014-2017,2014,2017,"dons ODA, type projet C01",1,25,180.06,4.68,2.6,99.21,1.33,100.0,0
SEN,2014-2017,2014,2017,"dons ODA, type projet C01",2,25,180.06,22.51,12.5,99.38,2.89,100.0,0
SEN,2014-2017,2014,2017,"dons ODA, type projet C01",3,25,180.06,59.41,32.99,100.0,20.0,100.0,0
SEN,2014-2017,2014,2017,"dons ODA, type projet C01",4,25,180.06,94.4,52.43,100.0,20.0,100.0,0
SEN,2014-2017,2014,2017,"tous instruments, type projet C01",0,42,954.64,9.18,0.96,0.0,0.0,99.8,0
SEN,2014-2017,2014,2017,"tous instruments, type projet C01",1,42,954.64,21.74,2.28,4.31,0.0,99.84,0
SEN,2014-2017,2014,2017,"tous instruments, type projet C01",2,42,954.64,80.31,8.41,18.81,0.0,100.0,0
SEN,2014-2017,2014,2017,"tous instruments, type projet C01",3,42,954.64,147.3,15.43,32.32,0.0,100.0,0
SEN,2014-2017,2014,2017,"tous instruments, type projet C01",4,42,954.64,226.42,23.72,48.69,0.0,100.0,0
SEN,2014-2017,2014,2017,"prets ODA, appui budgetaire A01/A02",0,3,44.65,47.8,107.05,107.81,104.96,107.81,0
SEN,2014-2017,2014,2017,"prets ODA, appui budgetaire A01/A02",1,3,44.65,47.8,107.05,107.81,104.96,107.81,0
SEN,2014-2017,2014,2017,"prets ODA, appui budgetaire A01/A02",2,3,44.65,47.8,107.05,107.81,104.96,107.81,0
SEN,2014-2017,2014,2017,"prets ODA, appui budgetaire A01/A02",3,3,44.65,47.8,107.05,107.81,104.96,107.81,0
SEN,2014-2017,2014,2017,"prets ODA, appui budgetaire A01/A02",4,3,44.65,47.8,107.05,107.81,104.96,107.81,0
SEN,2018-2021,2018,2021,"tous instruments, toutes modalites",0,112,1751.14,168.05,9.6,1.41,0.0,100.0,0
SEN,2018-2021,2018,2021,"tous instruments, toutes modalites",1,112,1751.14,288.37,16.47,22.43,0.0,100.0,0
SEN,2018-2021,2018,2021,"tous instruments, toutes modalites",2,112,1751.14,371.31,21.2,37.63,0.0,100.0,0
SEN,2018-2021,2018,2021,"tous instruments, toutes modalites",3,112,1751.14,406.52,23.21,57.46,0.0,100.0,0
SEN,2018-2021,2018,2021,"tous instruments, toutes modalites",4,80,1055.91,386.97,36.65,87.66,0.0,100.0,32
SEN,2018-2021,2018,2021,"prets ODA, toutes modalites",0,16,465.94,128.77,27.64,2.61,0.0,100.09,0
SEN,2018-2021,2018,2021,"prets ODA, toutes modalites",1,16,465.94,235.59,50.56,98.05,1.72,100.67,0
SEN,2018-2021,2018,2021,"prets ODA, toutes modalites",2,16,465.94,277.31,59.52,98.05,24.56,101.61,0
SEN,2018-2021,2018,2021,"prets ODA, toutes modalites",3,16,465.94,280.66,60.24,98.05,24.56,101.61,0
SEN,2018-2021,2018,2021,"prets ODA, toutes modalites",4,14,411.99,305.73,74.21,99.21,42.01,101.61,2
SEN,2018-2021,2018,2021,"dons ODA, toutes modalites",0,84,729.36,38.93,5.34,10.75,0.0,100.0,0
SEN,2018-2021,2018,2021,"dons ODA, toutes modalites",1,84,729.36,52.31,7.17,38.98,0.0,100.0,0
SEN,2018-2021,2018,2021,"dons ODA, toutes modalites",2,84,729.36,84.22,11.55,45.78,0.22,100.0,0
SEN,2018-2021,2018,2021,"dons ODA, toutes modalites",3,84,729.36,115.75,15.87,64.03,0.22,100.0,0
SEN,2018-2021,2018,2021,"dons ODA, toutes modalites",4,56,105.59,71.27,67.5,91.65,0.0,100.0,28
SEN,2018-2021,2018,2021,"prets ODA, type projet C01",0,10,294.39,23.18,7.87,0.0,0.0,5.55,0
SEN,2018-2021,2018,2021,"prets ODA, type projet C01",1,10,294.39,61.99,21.06,4.17,0.41,82.65,0
SEN,2018-2021,2018,2021,"prets ODA, type projet C01",2,10,294.39,103.7,35.23,30.71,1.65,88.04,0
SEN,2018-2021,2018,2021,"prets ODA, type projet C01",3,10,294.39,107.06,36.36,30.71,1.65,88.04,0
SEN,2018-2021,2018,2021,"prets ODA, type projet C01",4,8,240.45,132.13,54.95,53.15,24.56,98.05,2
SEN,2018-2021,2018,2021,"dons ODA, type projet C01",0,71,704.29,16.13,2.29,3.69,0.0,85.86,0
SEN,2018-2021,2018,2021,"dons ODA, type projet C01",1,71,704.29,29.37,4.17,19.38,0.0,96.47,0
SEN,2018-2021,2018,2021,"dons ODA, type projet C01",2,71,704.29,61.2,8.69,36.78,0.07,98.53,0
SEN,2018-2021,2018,2021,"dons ODA, type projet C01",3,71,704.29,92.64,13.15,56.9,0.07,98.53,0
SEN,2018-2021,2018,2021,"dons ODA, type projet C01",4,46,81.28,48.19,59.3,87.66,0.0,100.0,25
SEN,2018-2021,2018,2021,"tous instruments, type projet C01",0,93,1554.52,39.66,2.55,0.15,0.0,57.0,0
SEN,2018-2021,2018,2021,"tous instruments, type projet C01",1,93,1554.52,91.82,5.91,8.21,0.0,86.71,0
SEN,2018-2021,2018,2021,"tous instruments, type projet C01",2,93,1554.52,174.69,11.24,20.75,0.0,97.34,0
SEN,2018-2021,2018,2021,"tous instruments, type projet C01",3,93,1554.52,209.8,13.5,30.55,0.0,97.34,0
SEN,2018-2021,2018,2021,"tous instruments, type projet C01",4,64,860.05,190.29,22.13,34.67,0.0,98.05,29
SEN,2018-2021,2018,2021,"prets ODA, appui budgetaire A01/A02",0,6,171.55,105.6,61.56,100.35,25.09,102.43,0
SEN,2018-2021,2018,2021,"prets ODA, appui budgetaire A01/A02",1,6,171.55,173.61,101.2,101.61,100.67,102.74,0
SEN,2018-2021,2018,2021,"prets ODA, appui budgetaire A01/A02",2,6,171.55,173.61,101.2,101.61,100.67,102.74,0
SEN,2018-2021,2018,2021,"prets ODA, appui budgetaire A01/A02",3,6,171.55,173.61,101.2,101.61,100.67,102.74,0
SEN,2018-2021,2018,2021,"prets ODA, appui budgetaire A01/A02",4,6,171.55,173.61,101.2,101.61,100.67,102.74,0
SEN,2022-2023 (JETP),2022,2023,"tous instruments, toutes modalites",0,34,372.14,70.81,19.03,45.34,0.0,100.0,0
SEN,2022-2023 (JETP),2022,2023,"tous instruments, toutes modalites",1,34,372.14,72.01,19.35,58.59,0.0,100.0,0
SEN,2022-2023 (JETP),2022,2023,"tous instruments, toutes modalites",2,13,219.72,17.87,8.13,14.03,0.0,100.0,21
SEN,2022-2023 (JETP),2022,2023,"prets ODA, toutes modalites",0,3,96.21,61.82,64.25,100.58,50.29,100.96,0
SEN,2022-2023 (JETP),2022,2023,"prets ODA, toutes modalites",1,3,96.21,61.82,64.25,100.58,50.29,100.96,0
SEN,2022-2023 (JETP),2022,2023,"prets ODA, toutes modalites",2,1,34.78,3.24,9.33,9.33,9.33,9.33,2
SEN,2022-2023 (JETP),2022,2023,"dons ODA, toutes modalites",0,23,53.49,5.27,9.85,50.96,0.0,100.0,0
SEN,2022-2023 (JETP),2022,2023,"dons ODA, toutes modalites",1,23,53.49,6.01,11.23,79.01,0.0,100.0,0
SEN,2022-2023 (JETP),2022,2023,"dons ODA, toutes modalites",2,9,8.12,2.18,26.89,100.0,7.27,100.0,14
SEN,2022-2023 (JETP),2022,2023,"prets ODA, type projet C01",0,1,34.78,0.0,0.0,0.0,0.0,0.0,0
SEN,2022-2023 (JETP),2022,2023,"prets ODA, type projet C01",1,1,34.78,0.0,0.0,0.0,0.0,0.0,0
SEN,2022-2023 (JETP),2022,2023,"prets ODA, type projet C01",2,1,34.78,3.24,9.33,9.33,9.33,9.33,0
SEN,2022-2023 (JETP),2022,2023,"dons ODA, type projet C01",0,16,51.75,5.09,9.83,23.98,0.0,100.0,0
SEN,2022-2023 (JETP),2022,2023,"dons ODA, type projet C01",1,16,51.75,5.81,11.23,53.19,0.0,100.0,0
SEN,2022-2023 (JETP),2022,2023,"dons ODA, type projet C01",2,5,7.92,1.99,25.14,100.0,7.27,100.0,11
SEN,2022-2023 (JETP),2022,2023,"tous instruments, type projet C01",0,25,308.96,8.82,2.85,2.07,0.0,93.0,0
SEN,2022-2023 (JETP),2022,2023,"tous instruments, type projet C01",1,25,308.96,9.99,3.23,33.13,0.0,98.79,0
SEN,2022-2023 (JETP),2022,2023,"tous instruments, type projet C01",2,9,219.52,17.68,8.05,9.33,0.0,100.0,16
SEN,2022-2023 (JETP),2022,2023,"prets ODA, appui budgetaire A01/A02",0,2,61.43,61.82,100.63,100.96,100.77,101.14,0
SEN,2022-2023 (JETP),2022,2023,"prets ODA, appui budgetaire A01/A02",1,2,61.43,61.82,100.63,100.96,100.77,101.14,0
SEN,reference 2006-2020,2006,2020,"tous instruments, toutes modalites",0,200,2533.98,328.64,12.97,21.34,0.0,100.0,0
SEN,reference 2006-2020,2006,2020,"tous instruments, toutes modalites",1,200,2533.98,475.15,18.75,56.41,0.0,100.0,0
SEN,reference 2006-2020,2006,2020,"tous instruments, toutes modalites",2,200,2533.98,653.07,25.77,69.82,0.18,100.0,0
SEN,reference 2006-2020,2006,2020,"tous instruments, toutes modalites",3,200,2533.98,782.38,30.88,90.88,0.33,100.0,0
SEN,reference 2006-2020,2006,2020,"tous instruments, toutes modalites",4,200,2533.98,918.25,36.24,95.63,2.46,100.0,0
SEN,reference 2006-2020,2006,2020,"prets ODA, toutes modalites",0,36,1195.39,272.87,22.83,0.0,0.0,100.08,0
SEN,reference 2006-2020,2006,2020,"prets ODA, toutes modalites",1,36,1195.39,402.1,33.64,18.65,1.72,100.34,0
SEN,reference 2006-2020,2006,2020,"prets ODA, toutes modalites",2,36,1195.39,515.22,43.1,40.61,8.23,100.35,0
SEN,reference 2006-2020,2006,2020,"prets ODA, toutes modalites",3,36,1195.39,597.39,49.97,45.97,30.9,100.35,0
SEN,reference 2006-2020,2006,2020,"prets ODA, toutes modalites",4,36,1195.39,693.44,58.01,63.4,35.41,100.35,0
SEN,reference 2006-2020,2006,2020,"dons ODA, toutes modalites",0,141,358.73,46.74,13.03,68.81,0.0,100.0,0
SEN,reference 2006-2020,2006,2020,"dons ODA, toutes modalites",1,141,358.73,63.92,17.82,97.34,6.19,100.0,0
SEN,reference 2006-2020,2006,2020,"dons ODA, toutes modalites",2,141,358.73,119.43,33.29,99.21,20.0,100.0,0
SEN,reference 2006-2020,2006,2020,"dons ODA, toutes modalites",3,141,358.73,166.25,46.34,99.99,32.08,100.0,0
SEN,reference 2006-2020,2006,2020,"dons ODA, toutes modalites",4,141,358.73,206.07,57.44,100.0,38.47,100.0,0
SEN,reference 2006-2020,2006,2020,"prets ODA, type projet C01",0,24,910.1,67.11,7.37,0.0,0.0,1.3,0
SEN,reference 2006-2020,2006,2020,"prets ODA, type projet C01",1,24,910.1,128.33,14.1,2.67,1.02,12.62,0
SEN,reference 2006-2020,2006,2020,"prets ODA, type projet C01",2,24,910.1,241.46,26.53,16.21,5.16,35.74,0
SEN,reference 2006-2020,2006,2020,"prets ODA, type projet C01",3,24,910.1,323.63,35.56,32.56,8.58,43.78,0
SEN,reference 2006-2020,2006,2020,"prets ODA, type projet C01",4,24,910.1,419.67,46.11,49.52,14.66,63.4,0
SEN,reference 2006-2020,2006,2020,"dons ODA, type projet C01",0,108,331.92,23.26,7.01,35.74,0.0,100.0,0
SEN,reference 2006-2020,2006,2020,"dons ODA, type projet C01",1,108,331.92,40.24,12.12,58.97,0.0,100.0,0
SEN,reference 2006-2020,2006,2020,"dons ODA, type projet C01",2,108,331.92,95.63,28.81,75.45,2.51,100.0,0
SEN,reference 2006-2020,2006,2020,"dons ODA, type projet C01",3,108,331.92,142.35,42.89,92.06,3.97,100.0,0
SEN,reference 2006-2020,2006,2020,"dons ODA, type projet C01",4,108,331.92,182.12,54.87,96.75,17.61,100.0,0
SEN,reference 2006-2020,2006,2020,"tous instruments, type projet C01",0,155,2221.88,99.4,4.47,0.54,0.0,99.61,0
SEN,reference 2006-2020,2006,2020,"tous instruments, type projet C01",1,155,2221.88,177.7,8.0,22.68,0.0,100.0,0
SEN,reference 2006-2020,2006,2020,"tous instruments, type projet C01",2,155,2221.88,355.5,16.0,40.92,0.0,100.0,0
SEN,reference 2006-2020,2006,2020,"tous instruments, type projet C01",3,155,2221.88,484.72,21.82,58.02,0.0,100.0,0
SEN,reference 2006-2020,2006,2020,"tous instruments, type projet C01",4,155,2221.88,620.54,27.93,69.05,0.0,100.0,0
SEN,reference 2006-2020,2006,2020,"prets ODA, appui budgetaire A01/A02",0,12,285.29,205.76,72.12,100.35,92.25,103.12,0
SEN,reference 2006-2020,2006,2020,"prets ODA, appui budgetaire A01/A02",1,12,285.29,273.77,95.96,101.61,100.35,103.12,0
SEN,reference 2006-2020,2006,2020,"prets ODA, appui budgetaire A01/A02",2,12,285.29,273.77,95.96,101.61,100.35,103.12,0
SEN,reference 2006-2020,2006,2020,"prets ODA, appui budgetaire A01/A02",3,12,285.29,273.77,95.96,101.61,100.35,103.12,0
SEN,reference 2006-2020,2006,2020,"prets ODA, appui budgetaire A01/A02",4,12,285.29,273.77,95.96,101.61,100.35,103.12,0
VNM,2006-2009,2006,2009,"tous instruments, toutes modalites",0,81,2268.96,65.84,2.9,78.64,0.0,100.0,0
VNM,2006-2009,2006,2009,"tous instruments, toutes modalites",1,81,2268.96,118.15,5.21,78.64,0.0,100.0,0
VNM,2006-2009,2006,2009,"tous instruments, toutes modalites",2,81,2268.96,230.73,10.17,78.64,0.39,100.0,0
VNM,2006-2009,2006,2009,"tous instruments, toutes modalites",3,81,2268.96,366.85,16.17,81.23,0.39,100.0,0
VNM,2006-2009,2006,2009,"tous instruments, toutes modalites",4,81,2268.96,482.8,21.28,90.25,2.78,100.0,0
VNM,2006-2009,2006,2009,"prets ODA, toutes modalites",0,12,1520.7,52.86,3.48,0.0,0.0,0.0,0
VNM,2006-2009,2006,2009,"prets ODA, toutes modalites",1,12,1520.7,100.26,6.59,0.7,0.0,6.87,0
VNM,2006-2009,2006,2009,"prets ODA, toutes modalites",2,12,1520.7,207.82,13.67,4.19,0.0,28.24,0
VNM,2006-2009,2006,2009,"prets ODA, toutes modalites",3,12,1520.7,340.23,22.37,8.03,0.0,51.47,0
VNM,2006-2009,2006,2009,"prets ODA, toutes modalites",4,12,1520.7,453.01,29.79,14.27,0.0,60.49,0
VNM,2006-2009,2006,2009,"dons ODA, toutes modalites",0,66,60.5,12.98,21.45,100.0,0.0,100.0,0
VNM,2006-2009,2006,2009,"dons ODA, toutes modalites",1,66,60.5,17.89,29.56,100.0,8.16,100.0,0
VNM,2006-2009,2006,2009,"dons ODA, toutes modalites",2,66,60.5,22.91,37.86,100.0,28.13,100.0,0
VNM,2006-2009,2006,2009,"dons ODA, toutes modalites",3,66,60.5,26.62,44.0,100.0,32.59,100.0,0
VNM,2006-2009,2006,2009,"dons ODA, toutes modalites",4,66,60.5,29.78,49.23,100.0,43.5,100.0,0
VNM,2006-2009,2006,2009,"prets ODA, type projet C01",0,10,1292.54,2.16,0.17,0.0,0.0,0.0,0
VNM,2006-2009,2006,2009,"prets ODA, type projet C01",1,10,1292.54,49.56,3.83,0.7,0.1,3.28,0
VNM,2006-2009,2006,2009,"prets ODA, type projet C01",2,10,1292.54,157.11,12.16,4.19,0.1,22.45,0
VNM,2006-2009,2006,2009,"prets ODA, type projet C01",3,10,1292.54,289.53,22.4,8.03,0.1,39.61,0
VNM,2006-2009,2006,2009,"prets ODA, type projet C01",4,10,1292.54,402.31,31.13,14.27,0.1,48.03,0
VNM,2006-2009,2006,2009,"dons ODA, type projet C01",0,14,25.99,3.86,14.86,0.0,0.0,63.99,0
VNM,2006-2009,2006,2009,"dons ODA, type projet C01",1,14,25.99,3.97,15.28,0.0,0.0,64.74,0
VNM,2006-2009,2006,2009,"dons ODA, type projet C01",2,14,25.99,4.31,16.57,0.0,0.0,65.74,0
VNM,2006-2009,2006,2009,"dons ODA, type projet C01",3,14,25.99,4.8,18.45,0.0,0.0,65.74,0
VNM,2006-2009,2006,2009,"dons ODA, type projet C01",4,14,25.99,5.12,19.72,0.0,0.0,65.74,0
VNM,2006-2009,2006,2009,"tous instruments, type projet C01",0,24,1318.52,6.02,0.46,0.0,0.0,0.69,0
VNM,2006-2009,2006,2009,"tous instruments, type projet C01",1,24,1318.52,53.53,4.06,0.46,0.0,18.59,0
VNM,2006-2009,2006,2009,"tous instruments, type projet C01",2,24,1318.52,161.42,12.24,1.43,0.0,28.24,0
VNM,2006-2009,2006,2009,"tous instruments, type projet C01",3,24,1318.52,294.32,22.32,1.59,0.0,51.47,0
VNM,2006-2009,2006,2009,"tous instruments, type projet C01",4,24,1318.52,407.44,30.9,1.59,0.0,60.49,0
VNM,2006-2009,2006,2009,"prets ODA, appui budgetaire A01/A02",0,1,47.54,50.7,106.65,106.65,106.65,106.65,0
VNM,2006-2009,2006,2009,"prets ODA, appui budgetaire A01/A02",1,1,47.54,50.7,106.65,106.65,106.65,106.65,0
VNM,2006-2009,2006,2009,"prets ODA, appui budgetaire A01/A02",2,1,47.54,50.7,106.65,106.65,106.65,106.65,0
VNM,2006-2009,2006,2009,"prets ODA, appui budgetaire A01/A02",3,1,47.54,50.7,106.65,106.65,106.65,106.65,0
VNM,2006-2009,2006,2009,"prets ODA, appui budgetaire A01/A02",4,1,47.54,50.7,106.65,106.65,106.65,106.65,0
VNM,2010-2013,2010,2013,"tous instruments, toutes modalites",0,134,4431.5,672.9,15.18,62.69,0.0,99.07,0
VNM,2010-2013,2010,2013,"tous instruments, toutes modalites",1,134,4431.5,1329.01,29.99,97.52,11.46,99.89,0
VNM,2010-2013,2010,2013,"tous instruments, toutes modalites",2,134,4431.5,1893.35,42.72,97.98,27.72,100.0,0
VNM,2010-2013,2010,2013,"tous instruments, toutes modalites",3,134,4431.5,2745.68,61.96,98.29,35.07,100.0,0
VNM,2010-2013,2010,2013,"tous instruments, toutes modalites",4,134,4431.5,3126.38,70.55,98.37,51.16,100.0,0
VNM,2010-2013,2010,2013,"prets ODA, toutes modalites",0,23,2267.82,307.99,13.58,0.0,0.0,2.38,0
VNM,2010-2013,2010,2013,"prets ODA, toutes modalites",1,23,2267.82,717.98,31.66,10.79,0.28,29.35,0
VNM,2010-2013,2010,2013,"prets ODA, toutes modalites",2,23,2267.82,1036.97,45.73,52.66,4.69,65.52,0
VNM,2010-2013,2010,2013,"prets ODA, toutes modalites",3,23,2267.82,1261.97,55.65,75.4,12.2,93.28,0
VNM,2010-2013,2010,2013,"prets ODA, toutes modalites",4,23,2267.82,1433.98,63.23,76.61,15.54,93.28,0
VNM,2010-2013,2010,2013,"dons ODA, toutes modalites",0,99,56.46,25.41,45.0,94.68,28.28,99.54,0
VNM,2010-2013,2010,2013,"dons ODA, toutes modalites",1,99,56.46,28.71,50.86,98.79,63.9,100.0,0
VNM,2010-2013,2010,2013,"dons ODA, toutes modalites",2,99,56.46,30.25,53.58,98.79,75.86,100.0,0
VNM,2010-2013,2010,2013,"dons ODA, toutes modalites",3,99,56.46,31.93,56.56,98.95,75.86,100.0,0
VNM,2010-2013,2010,2013,"dons ODA, toutes modalites",4,99,56.46,34.06,60.33,98.97,80.98,100.0,0
VNM,2010-2013,2010,2013,"prets ODA, type projet C01",0,19,1997.16,74.52,3.73,0.0,0.0,0.01,0
VNM,2010-2013,2010,2013,"prets ODA, type projet C01",1,19,1997.16,448.41,22.45,8.87,0.06,10.79,0
VNM,2010-2013,2010,2013,"prets ODA, type projet C01",2,19,1997.16,767.41,38.43,11.85,0.22,54.75,0
VNM,2010-2013,2010,2013,"prets ODA, type projet C01",3,19,1997.16,992.41,49.69,20.08,10.95,87.67,0
VNM,2010-2013,2010,2013,"prets ODA, type projet C01",4,19,1997.16,1164.42,58.3,36.93,11.29,91.45,0
VNM,2010-2013,2010,2013,"dons ODA, type projet C01",0,70,50.56,22.74,44.97,96.49,36.1,99.07,0
VNM,2010-2013,2010,2013,"dons ODA, type projet C01",1,70,50.56,25.34,50.13,98.79,73.26,99.89,0
VNM,2010-2013,2010,2013,"dons ODA, type projet C01",2,70,50.56,26.52,52.45,98.87,88.53,100.0,0
VNM,2010-2013,2010,2013,"dons ODA, type projet C01",3,70,50.56,28.12,55.62,98.87,88.53,100.0,0
VNM,2010-2013,2010,2013,"dons ODA, type projet C01",4,70,50.56,29.68,58.7,98.87,88.53,100.0,0
VNM,2010-2013,2010,2013,"tous instruments, type projet C01",0,94,3310.97,97.37,2.94,56.29,0.0,99.06,0
VNM,2010-2013,2010,2013,"tous instruments, type projet C01",1,94,3310.97,624.73,18.87,97.08,9.58,99.07,0
VNM,2010-2013,2010,2013,"tous instruments, type projet C01",2,94,3310.97,1068.67,32.28,98.29,20.77,99.07,0
VNM,2010-2013,2010,2013,"tous instruments, type projet C01",3,94,3310.97,1839.02,55.54,98.29,28.85,99.07,0
VNM,2010-2013,2010,2013,"tous instruments, type projet C01",4,94,3310.97,2168.31,65.49,98.29,37.32,99.07,0
VNM,2010-2013,2010,2013,"prets ODA, appui budgetaire A01/A02",0,4,270.66,233.48,86.26,49.74,0.0,99.69,0
VNM,2010-2013,2010,2013,"prets ODA, appui budgetaire A01/A02",1,4,270.66,269.56,99.59,98.61,97.63,99.69,0
VNM,2010-2013,2010,2013,"prets ODA, appui budgetaire A01/A02",2,4,270.66,269.56,99.59,98.61,97.63,99.69,0
VNM,2010-2013,2010,2013,"prets ODA, appui budgetaire A01/A02",3,4,270.66,269.56,99.59,98.61,97.63,99.69,0
VNM,2010-2013,2010,2013,"prets ODA, appui budgetaire A01/A02",4,4,270.66,269.56,99.59,98.61,97.63,99.69,0
VNM,2014-2017,2014,2017,"tous instruments, toutes modalites",0,103,3716.09,290.01,7.8,7.97,0.0,100.0,0
VNM,2014-2017,2014,2017,"tous instruments, toutes modalites",1,103,3716.09,860.25,23.15,40.12,0.0,100.0,0
VNM,2014-2017,2014,2017,"tous instruments, toutes modalites",2,103,3716.09,1146.62,30.86,65.7,0.2,100.0,0
VNM,2014-2017,2014,2017,"tous instruments, toutes modalites",3,103,3716.09,1487.09,40.02,73.54,5.61,100.0,0
VNM,2014-2017,2014,2017,"tous instruments, toutes modalites",4,103,3716.09,1709.58,46.0,78.27,11.33,100.0,0
VNM,2014-2017,2014,2017,"prets ODA, toutes modalites",0,17,2066.95,282.51,13.67,0.0,0.0,0.0,0
VNM,2014-2017,2014,2017,"prets ODA, toutes modalites",1,17,2066.95,590.08,28.55,0.12,0.0,37.22,0
VNM,2014-2017,2014,2017,"prets ODA, toutes modalites",2,17,2066.95,725.61,35.11,7.86,0.0,80.04,0
VNM,2014-2017,2014,2017,"prets ODA, toutes modalites",3,17,2066.95,841.05,40.69,34.45,1.68,89.17,0
VNM,2014-2017,2014,2017,"prets ODA, toutes modalites",4,17,2066.95,983.47,47.58,45.17,10.42,89.76,0
VNM,2014-2017,2014,2017,"dons ODA, toutes modalites",0,74,234.96,6.63,2.82,52.02,0.0,100.0,0
VNM,2014-2017,2014,2017,"dons ODA, toutes modalites",1,74,234.96,12.69,5.4,81.49,0.0,100.0,0
VNM,2014-2017,2014,2017,"dons ODA, toutes modalites",2,74,234.96,23.1,9.83,85.15,5.69,100.0,0
VNM,2014-2017,2014,2017,"dons ODA, toutes modalites",3,74,234.96,31.33,13.34,89.48,16.57,100.0,0
VNM,2014-2017,2014,2017,"dons ODA, toutes modalites",4,74,234.96,39.21,16.69,90.52,16.76,100.0,0
VNM,2014-2017,2014,2017,"prets ODA, type projet C01",0,15,2030.4,268.37,13.22,0.0,0.0,0.0,0
VNM,2014-2017,2014,2017,"prets ODA, type projet C01",1,15,2030.4,555.38,27.35,0.0,0.0,7.26,0
VNM,2014-2017,2014,2017,"prets ODA, type projet C01",2,15,2030.4,690.91,34.03,5.97,0.0,30.55,0
VNM,2014-2017,2014,2017,"prets ODA, type projet C01",3,15,2030.4,806.35,39.71,18.5,1.01,47.78,0
VNM,2014-2017,2014,2017,"prets ODA, type projet C01",4,15,2030.4,948.76,46.73,32.05,5.38,60.54,0
VNM,2014-2017,2014,2017,"dons ODA, type projet C01",0,45,79.63,4.59,5.77,14.6,0.0,100.0,0
VNM,2014-2017,2014,2017,"dons ODA, type projet C01",1,45,79.63,10.05,12.63,40.12,0.0,100.0,0
VNM,2014-2017,2014,2017,"dons ODA, type projet C01",2,45,79.63,19.59,24.6,51.24,0.0,100.0,0
VNM,2014-2017,2014,2017,"dons ODA, type projet C01",3,45,79.63,27.09,34.03,65.71,0.0,100.0,0
VNM,2014-2017,2014,2017,"dons ODA, type projet C01",4,45,79.63,34.6,43.45,72.4,0.0,100.0,0
VNM,2014-2017,2014,2017,"tous instruments, type projet C01",0,71,3310.09,273.3,8.26,0.0,0.0,81.93,0
VNM,2014-2017,2014,2017,"tous instruments, type projet C01",1,71,3310.09,585.95,17.7,6.17,0.0,85.81,0
VNM,2014-2017,2014,2017,"tous instruments, type projet C01",2,71,3310.09,871.45,26.33,19.5,0.0,94.56,0
VNM,2014-2017,2014,2017,"tous instruments, type projet C01",3,71,3310.09,1211.18,36.59,37.34,0.05,97.76,0
VNM,2014-2017,2014,2017,"tous instruments, type projet C01",4,71,3310.09,1433.31,43.3,46.93,0.16,97.76,0
VNM,2014-2017,2014,2017,"prets ODA, appui budgetaire A01/A02",0,2,36.56,14.14,38.69,47.18,23.59,70.77,0
VNM,2014-2017,2014,2017,"prets ODA, appui budgetaire A01/A02",1,2,36.56,34.7,94.93,94.84,94.6,95.08,0
VNM,2014-2017,2014,2017,"prets ODA, appui budgetaire A01/A02",2,2,36.56,34.7,94.93,94.84,94.6,95.08,0
VNM,2014-2017,2014,2017,"prets ODA, appui budgetaire A01/A02",3,2,36.56,34.7,94.93,94.84,94.6,95.08,0
VNM,2014-2017,2014,2017,"prets ODA, appui budgetaire A01/A02",4,2,36.56,34.7,94.93,94.84,94.6,95.08,0
VNM,2018-2021,2018,2021,"tous instruments, toutes modalites",0,91,1640.34,224.67,13.7,36.59,0.0,100.0,0
VNM,2018-2021,2018,2021,"tous instruments, toutes modalites",1,91,1640.34,425.48,25.94,87.1,17.05,100.0,0
VNM,2018-2021,2018,2021,"tous instruments, toutes modalites",2,91,1640.34,620.97,37.86,92.4,39.37,100.0,0
VNM,2018-2021,2018,2021,"tous instruments, toutes modalites",3,91,1640.34,879.02,53.59,96.01,50.38,100.0,0
VNM,2018-2021,2018,2021,"tous instruments, toutes modalites",4,64,1241.3,757.03,60.99,95.93,44.23,100.0,27
VNM,2018-2021,2018,2021,"prets ODA, toutes modalites",0,8,296.16,19.68,6.65,0.0,0.0,0.0,0
VNM,2018-2021,2018,2021,"prets ODA, toutes modalites",1,8,296.16,121.75,41.11,95.84,36.68,98.31,0
VNM,2018-2021,2018,2021,"prets ODA, toutes modalites",2,8,296.16,148.9,50.28,95.84,69.43,98.31,0
VNM,2018-2021,2018,2021,"prets ODA, toutes modalites",3,8,296.16,207.02,69.9,95.84,83.21,98.31,0
VNM,2018-2021,2018,2021,"prets ODA, toutes modalites",4,3,52.61,49.71,94.48,95.84,94.66,95.84,5
VNM,2018-2021,2018,2021,"dons ODA, toutes modalites",0,61,272.55,14.64,5.37,38.0,1.98,100.0,0
VNM,2018-2021,2018,2021,"dons ODA, toutes modalites",1,61,272.55,22.47,8.25,82.92,28.68,100.0,0
VNM,2018-2021,2018,2021,"dons ODA, toutes modalites",2,61,272.55,32.68,11.99,83.27,50.91,100.0,0
VNM,2018-2021,2018,2021,"dons ODA, toutes modalites",3,61,272.55,36.14,13.26,96.01,67.72,100.0,0
VNM,2018-2021,2018,2021,"dons ODA, toutes modalites",4,46,244.61,18.4,7.52,95.82,54.88,100.0,15
VNM,2018-2021,2018,2021,"prets ODA, type projet C01",0,4,222.28,19.68,8.85,0.0,0.0,25.43,0
VNM,2018-2021,2018,2021,"prets ODA, type projet C01",1,4,222.28,49.52,22.28,27.67,9.48,59.7,0
VNM,2018-2021,2018,2021,"prets ODA, type projet C01",2,4,222.28,76.67,34.49,53.28,19.57,89.61,0
VNM,2018-2021,2018,2021,"prets ODA, type projet C01",3,4,222.28,134.79,60.64,72.95,51.4,95.53,0
VNM,2018-2021,2018,2021,"prets ODA, type projet C01",4,1,30.13,28.16,93.47,93.47,93.47,93.47,3
VNM,2018-2021,2018,2021,"dons ODA, type projet C01",0,37,88.36,13.15,14.88,28.27,0.0,83.27,0
VNM,2018-2021,2018,2021,"dons ODA, type projet C01",1,37,88.36,20.38,23.06,62.19,28.51,100.0,0
VNM,2018-2021,2018,2021,"dons ODA, type projet C01",2,37,88.36,29.96,33.91,82.89,37.63,100.0,0
VNM,2018-2021,2018,2021,"dons ODA, type projet C01",3,37,88.36,33.03,37.38,83.27,37.63,100.0,0
VNM,2018-2021,2018,2021,"dons ODA, type projet C01",4,22,60.42,15.14,25.06,83.23,1.77,100.0,15
VNM,2018-2021,2018,2021,"tous instruments, type projet C01",0,59,778.06,128.59,16.53,28.27,0.0,100.0,0
VNM,2018-2021,2018,2021,"tous instruments, type projet C01",1,59,778.06,205.17,26.37,62.19,9.06,100.0,0
VNM,2018-2021,2018,2021,"tous instruments, type projet C01",2,59,778.06,241.9,31.09,83.19,12.23,100.0,0
VNM,2018-2021,2018,2021,"tous instruments, type projet C01",3,59,778.06,315.62,40.56,87.1,24.38,100.0,0
VNM,2018-2021,2018,2021,"tous instruments, type projet C01",4,34,430.41,128.92,29.95,85.19,0.19,100.0,25
VNM,2018-2021,2018,2021,"prets ODA, appui budgetaire A01/A02",0,4,73.88,0.0,0.0,0.0,0.0,0.0,0
VNM,2018-2021,2018,2021,"prets ODA, appui budgetaire A01/A02",1,4,73.88,72.23,97.76,96.51,95.84,98.6,0
VNM,2018-2021,2018,2021,"prets ODA, appui budgetaire A01/A02",2,4,73.88,72.23,97.76,96.51,95.84,98.6,0
VNM,2018-2021,2018,2021,"prets ODA, appui budgetaire A01/A02",3,4,73.88,72.23,97.76,96.51,95.84,98.6,0
VNM,2018-2021,2018,2021,"prets ODA, appui budgetaire A01/A02",4,2,22.49,21.55,95.84,95.84,95.84,95.84,2
VNM,2022-2023 (JETP),2022,2023,"tous instruments, toutes modalites",0,46,299.9,50.36,16.79,21.42,0.0,96.33,0
VNM,2022-2023 (JETP),2022,2023,"tous instruments, toutes modalites",1,46,299.9,139.95,46.67,92.8,10.38,100.0,0
VNM,2022-2023 (JETP),2022,2023,"tous instruments, toutes modalites",2,23,238.4,103.25,43.31,42.68,26.5,100.0,23
VNM,2022-2023 (JETP),2022,2023,"prets ODA, toutes modalites",0,2,122.76,1.33,1.08,0.72,0.36,1.08,0
VNM,2022-2023 (JETP),2022,2023,"prets ODA, toutes modalites",1,2,122.76,36.37,29.63,52.22,30.11,74.33,0
VNM,2022-2023 (JETP),2022,2023,"prets ODA, toutes modalites",2,1,92.74,20.2,21.79,21.79,21.79,21.79,1
VNM,2022-2023 (JETP),2022,2023,"dons ODA, toutes modalites",0,35,56.78,14.52,25.57,27.46,0.0,69.21,0
VNM,2022-2023 (JETP),2022,2023,"dons ODA, toutes modalites",1,35,56.78,31.79,55.99,84.4,11.66,100.0,0
VNM,2022-2023 (JETP),2022,2023,"dons ODA, toutes modalites",2,18,32.52,15.42,47.4,42.62,27.06,100.0,17
VNM,2022-2023 (JETP),2022,2023,"prets ODA, type projet C01",0,1,92.74,1.33,1.44,1.44,1.44,1.44,0
VNM,2022-2023 (JETP),2022,2023,"prets ODA, type projet C01",1,1,92.74,7.42,8.0,8.0,8.0,8.0,0
VNM,2022-2023 (JETP),2022,2023,"prets ODA, type projet C01",2,1,92.74,20.2,21.79,21.79,21.79,21.79,0
VNM,2022-2023 (JETP),2022,2023,"dons ODA, type projet C01",0,29,46.31,13.78,29.76,27.46,0.0,69.14,0
VNM,2022-2023 (JETP),2022,2023,"dons ODA, type projet C01",1,29,46.31,22.4,48.39,69.28,14.22,100.0,0
VNM,2022-2023 (JETP),2022,2023,"dons ODA, type projet C01",2,15,22.96,6.85,29.83,42.56,27.12,93.23,14
VNM,2022-2023 (JETP),2022,2023,"tous instruments, type projet C01",0,38,259.13,49.36,19.05,21.42,0.0,81.32,0
VNM,2022-2023 (JETP),2022,2023,"tous instruments, type projet C01",1,38,259.13,101.34,39.11,86.26,10.38,100.0,0
VNM,2022-2023 (JETP),2022,2023,"tous instruments, type projet C01",2,20,228.84,94.69,41.38,42.62,26.75,100.0,18
VNM,2022-2023 (JETP),2022,2023,"prets ODA, appui budgetaire A01/A02",0,1,30.02,0.0,0.0,0.0,0.0,0.0,0
VNM,2022-2023 (JETP),2022,2023,"prets ODA, appui budgetaire A01/A02",1,1,30.02,28.95,96.45,96.45,96.45,96.45,0
VNM,reference 2006-2020,2006,2020,"tous instruments, toutes modalites",0,382,11657.85,1166.99,10.01,41.8,0.0,100.0,0
VNM,reference 2006-2020,2006,2020,"tous instruments, toutes modalites",1,382,11657.85,2574.61,22.08,83.23,1.14,100.0,0
VNM,reference 2006-2020,2006,2020,"tous instruments, toutes modalites",2,382,11657.85,3710.6,31.83,89.24,9.24,100.0,0
VNM,reference 2006-2020,2006,2020,"tous instruments, toutes modalites",3,382,11657.85,5240.23,44.95,93.28,20.13,100.0,0
VNM,reference 2006-2020,2006,2020,"tous instruments, toutes modalites",4,382,11657.85,6075.78,52.12,94.71,26.09,100.0,0
VNM,reference 2006-2020,2006,2020,"prets ODA, toutes modalites",0,55,5908.08,643.37,10.89,0.0,0.0,0.0,0
VNM,reference 2006-2020,2006,2020,"prets ODA, toutes modalites",1,55,5908.08,1443.64,24.43,3.87,0.0,38.7,0
VNM,reference 2006-2020,2006,2020,"prets ODA, toutes modalites",2,55,5908.08,2017.73,34.15,11.85,0.03,72.87,0
VNM,reference 2006-2020,2006,2020,"prets ODA, toutes modalites",3,55,5908.08,2492.96,42.2,34.45,1.73,93.28,0
VNM,reference 2006-2020,2006,2020,"prets ODA, toutes modalites",4,55,5908.08,2920.18,49.43,55.02,6.41,93.28,0
VNM,reference 2006-2020,2006,2020,"dons ODA, toutes modalites",0,285,596.53,55.09,9.24,81.23,0.0,100.0,0
VNM,reference 2006-2020,2006,2020,"dons ODA, toutes modalites",1,285,596.53,72.09,12.08,98.31,16.98,100.0,0
VNM,reference 2006-2020,2006,2020,"dons ODA, toutes modalites",2,285,596.53,91.62,15.36,98.67,37.63,100.0,0
VNM,reference 2006-2020,2006,2020,"dons ODA, toutes modalites",3,285,596.53,107.11,17.95,98.79,40.12,100.0,0
VNM,reference 2006-2020,2006,2020,"dons ODA, toutes modalites",4,285,596.53,121.45,20.36,98.79,45.11,100.0,0
VNM,reference 2006-2020,2006,2020,"prets ODA, type projet C01",0,45,5350.21,345.05,6.45,0.0,0.0,0.0,0
VNM,reference 2006-2020,2006,2020,"prets ODA, type projet C01",1,45,5350.21,1067.12,19.95,0.7,0.0,10.79,0
VNM,reference 2006-2020,2006,2020,"prets ODA, type projet C01",2,45,5350.21,1641.22,30.68,8.74,0.0,52.66,0
VNM,reference 2006-2020,2006,2020,"prets ODA, type projet C01",3,45,5350.21,2116.45,39.56,18.5,0.44,75.4,0
VNM,reference 2006-2020,2006,2020,"prets ODA, type projet C01",4,45,5350.21,2543.66,47.54,31.61,0.44,86.06,0
VNM,reference 2006-2020,2006,2020,"dons ODA, type projet C01",0,151,216.59,39.78,18.36,56.68,0.0,99.07,0
VNM,reference 2006-2020,2006,2020,"dons ODA, type projet C01",1,151,216.59,50.07,23.12,88.03,0.93,100.0,0
VNM,reference 2006-2020,2006,2020,"dons ODA, type projet C01",2,151,216.59,63.06,29.11,94.71,7.45,100.0,0
VNM,reference 2006-2020,2006,2020,"dons ODA, type projet C01",3,151,216.59,74.12,34.22,97.69,14.21,100.0,0
VNM,reference 2006-2020,2006,2020,"dons ODA, type projet C01",4,151,216.59,84.55,39.03,97.83,14.38,100.0,0
VNM,reference 2006-2020,2006,2020,"tous instruments, type projet C01",0,223,8369.99,418.86,5.0,4.09,0.0,98.79,0
VNM,reference 2006-2020,2006,2020,"tous instruments, type projet C01",1,223,8369.99,1361.77,16.27,33.94,0.0,99.06,0
VNM,reference 2006-2020,2006,2020,"tous instruments, type projet C01",2,223,8369.99,2213.05,26.44,54.75,0.37,99.06,0
VNM,reference 2006-2020,2006,2020,"tous instruments, type projet C01",3,223,8369.99,3472.41,41.49,72.4,1.73,99.07,0
VNM,reference 2006-2020,2006,2020,"tous instruments, type projet C01",4,223,8369.99,4137.97,49.44,79.91,3.81,99.07,0
VNM,reference 2006-2020,2006,2020,"prets ODA, appui budgetaire A01/A02",0,9,377.25,298.32,79.08,0.0,0.0,99.49,0
VNM,reference 2006-2020,2006,2020,"prets ODA, appui budgetaire A01/A02",1,9,377.25,376.52,99.81,97.31,95.84,99.49,0
VNM,reference 2006-2020,2006,2020,"prets ODA, appui budgetaire A01/A02",2,9,377.25,376.52,99.81,97.31,95.84,99.49,0
VNM,reference 2006-2020,2006,2020,"prets ODA, appui budgetaire A01/A02",3,9,377.25,376.52,99.81,97.31,95.84,99.49,0
VNM,reference 2006-2020,2006,2020,"prets ODA, appui budgetaire A01/A02",4,9,377.25,376.52,99.81,97.31,95.84,99.49,0
ZAF,2006-2009,2006,2009,"tous instruments, toutes modalites",0,53,3200.56,12.57,0.39,98.44,10.02,100.0,0
ZAF,2006-2009,2006,2009,"tous instruments, toutes modalites",1,53,3200.56,16.53,0.52,100.0,45.42,100.0,0
ZAF,2006-2009,2006,2009,"tous instruments, toutes modalites",2,53,3200.56,20.27,0.63,100.0,50.41,100.0,0
ZAF,2006-2009,2006,2009,"tous instruments, toutes modalites",3,53,3200.56,20.89,0.65,100.0,61.48,100.0,0
ZAF,2006-2009,2006,2009,"tous instruments, toutes modalites",4,53,3200.56,20.72,0.65,100.0,61.48,100.0,0
ZAF,2006-2009,2006,2009,"prets ODA, toutes modalites",0,2,87.32,8.56,9.8,50.0,25.0,75.0,0
ZAF,2006-2009,2006,2009,"prets ODA, toutes modalites",1,2,87.32,8.56,9.8,50.0,25.0,75.0,0
ZAF,2006-2009,2006,2009,"prets ODA, toutes modalites",2,2,87.32,8.56,9.8,50.0,25.0,75.0,0
ZAF,2006-2009,2006,2009,"prets ODA, toutes modalites",3,2,87.32,8.56,9.8,50.0,25.0,75.0,0
ZAF,2006-2009,2006,2009,"prets ODA, toutes modalites",4,2,87.32,8.56,9.8,50.0,25.0,75.0,0
ZAF,2006-2009,2006,2009,"dons ODA, toutes modalites",0,49,18.6,4.01,21.58,100.0,19.61,100.0,0
ZAF,2006-2009,2006,2009,"dons ODA, toutes modalites",1,49,18.6,7.97,42.86,100.0,50.41,100.0,0
ZAF,2006-2009,2006,2009,"dons ODA, toutes modalites",2,49,18.6,11.71,62.97,100.0,70.81,100.0,0
ZAF,2006-2009,2006,2009,"dons ODA, toutes modalites",3,49,18.6,12.34,66.33,100.0,79.86,100.0,0
ZAF,2006-2009,2006,2009,"dons ODA, toutes modalites",4,49,18.6,12.17,65.42,100.0,79.86,100.0,0
ZAF,2006-2009,2006,2009,"prets ODA, type projet C01",0,2,87.32,8.56,9.8,50.0,25.0,75.0,0
ZAF,2006-2009,2006,2009,"prets ODA, type projet C01",1,2,87.32,8.56,9.8,50.0,25.0,75.0,0
ZAF,2006-2009,2006,2009,"prets ODA, type projet C01",2,2,87.32,8.56,9.8,50.0,25.0,75.0,0
ZAF,2006-2009,2006,2009,"prets ODA, type projet C01",3,2,87.32,8.56,9.8,50.0,25.0,75.0,0
ZAF,2006-2009,2006,2009,"prets ODA, type projet C01",4,2,87.32,8.56,9.8,50.0,25.0,75.0,0
ZAF,2006-2009,2006,2009,"dons ODA, type projet C01",0,9,1.39,0.03,2.39,48.48,0.0,100.0,0
ZAF,2006-2009,2006,2009,"dons ODA, type projet C01",1,9,1.39,0.23,16.8,90.44,48.48,100.0,0
ZAF,2006-2009,2006,2009,"dons ODA, type projet C01",2,9,1.39,0.53,37.99,90.44,48.48,100.0,0
ZAF,2006-2009,2006,2009,"dons ODA, type projet C01",3,9,1.39,0.92,66.24,90.44,79.86,100.0,0
ZAF,2006-2009,2006,2009,"dons ODA, type projet C01",4,9,1.39,0.92,66.24,90.44,79.86,100.0,0
ZAF,2006-2009,2006,2009,"tous instruments, type projet C01",0,11,88.71,8.59,9.68,48.48,0.0,100.0,0
ZAF,2006-2009,2006,2009,"tous instruments, type projet C01",1,11,88.71,8.79,9.91,90.44,31.25,100.0,0
ZAF,2006-2009,2006,2009,"tous instruments, type projet C01",2,11,88.71,9.09,10.24,90.44,45.36,100.0,0
ZAF,2006-2009,2006,2009,"tous instruments, type projet C01",3,11,88.71,9.48,10.69,90.44,64.17,100.0,0
ZAF,2006-2009,2006,2009,"tous instruments, type projet C01",4,11,88.71,9.48,10.69,90.44,64.17,100.0,0
ZAF,2010-2013,2010,2013,"tous instruments, toutes modalites",0,87,5249.23,514.03,9.79,52.85,0.0,100.0,0
ZAF,2010-2013,2010,2013,"tous instruments, toutes modalites",1,87,5249.23,806.03,15.36,88.67,1.24,100.0,0
ZAF,2010-2013,2010,2013,"tous instruments, toutes modalites",2,87,5249.23,1358.51,25.88,88.87,5.3,100.0,0
ZAF,2010-2013,2010,2013,"tous instruments, toutes modalites",3,87,5249.23,1678.66,31.98,91.49,8.5,100.0,0
ZAF,2010-2013,2010,2013,"tous instruments, toutes modalites",4,87,5249.23,2479.04,47.23,91.49,10.01,100.0,0
ZAF,2010-2013,2010,2013,"prets ODA, toutes modalites",0,5,366.9,0.0,0.0,0.0,0.0,0.0,0
ZAF,2010-2013,2010,2013,"prets ODA, toutes modalites",1,5,366.9,56.98,15.53,0.0,0.0,58.85,0
ZAF,2010-2013,2010,2013,"prets ODA, toutes modalites",2,5,366.9,59.06,16.1,0.0,0.0,58.85,0
ZAF,2010-2013,2010,2013,"prets ODA, toutes modalites",3,5,366.9,68.06,18.55,6.85,0.0,97.45,0
ZAF,2010-2013,2010,2013,"prets ODA, toutes modalites",4,5,366.9,69.91,19.05,9.87,0.0,97.45,0
ZAF,2010-2013,2010,2013,"dons ODA, toutes modalites",0,67,62.25,11.81,18.97,81.46,0.0,100.0,0
ZAF,2010-2013,2010,2013,"dons ODA, toutes modalites",1,67,62.25,19.23,30.89,93.63,8.45,100.0,0
ZAF,2010-2013,2010,2013,"dons ODA, toutes modalites",2,67,62.25,29.76,47.81,93.63,16.29,100.0,0
ZAF,2010-2013,2010,2013,"dons ODA, toutes modalites",3,67,62.25,36.66,58.89,93.63,20.9,100.0,0
ZAF,2010-2013,2010,2013,"dons ODA, toutes modalites",4,67,62.25,37.36,60.02,95.03,20.9,100.0,0
ZAF,2010-2013,2010,2013,"prets ODA, type projet C01",0,5,366.9,0.0,0.0,0.0,0.0,0.0,0
ZAF,2010-2013,2010,2013,"prets ODA, type projet C01",1,5,366.9,56.98,15.53,0.0,0.0,58.85,0
ZAF,2010-2013,2010,2013,"prets ODA, type projet C01",2,5,366.9,59.06,16.1,0.0,0.0,58.85,0
ZAF,2010-2013,2010,2013,"prets ODA, type projet C01",3,5,366.9,68.06,18.55,6.85,0.0,97.45,0
ZAF,2010-2013,2010,2013,"prets ODA, type projet C01",4,5,366.9,69.91,19.05,9.87,0.0,97.45,0
ZAF,2010-2013,2010,2013,"dons ODA, type projet C01",0,41,57.89,10.38,17.92,82.0,0.0,100.0,0
ZAF,2010-2013,2010,2013,"dons ODA, type projet C01",1,41,57.89,17.69,30.55,91.0,10.16,100.0,0
ZAF,2010-2013,2010,2013,"dons ODA, type projet C01",2,41,57.89,28.22,48.75,91.0,20.65,100.0,0
ZAF,2010-2013,2010,2013,"dons ODA, type projet C01",3,41,57.89,35.12,60.67,92.71,34.64,100.0,0
ZAF,2010-2013,2010,2013,"dons ODA, type projet C01",4,41,57.89,35.82,61.88,93.63,34.64,100.0,0
ZAF,2010-2013,2010,2013,"tous instruments, type projet C01",0,58,1040.51,96.65,9.29,74.01,0.0,100.0,0
ZAF,2010-2013,2010,2013,"tous instruments, type projet C01",1,58,1040.51,169.09,16.25,88.43,0.62,100.0,0
ZAF,2010-2013,2010,2013,"tous instruments, type projet C01",2,58,1040.51,181.69,17.46,88.77,4.38,100.0,0
ZAF,2010-2013,2010,2013,"tous instruments, type projet C01",3,58,1040.51,197.6,18.99,91.86,7.68,100.0,0
ZAF,2010-2013,2010,2013,"tous instruments, type projet C01",4,58,1040.51,200.15,19.24,92.32,9.94,100.0,0
ZAF,2014-2017,2014,2017,"tous instruments, toutes modalites",0,69,1893.84,556.87,29.4,49.99,0.0,100.0,0
ZAF,2014-2017,2014,2017,"tous instruments, toutes modalites",1,69,1893.84,884.81,46.72,86.38,9.6,100.0,0
ZAF,2014-2017,2014,2017,"tous instruments, toutes modalites",2,69,1893.84,961.08,50.75,91.63,9.6,100.0,0
ZAF,2014-2017,2014,2017,"tous instruments, toutes modalites",3,69,1893.84,1030.45,54.41,96.41,9.6,100.0,0
ZAF,2014-2017,2014,2017,"tous instruments, toutes modalites",4,69,1893.84,1034.5,54.62,96.41,9.6,100.0,0
ZAF,2014-2017,2014,2017,"prets ODA, toutes modalites",0,7,1086.85,459.25,42.26,31.14,0.0,63.27,0
ZAF,2014-2017,2014,2017,"prets ODA, toutes modalites",1,7,1086.85,761.85,70.1,37.42,15.57,85.28,0
ZAF,2014-2017,2014,2017,"prets ODA, toutes modalites",2,7,1086.85,826.13,76.01,70.69,15.57,85.28,0
ZAF,2014-2017,2014,2017,"prets ODA, toutes modalites",3,7,1086.85,884.8,81.41,76.55,15.57,96.72,0
ZAF,2014-2017,2014,2017,"prets ODA, toutes modalites",4,7,1086.85,884.8,81.41,76.55,15.57,96.72,0
ZAF,2014-2017,2014,2017,"dons ODA, toutes modalites",0,50,104.86,47.91,45.69,66.45,4.4,100.0,0
ZAF,2014-2017,2014,2017,"dons ODA, toutes modalites",1,50,104.86,60.78,57.97,100.0,21.4,100.0,0
ZAF,2014-2017,2014,2017,"dons ODA, toutes modalites",2,50,104.86,72.78,69.4,100.0,25.83,100.0,0
ZAF,2014-2017,2014,2017,"dons ODA, toutes modalites",3,50,104.86,81.12,77.36,100.0,25.83,100.0,0
ZAF,2014-2017,2014,2017,"dons ODA, toutes modalites",4,50,104.86,85.18,81.23,100.0,25.83,100.0,0
ZAF,2014-2017,2014,2017,"prets ODA, type projet C01",0,7,1086.85,459.25,42.26,31.14,0.0,63.27,0
ZAF,2014-2017,2014,2017,"prets ODA, type projet C01",1,7,1086.85,761.85,70.1,37.42,15.57,85.28,0
ZAF,2014-2017,2014,2017,"prets ODA, type projet C01",2,7,1086.85,826.13,76.01,70.69,15.57,85.28,0
ZAF,2014-2017,2014,2017,"prets ODA, type projet C01",3,7,1086.85,884.8,81.41,76.55,15.57,96.72,0
ZAF,2014-2017,2014,2017,"prets ODA, type projet C01",4,7,1086.85,884.8,81.41,76.55,15.57,96.72,0
ZAF,2014-2017,2014,2017,"dons ODA, type projet C01",0,42,103.54,46.75,45.15,41.23,1.26,100.0,0
ZAF,2014-2017,2014,2017,"dons ODA, type projet C01",1,42,103.54,59.5,57.47,100.0,17.83,100.0,0
ZAF,2014-2017,2014,2017,"dons ODA, type projet C01",2,42,103.54,71.49,69.05,100.0,17.83,100.0,0
ZAF,2014-2017,2014,2017,"dons ODA, type projet C01",3,42,103.54,79.84,77.11,100.0,17.83,100.0,0
ZAF,2014-2017,2014,2017,"dons ODA, type projet C01",4,42,103.54,83.75,80.89,100.0,17.83,100.0,0
ZAF,2014-2017,2014,2017,"tous instruments, type projet C01",0,61,1892.52,555.71,29.36,37.36,0.0,100.0,0
ZAF,2014-2017,2014,2017,"tous instruments, type projet C01",1,61,1892.52,883.52,46.68,70.92,0.26,100.0,0
ZAF,2014-2017,2014,2017,"tous instruments, type projet C01",2,61,1892.52,959.8,50.72,76.55,0.26,100.0,0
ZAF,2014-2017,2014,2017,"tous instruments, type projet C01",3,61,1892.52,1029.16,54.38,94.0,0.26,100.0,0
ZAF,2014-2017,2014,2017,"tous instruments, type projet C01",4,61,1892.52,1033.08,54.59,94.0,0.26,100.0,0
ZAF,2018-2021,2018,2021,"tous instruments, toutes modalites",0,73,1368.12,74.26,5.43,25.0,0.0,100.0,0
ZAF,2018-2021,2018,2021,"tous instruments, toutes modalites",1,73,1368.12,238.1,17.4,82.54,0.0,100.0,0
ZAF,2018-2021,2018,2021,"tous instruments, toutes modalites",2,73,1368.12,257.98,18.86,95.7,27.0,100.0,0
ZAF,2018-2021,2018,2021,"tous instruments, toutes modalites",3,73,1368.12,320.06,23.39,96.77,27.0,100.0,0
ZAF,2018-2021,2018,2021,"tous instruments, toutes modalites",4,58,1247.76,239.22,19.17,98.62,25.5,100.0,15
ZAF,2018-2021,2018,2021,"prets ODA, toutes modalites",0,6,677.31,0.0,0.0,0.0,0.0,0.0,0
ZAF,2018-2021,2018,2021,"prets ODA, toutes modalites",1,6,677.31,0.0,0.0,0.0,0.0,0.0,0
ZAF,2018-2021,2018,2021,"prets ODA, toutes modalites",2,6,677.31,0.0,0.0,0.0,0.0,0.0,0
ZAF,2018-2021,2018,2021,"prets ODA, toutes modalites",3,6,677.31,0.0,0.0,0.0,0.0,0.0,0
ZAF,2018-2021,2018,2021,"prets ODA, toutes modalites",4,6,677.31,16.15,2.38,0.0,0.0,3.21,0
ZAF,2018-2021,2018,2021,"dons ODA, toutes modalites",0,39,87.52,5.27,6.02,47.36,0.0,100.0,0
ZAF,2018-2021,2018,2021,"dons ODA, toutes modalites",1,39,87.52,13.74,15.7,72.12,12.83,100.0,0
ZAF,2018-2021,2018,2021,"dons ODA, toutes modalites",2,39,87.52,30.86,35.26,95.7,34.27,100.0,0
ZAF,2018-2021,2018,2021,"dons ODA, toutes modalites",3,39,87.52,38.18,43.62,97.68,50.11,100.0,0
ZAF,2018-2021,2018,2021,"dons ODA, toutes modalites",4,29,63.37,26.09,41.17,99.52,80.51,100.0,10
ZAF,2018-2021,2018,2021,"prets ODA, type projet C01",0,6,677.31,0.0,0.0,0.0,0.0,0.0,0
ZAF,2018-2021,2018,2021,"prets ODA, type projet C01",1,6,677.31,0.0,0.0,0.0,0.0,0.0,0
ZAF,2018-2021,2018,2021,"prets ODA, type projet C01",2,6,677.31,0.0,0.0,0.0,0.0,0.0,0
ZAF,2018-2021,2018,2021,"prets ODA, type projet C01",3,6,677.31,0.0,0.0,0.0,0.0,0.0,0
ZAF,2018-2021,2018,2021,"prets ODA, type projet C01",4,6,677.31,16.15,2.38,0.0,0.0,3.21,0
ZAF,2018-2021,2018,2021,"dons ODA, type projet C01",0,29,84.3,3.76,4.46,27.0,0.0,100.0,0
ZAF,2018-2021,2018,2021,"dons ODA, type projet C01",1,29,84.3,10.97,13.02,47.59,0.0,100.0,0
ZAF,2018-2021,2018,2021,"dons ODA, type projet C01",2,29,84.3,27.84,33.03,50.0,28.35,100.0,0
ZAF,2018-2021,2018,2021,"dons ODA, type projet C01",3,29,84.3,35.06,41.6,67.88,32.46,100.0,0
ZAF,2018-2021,2018,2021,"dons ODA, type projet C01",4,22,61.77,24.56,39.77,98.84,36.24,100.0,7
ZAF,2018-2021,2018,2021,"tous instruments, type projet C01",0,60,1216.95,20.51,1.69,10.8,0.0,100.0,0
ZAF,2018-2021,2018,2021,"tous instruments, type projet C01",1,60,1216.95,87.31,7.17,48.8,0.0,100.0,0
ZAF,2018-2021,2018,2021,"tous instruments, type projet C01",2,60,1216.95,106.94,8.79,71.61,0.14,100.0,0
ZAF,2018-2021,2018,2021,"tous instruments, type projet C01",3,60,1216.95,168.93,13.88,75.21,17.93,100.0,0
ZAF,2018-2021,2018,2021,"tous instruments, type projet C01",4,49,1130.21,121.66,10.76,96.77,23.9,100.0,11
ZAF,2022-2023 (JETP),2022,2023,"tous instruments, toutes modalites",0,71,2862.12,784.81,27.42,16.37,0.0,100.0,0
ZAF,2022-2023 (JETP),2022,2023,"tous instruments, toutes modalites",1,71,2862.12,2090.22,73.03,77.2,15.43,100.0,0
ZAF,2022-2023 (JETP),2022,2023,"tous instruments, toutes modalites",2,29,1460.04,882.05,60.41,46.11,0.42,100.0,42
ZAF,2022-2023 (JETP),2022,2023,"prets ODA, toutes modalites",0,4,1313.49,347.77,26.48,0.0,0.0,25.0,0
ZAF,2022-2023 (JETP),2022,2023,"prets ODA, toutes modalites",1,4,1313.49,1223.09,93.12,95.36,70.29,97.74,0
ZAF,2022-2023 (JETP),2022,2023,"prets ODA, toutes modalites",2,2,704.71,682.31,96.82,96.86,95.29,98.43,2
ZAF,2022-2023 (JETP),2022,2023,"dons ODA, toutes modalites",0,38,141.87,14.23,10.03,13.13,0.2,53.8,0
ZAF,2022-2023 (JETP),2022,2023,"dons ODA, toutes modalites",1,38,141.87,37.74,26.6,38.43,11.82,100.0,0
ZAF,2022-2023 (JETP),2022,2023,"dons ODA, toutes modalites",2,19,91.67,22.31,24.34,37.02,9.98,87.86,19
ZAF,2022-2023 (JETP),2022,2023,"prets ODA, type projet C01",0,2,398.96,347.77,87.17,50.0,25.0,75.0,0
ZAF,2022-2023 (JETP),2022,2023,"prets ODA, type projet C01",1,2,398.96,347.77,87.17,50.0,25.0,75.0,0
ZAF,2022-2023 (JETP),2022,2023,"prets ODA, type projet C01",2,1,347.77,347.77,100.0,100.0,100.0,100.0,1
ZAF,2022-2023 (JETP),2022,2023,"dons ODA, type projet C01",0,24,99.61,9.75,9.79,5.66,0.0,65.24,0
ZAF,2022-2023 (JETP),2022,2023,"dons ODA, type projet C01",1,24,99.61,24.33,24.43,33.75,0.0,100.0,0
ZAF,2022-2023 (JETP),2022,2023,"dons ODA, type projet C01",2,11,51.65,5.28,10.22,19.96,0.0,100.0,13
ZAF,2022-2023 (JETP),2022,2023,"tous instruments, type projet C01",0,49,1416.38,675.33,47.68,25.01,0.0,100.0,0
ZAF,2022-2023 (JETP),2022,2023,"tous instruments, type projet C01",1,49,1416.38,721.48,50.94,74.53,0.0,100.0,0
ZAF,2022-2023 (JETP),2022,2023,"tous instruments, type projet C01",2,19,958.27,425.66,44.42,66.67,0.0,100.0,30
ZAF,2022-2023 (JETP),2022,2023,"prets ODA, appui budgetaire A01/A02",0,2,914.53,0.0,0.0,0.0,0.0,0.0,0
ZAF,2022-2023 (JETP),2022,2023,"prets ODA, appui budgetaire A01/A02",1,2,914.53,875.32,95.71,95.36,94.54,96.17,0
ZAF,2022-2023 (JETP),2022,2023,"prets ODA, appui budgetaire A01/A02",2,1,356.95,334.55,93.72,93.72,93.72,93.72,1
ZAF,reference 2006-2020,2006,2020,"tous instruments, toutes modalites",0,267,11591.39,1124.69,9.7,52.85,0.0,100.0,0
ZAF,reference 2006-2020,2006,2020,"tous instruments, toutes modalites",1,267,11591.39,1855.4,16.01,93.63,5.37,100.0,0
ZAF,reference 2006-2020,2006,2020,"tous instruments, toutes modalites",2,267,11591.39,2503.88,21.6,96.77,16.88,100.0,0
ZAF,reference 2006-2020,2006,2020,"tous instruments, toutes modalites",3,267,11591.39,2951.14,25.46,97.99,18.87,100.0,0
ZAF,reference 2006-2020,2006,2020,"tous instruments, toutes modalites",4,267,11591.39,3773.49,32.55,97.99,18.87,100.0,0
ZAF,reference 2006-2020,2006,2020,"prets ODA, toutes modalites",0,20,2218.38,467.8,21.09,0.0,0.0,7.79,0
ZAF,reference 2006-2020,2006,2020,"prets ODA, toutes modalites",1,20,2218.38,827.39,37.3,0.0,0.0,63.28,0
ZAF,reference 2006-2020,2006,2020,"prets ODA, toutes modalites",2,20,2218.38,893.75,40.29,0.0,0.0,72.16,0
ZAF,reference 2006-2020,2006,2020,"prets ODA, toutes modalites",3,20,2218.38,961.41,43.34,0.0,0.0,94.86,0
ZAF,reference 2006-2020,2006,2020,"prets ODA, toutes modalites",4,20,2218.38,979.42,44.15,4.65,0.0,94.86,0
ZAF,reference 2006-2020,2006,2020,"dons ODA, toutes modalites",0,195,249.09,67.96,27.28,81.46,2.16,100.0,0
ZAF,reference 2006-2020,2006,2020,"dons ODA, toutes modalites",1,195,249.09,96.56,38.77,99.07,22.64,100.0,0
ZAF,reference 2006-2020,2006,2020,"dons ODA, toutes modalites",2,195,249.09,136.05,54.62,99.07,31.98,100.0,0
ZAF,reference 2006-2020,2006,2020,"dons ODA, toutes modalites",3,195,249.09,154.28,61.94,99.25,45.8,100.0,0
ZAF,reference 2006-2020,2006,2020,"dons ODA, toutes modalites",4,195,249.09,160.8,64.55,99.25,45.8,100.0,0
ZAF,reference 2006-2020,2006,2020,"prets ODA, type projet C01",0,20,2218.38,467.8,21.09,0.0,0.0,7.79,0
ZAF,reference 2006-2020,2006,2020,"prets ODA, type projet C01",1,20,2218.38,827.39,37.3,0.0,0.0,63.28,0
ZAF,reference 2006-2020,2006,2020,"prets ODA, type projet C01",2,20,2218.38,893.75,40.29,0.0,0.0,72.16,0
ZAF,reference 2006-2020,2006,2020,"prets ODA, type projet C01",3,20,2218.38,961.41,43.34,0.0,0.0,94.86,0
ZAF,reference 2006-2020,2006,2020,"prets ODA, type projet C01",4,20,2218.38,979.42,44.15,4.65,0.0,94.86,0
ZAF,reference 2006-2020,2006,2020,"dons ODA, type projet C01",0,114,224.59,60.81,27.07,66.45,0.0,100.0,0
ZAF,reference 2006-2020,2006,2020,"dons ODA, type projet C01",1,114,224.59,84.83,37.77,95.65,16.44,100.0,0
ZAF,reference 2006-2020,2006,2020,"dons ODA, type projet C01",2,114,224.59,120.65,53.72,97.05,20.78,100.0,0
ZAF,reference 2006-2020,2006,2020,"dons ODA, type projet C01",3,114,224.59,138.55,61.69,97.98,28.37,100.0,0
ZAF,reference 2006-2020,2006,2020,"dons ODA, type projet C01",4,114,224.59,145.06,64.59,97.98,28.37,100.0,0
ZAF,reference 2006-2020,2006,2020,"tous instruments, type projet C01",0,179,4151.95,681.35,16.41,38.46,0.0,100.0,0
ZAF,reference 2006-2020,2006,2020,"tous instruments, type projet C01",1,179,4151.95,1092.23,26.31,80.98,0.0,100.0,0
ZAF,reference 2006-2020,2006,2020,"tous instruments, type projet C01",2,179,4151.95,1197.17,28.83,88.87,1.86,100.0,0
ZAF,reference 2006-2020,2006,2020,"tous instruments, type projet C01",3,179,4151.95,1339.86,32.27,93.63,5.43,100.0,0
ZAF,reference 2006-2020,2006,2020,"tous instruments, type projet C01",4,179,4151.95,1364.37,32.86,94.0,7.31,100.0,0
AGREGE-4-PAYS,2006-2009,2006,2009,"tous instruments, toutes modalites",0,242,6490.71,249.32,3.84,78.6,0.0,100.0,0
AGREGE-4-PAYS,2006-2009,2006,2009,"tous instruments, toutes modalites",1,242,6490.71,355.75,5.48,96.04,0.7,100.0,0
AGREGE-4-PAYS,2006-2009,2006,2009,"tous instruments, toutes modalites",2,242,6490.71,486.81,7.5,97.57,5.61,100.0,0
AGREGE-4-PAYS,2006-2009,2006,2009,"tous instruments, toutes modalites",3,242,6490.71,673.44,10.38,98.12,13.28,100.0,0
AGREGE-4-PAYS,2006-2009,2006,2009,"tous instruments, toutes modalites",4,242,6490.71,808.67,12.46,98.38,25.77,100.0,0
AGREGE-4-PAYS,2006-2009,2006,2009,"prets ODA, toutes modalites",0,27,2338.58,125.64,5.37,0.0,0.0,0.0,0
AGREGE-4-PAYS,2006-2009,2006,2009,"prets ODA, toutes modalites",1,27,2338.58,174.59,7.47,0.39,0.0,3.74,0
AGREGE-4-PAYS,2006-2009,2006,2009,"prets ODA, toutes modalites",2,27,2338.58,287.07,12.28,1.33,0.0,20.94,0
AGREGE-4-PAYS,2006-2009,2006,2009,"prets ODA, toutes modalites",3,27,2338.58,446.81,19.11,8.58,0.0,43.5,0
AGREGE-4-PAYS,2006-2009,2006,2009,"prets ODA, toutes modalites",4,27,2338.58,568.57,24.31,14.66,0.0,53.29,0
AGREGE-4-PAYS,2006-2009,2006,2009,"dons ODA, toutes modalites",0,206,227.17,44.1,19.41,100.0,0.35,100.0,0
AGREGE-4-PAYS,2006-2009,2006,2009,"dons ODA, toutes modalites",1,206,227.17,71.02,31.26,100.0,27.04,100.0,0
AGREGE-4-PAYS,2006-2009,2006,2009,"dons ODA, toutes modalites",2,206,227.17,89.59,39.44,100.0,44.55,100.0,0
AGREGE-4-PAYS,2006-2009,2006,2009,"dons ODA, toutes modalites",3,206,227.17,116.48,51.27,100.0,52.57,100.0,0
AGREGE-4-PAYS,2006-2009,2006,2009,"dons ODA, toutes modalites",4,206,227.17,129.95,57.2,100.0,62.87,100.0,0
AGREGE-4-PAYS,2006-2009,2006,2009,"prets ODA, type projet C01",0,24,2058.0,39.31,1.91,0.0,0.0,0.0,0
AGREGE-4-PAYS,2006-2009,2006,2009,"prets ODA, type projet C01",1,24,2058.0,88.25,4.29,0.2,0.0,2.95,0
AGREGE-4-PAYS,2006-2009,2006,2009,"prets ODA, type projet C01",2,24,2058.0,200.73,9.75,1.33,0.0,8.29,0
AGREGE-4-PAYS,2006-2009,2006,2009,"prets ODA, type projet C01",3,24,2058.0,360.48,17.52,5.68,0.0,38.61,0
AGREGE-4-PAYS,2006-2009,2006,2009,"prets ODA, type projet C01",4,24,2058.0,482.24,23.43,8.72,0.0,51.13,0
AGREGE-4-PAYS,2006-2009,2006,2009,"dons ODA, type projet C01",0,49,89.08,15.76,17.69,5.04,0.0,100.0,0
AGREGE-4-PAYS,2006-2009,2006,2009,"dons ODA, type projet C01",1,49,89.08,24.41,27.4,48.48,0.0,100.0,0
AGREGE-4-PAYS,2006-2009,2006,2009,"dons ODA, type projet C01",2,49,89.08,28.97,32.52,52.87,0.0,100.0,0
AGREGE-4-PAYS,2006-2009,2006,2009,"dons ODA, type projet C01",3,49,89.08,35.59,39.95,78.64,0.0,100.0,0
AGREGE-4-PAYS,2006-2009,2006,2009,"dons ODA, type projet C01",4,49,89.08,38.41,43.12,79.86,0.0,100.0,0
AGREGE-4-PAYS,2006-2009,2006,2009,"tous instruments, type projet C01",0,74,2178.05,55.07,2.53,0.0,0.0,76.48,0
AGREGE-4-PAYS,2006-2009,2006,2009,"tous instruments, type projet C01",1,74,2178.05,112.66,5.17,2.07,0.0,88.08,0
AGREGE-4-PAYS,2006-2009,2006,2009,"tous instruments, type projet C01",2,74,2178.05,229.7,10.55,6.44,0.0,93.77,0
AGREGE-4-PAYS,2006-2009,2006,2009,"tous instruments, type projet C01",3,74,2178.05,396.07,18.18,23.97,0.0,98.27,0
AGREGE-4-PAYS,2006-2009,2006,2009,"tous instruments, type projet C01",4,74,2178.05,520.65,23.9,27.94,0.0,100.0,0
AGREGE-4-PAYS,2006-2009,2006,2009,"prets ODA, appui budgetaire A01/A02",0,2,99.96,86.33,86.37,87.31,77.64,96.98,0
AGREGE-4-PAYS,2006-2009,2006,2009,"prets ODA, appui budgetaire A01/A02",1,2,99.96,86.33,86.37,87.31,77.64,96.98,0
AGREGE-4-PAYS,2006-2009,2006,2009,"prets ODA, appui budgetaire A01/A02",2,2,99.96,86.33,86.37,87.31,77.64,96.98,0
AGREGE-4-PAYS,2006-2009,2006,2009,"prets ODA, appui budgetaire A01/A02",3,2,99.96,86.33,86.37,87.31,77.64,96.98,0
AGREGE-4-PAYS,2006-2009,2006,2009,"prets ODA, appui budgetaire A01/A02",4,2,99.96,86.33,86.37,87.31,77.64,96.98,0
AGREGE-4-PAYS,2010-2013,2010,2013,"tous instruments, toutes modalites",0,419,12758.91,1350.17,10.58,70.05,0.0,100.0,0
AGREGE-4-PAYS,2010-2013,2010,2013,"tous instruments, toutes modalites",1,419,12758.91,2355.77,18.46,98.13,13.51,100.0,0
AGREGE-4-PAYS,2010-2013,2010,2013,"tous instruments, toutes modalites",2,419,12758.91,3553.37,27.85,98.29,27.56,100.0,0
AGREGE-4-PAYS,2010-2013,2010,2013,"tous instruments, toutes modalites",3,419,12758.91,4855.38,38.05,98.45,35.19,100.0,0
AGREGE-4-PAYS,2010-2013,2010,2013,"tous instruments, toutes modalites",4,419,12758.91,6200.54,48.6,98.59,49.32,100.0,0
AGREGE-4-PAYS,2010-2013,2010,2013,"prets ODA, toutes modalites",0,39,3557.9,340.07,9.56,0.0,0.0,0.01,0
AGREGE-4-PAYS,2010-2013,2010,2013,"prets ODA, toutes modalites",1,39,3557.9,820.7,23.07,6.91,0.0,35.44,0
AGREGE-4-PAYS,2010-2013,2010,2013,"prets ODA, toutes modalites",2,39,3557.9,1171.42,32.92,16.21,0.0,62.1,0
AGREGE-4-PAYS,2010-2013,2010,2013,"prets ODA, toutes modalites",3,39,3557.9,1440.74,40.49,24.86,4.75,93.28,0
AGREGE-4-PAYS,2010-2013,2010,2013,"prets ODA, toutes modalites",4,39,3557.9,1656.6,46.56,50.35,9.38,93.28,0
AGREGE-4-PAYS,2010-2013,2010,2013,"dons ODA, toutes modalites",0,329,298.22,79.11,26.53,91.0,11.93,100.0,0
AGREGE-4-PAYS,2010-2013,2010,2013,"dons ODA, toutes modalites",1,329,298.22,111.96,37.54,98.79,37.01,100.0,0
AGREGE-4-PAYS,2010-2013,2010,2013,"dons ODA, toutes modalites",2,329,298.22,142.79,47.88,98.79,57.57,100.0,0
AGREGE-4-PAYS,2010-2013,2010,2013,"dons ODA, toutes modalites",3,329,298.22,164.99,55.33,98.79,70.98,100.0,0
AGREGE-4-PAYS,2010-2013,2010,2013,"dons ODA, toutes modalites",4,329,298.22,172.22,57.75,98.95,75.46,100.0,0
AGREGE-4-PAYS,2010-2013,2010,2013,"prets ODA, type projet C01",0,33,3270.56,89.86,2.75,0.0,0.0,0.0,0
AGREGE-4-PAYS,2010-2013,2010,2013,"prets ODA, type projet C01",1,33,3270.56,534.4,16.34,2.36,0.0,10.79,0
AGREGE-4-PAYS,2010-2013,2010,2013,"prets ODA, type projet C01",2,33,3270.56,885.13,27.06,9.17,0.0,54.75,0
AGREGE-4-PAYS,2010-2013,2010,2013,"prets ODA, type projet C01",3,33,3270.56,1154.45,35.3,15.46,0.44,75.5,0
AGREGE-4-PAYS,2010-2013,2010,2013,"prets ODA, type projet C01",4,33,3270.56,1370.3,41.9,31.61,0.44,86.06,0
AGREGE-4-PAYS,2010-2013,2010,2013,"dons ODA, type projet C01",0,233,250.33,65.46,26.15,87.5,7.67,99.07,0
AGREGE-4-PAYS,2010-2013,2010,2013,"dons ODA, type projet C01",1,233,250.33,93.25,37.25,98.79,38.49,100.0,0
AGREGE-4-PAYS,2010-2013,2010,2013,"dons ODA, type projet C01",2,233,250.33,118.64,47.39,98.79,56.82,100.0,0
AGREGE-4-PAYS,2010-2013,2010,2013,"dons ODA, type projet C01",3,233,250.33,133.64,53.38,98.79,70.98,100.0,0
AGREGE-4-PAYS,2010-2013,2010,2013,"dons ODA, type projet C01",4,233,250.33,139.56,55.75,98.79,74.5,100.0,0
AGREGE-4-PAYS,2010-2013,2010,2013,"tous instruments, type projet C01",0,298,6149.29,248.02,4.03,64.15,0.0,99.07,0
AGREGE-4-PAYS,2010-2013,2010,2013,"tous instruments, type projet C01",1,298,6149.29,898.82,14.62,96.28,9.58,99.87,0
AGREGE-4-PAYS,2010-2013,2010,2013,"tous instruments, type projet C01",2,298,6149.29,1413.32,22.98,98.29,17.97,100.0,0
AGREGE-4-PAYS,2010-2013,2010,2013,"tous instruments, type projet C01",3,298,6149.29,2286.68,37.19,98.29,34.11,100.0,0
AGREGE-4-PAYS,2010-2013,2010,2013,"tous instruments, type projet C01",4,298,6149.29,2711.1,44.09,98.29,39.22,100.0,0
AGREGE-4-PAYS,2010-2013,2010,2013,"prets ODA, appui budgetaire A01/A02",0,6,287.34,250.21,87.08,99.9,24.87,100.33,0
AGREGE-4-PAYS,2010-2013,2010,2013,"prets ODA, appui budgetaire A01/A02",1,6,287.34,286.29,99.64,99.9,98.17,100.33,0
AGREGE-4-PAYS,2010-2013,2010,2013,"prets ODA, appui budgetaire A01/A02",2,6,287.34,286.29,99.64,99.9,98.17,100.33,0
AGREGE-4-PAYS,2010-2013,2010,2013,"prets ODA, appui budgetaire A01/A02",3,6,287.34,286.29,99.64,99.9,98.17,100.33,0
AGREGE-4-PAYS,2010-2013,2010,2013,"prets ODA, appui budgetaire A01/A02",4,6,287.34,286.29,99.64,99.9,98.17,100.33,0
AGREGE-4-PAYS,2014-2017,2014,2017,"tous instruments, toutes modalites",0,336,14564.81,2236.45,15.36,21.45,0.0,100.0,0
AGREGE-4-PAYS,2014-2017,2014,2017,"tous instruments, toutes modalites",1,336,14564.81,5516.94,37.88,67.55,0.0,100.0,0
AGREGE-4-PAYS,2014-2017,2014,2017,"tous instruments, toutes modalites",2,336,14564.81,6687.16,45.91,77.83,2.28,100.0,0
AGREGE-4-PAYS,2014-2017,2014,2017,"tous instruments, toutes modalites",3,336,14564.81,7832.15,53.77,88.78,4.0,100.0,0
AGREGE-4-PAYS,2014-2017,2014,2017,"tous instruments, toutes modalites",4,336,14564.81,8463.05,58.11,92.59,11.79,100.0,0
AGREGE-4-PAYS,2014-2017,2014,2017,"prets ODA, toutes modalites",0,51,6132.03,1360.97,22.19,0.0,0.0,15.57,0
AGREGE-4-PAYS,2014-2017,2014,2017,"prets ODA, toutes modalites",1,51,6132.03,2263.15,36.91,0.34,0.0,75.37,0
AGREGE-4-PAYS,2014-2017,2014,2017,"prets ODA, toutes modalites",2,51,6132.03,2555.93,41.68,8.74,0.0,85.86,0
AGREGE-4-PAYS,2014-2017,2014,2017,"prets ODA, toutes modalites",3,51,6132.03,2836.6,46.26,30.92,0.15,94.18,0
AGREGE-4-PAYS,2014-2017,2014,2017,"prets ODA, toutes modalites",4,51,6132.03,3040.99,49.59,45.17,0.33,94.84,0
AGREGE-4-PAYS,2014-2017,2014,2017,"dons ODA, toutes modalites",0,226,654.63,69.95,10.69,60.35,0.0,100.0,0
AGREGE-4-PAYS,2014-2017,2014,2017,"dons ODA, toutes modalites",1,226,654.63,101.1,15.44,91.31,10.26,100.0,0
AGREGE-4-PAYS,2014-2017,2014,2017,"dons ODA, toutes modalites",2,226,654.63,154.07,23.54,95.82,21.92,100.0,0
AGREGE-4-PAYS,2014-2017,2014,2017,"dons ODA, toutes modalites",3,226,654.63,216.06,33.0,98.53,30.35,100.0,0
AGREGE-4-PAYS,2014-2017,2014,2017,"dons ODA, toutes modalites",4,226,654.63,268.73,41.05,98.53,40.32,100.0,0
AGREGE-4-PAYS,2014-2017,2014,2017,"prets ODA, type projet C01",0,44,5512.14,1035.34,18.78,0.0,0.0,0.0,0
AGREGE-4-PAYS,2014-2017,2014,2017,"prets ODA, type projet C01",1,44,5512.14,1647.02,29.88,0.0,0.0,10.73,0
AGREGE-4-PAYS,2014-2017,2014,2017,"prets ODA, type projet C01",2,44,5512.14,1939.8,35.19,6.18,0.0,34.26,0
AGREGE-4-PAYS,2014-2017,2014,2017,"prets ODA, type projet C01",3,44,5512.14,2220.47,40.28,19.86,0.0,45.8,0
AGREGE-4-PAYS,2014-2017,2014,2017,"prets ODA, type projet C01",4,44,5512.14,2424.86,43.99,31.6,0.0,60.16,0
AGREGE-4-PAYS,2014-2017,2014,2017,"dons ODA, type projet C01",0,155,468.62,61.45,13.11,40.12,0.0,100.0,0
AGREGE-4-PAYS,2014-2017,2014,2017,"dons ODA, type projet C01",1,155,468.62,86.67,18.5,68.35,0.13,100.0,0
AGREGE-4-PAYS,2014-2017,2014,2017,"dons ODA, type projet C01",2,155,468.62,134.94,28.79,78.9,6.94,100.0,0
AGREGE-4-PAYS,2014-2017,2014,2017,"dons ODA, type projet C01",3,155,468.62,192.47,41.07,96.41,14.28,100.0,0
AGREGE-4-PAYS,2014-2017,2014,2017,"dons ODA, type projet C01",4,155,468.62,242.81,51.81,96.41,17.04,100.0,0
AGREGE-4-PAYS,2014-2017,2014,2017,"tous instruments, type projet C01",0,247,10973.13,1251.26,11.4,0.43,0.0,100.0,0
AGREGE-4-PAYS,2014-2017,2014,2017,"tous instruments, type projet C01",1,247,10973.13,2421.53,22.07,22.7,0.0,100.0,0
AGREGE-4-PAYS,2014-2017,2014,2017,"tous instruments, type projet C01",2,247,10973.13,3472.33,31.64,43.65,0.0,100.0,0
AGREGE-4-PAYS,2014-2017,2014,2017,"tous instruments, type projet C01",3,247,10973.13,4503.31,41.04,59.54,0.0,100.0,0
AGREGE-4-PAYS,2014-2017,2014,2017,"tous instruments, type projet C01",4,247,10973.13,5116.9,46.63,61.3,0.0,100.0,0
AGREGE-4-PAYS,2014-2017,2014,2017,"prets ODA, appui budgetaire A01/A02",0,7,619.89,325.63,52.53,100.0,47.18,104.96,0
AGREGE-4-PAYS,2014-2017,2014,2017,"prets ODA, appui budgetaire A01/A02",1,7,619.89,616.13,99.39,100.0,96.74,104.96,0
AGREGE-4-PAYS,2014-2017,2014,2017,"prets ODA, appui budgetaire A01/A02",2,7,619.89,616.13,99.39,100.0,96.74,104.96,0
AGREGE-4-PAYS,2014-2017,2014,2017,"prets ODA, appui budgetaire A01/A02",3,7,619.89,616.13,99.39,100.0,96.74,104.96,0
AGREGE-4-PAYS,2014-2017,2014,2017,"prets ODA, appui budgetaire A01/A02",4,7,619.89,616.13,99.39,100.0,96.74,104.96,0
AGREGE-4-PAYS,2018-2021,2018,2021,"tous instruments, toutes modalites",0,405,9275.9,889.49,9.59,22.74,0.0,100.0,0
AGREGE-4-PAYS,2018-2021,2018,2021,"tous instruments, toutes modalites",1,405,9275.9,2059.97,22.21,65.63,0.0,100.0,0
AGREGE-4-PAYS,2018-2021,2018,2021,"tous instruments, toutes modalites",2,405,9275.9,2757.66,29.73,82.92,2.81,100.0,0
AGREGE-4-PAYS,2018-2021,2018,2021,"tous instruments, toutes modalites",3,405,9275.9,3605.03,38.86,89.28,4.35,100.0,0
AGREGE-4-PAYS,2018-2021,2018,2021,"tous instruments, toutes modalites",4,302,6528.35,3006.78,46.06,95.84,5.82,100.0,103
AGREGE-4-PAYS,2018-2021,2018,2021,"prets ODA, toutes modalites",0,35,2356.02,148.45,6.3,0.0,0.0,2.61,0
AGREGE-4-PAYS,2018-2021,2018,2021,"prets ODA, toutes modalites",1,35,2356.02,357.35,15.17,8.98,0.0,99.03,0
AGREGE-4-PAYS,2018-2021,2018,2021,"prets ODA, toutes modalites",2,35,2356.02,581.7,24.69,30.87,0.0,99.21,0
AGREGE-4-PAYS,2018-2021,2018,2021,"prets ODA, toutes modalites",3,35,2356.02,644.67,27.36,48.35,0.0,99.21,0
AGREGE-4-PAYS,2018-2021,2018,2021,"prets ODA, toutes modalites",4,28,2058.52,662.63,32.19,53.15,1.06,98.63,7
AGREGE-4-PAYS,2018-2021,2018,2021,"dons ODA, toutes modalites",0,262,1196.33,73.02,6.1,29.48,0.0,100.0,0
AGREGE-4-PAYS,2018-2021,2018,2021,"dons ODA, toutes modalites",1,262,1196.33,121.79,10.18,65.6,2.66,100.0,0
AGREGE-4-PAYS,2018-2021,2018,2021,"dons ODA, toutes modalites",2,262,1196.33,190.68,15.94,80.53,8.66,100.0,0
AGREGE-4-PAYS,2018-2021,2018,2021,"dons ODA, toutes modalites",3,262,1196.33,242.22,20.25,86.69,12.02,100.0,0
AGREGE-4-PAYS,2018-2021,2018,2021,"dons ODA, toutes modalites",4,194,509.28,169.49,33.28,95.61,20.95,100.0,68
AGREGE-4-PAYS,2018-2021,2018,2021,"prets ODA, type projet C01",0,25,2110.59,42.86,2.03,0.0,0.0,0.0,0
AGREGE-4-PAYS,2018-2021,2018,2021,"prets ODA, type projet C01",1,25,2110.59,111.51,5.28,0.0,0.0,9.64,0
AGREGE-4-PAYS,2018-2021,2018,2021,"prets ODA, type projet C01",2,25,2110.59,335.87,15.91,2.81,0.0,46.29,0
AGREGE-4-PAYS,2018-2021,2018,2021,"prets ODA, type projet C01",3,25,2110.59,398.83,18.9,3.61,0.0,52.42,0
AGREGE-4-PAYS,2018-2021,2018,2021,"prets ODA, type projet C01",4,20,1864.49,467.47,25.07,5.35,0.24,78.06,5
AGREGE-4-PAYS,2018-2021,2018,2021,"dons ODA, type projet C01",0,192,974.59,45.31,4.65,19.24,0.0,89.5,0
AGREGE-4-PAYS,2018-2021,2018,2021,"dons ODA, type projet C01",1,192,974.59,90.84,9.32,47.01,0.0,100.0,0
AGREGE-4-PAYS,2018-2021,2018,2021,"dons ODA, type projet C01",2,192,974.59,158.27,16.24,62.22,3.34,100.0,0
AGREGE-4-PAYS,2018-2021,2018,2021,"dons ODA, type projet C01",3,192,974.59,209.1,21.46,73.88,3.34,100.0,0
AGREGE-4-PAYS,2018-2021,2018,2021,"dons ODA, type projet C01",4,135,295.49,138.64,46.92,86.63,0.0,100.0,57
AGREGE-4-PAYS,2018-2021,2018,2021,"tous instruments, type projet C01",0,310,7193.7,412.58,5.74,6.24,0.0,100.0,0
AGREGE-4-PAYS,2018-2021,2018,2021,"tous instruments, type projet C01",1,310,7193.7,1004.43,13.96,38.58,0.0,100.0,0
AGREGE-4-PAYS,2018-2021,2018,2021,"tous instruments, type projet C01",2,310,7193.7,1542.52,21.44,57.55,0.0,100.0,0
AGREGE-4-PAYS,2018-2021,2018,2021,"tous instruments, type projet C01",3,310,7193.7,2154.05,29.94,68.48,0.0,100.0,0
AGREGE-4-PAYS,2018-2021,2018,2021,"tous instruments, type projet C01",4,223,4704.6,1511.99,32.14,85.97,0.0,100.0,87
AGREGE-4-PAYS,2018-2021,2018,2021,"prets ODA, appui budgetaire A01/A02",0,10,245.43,105.6,43.03,0.0,0.0,100.35,0
AGREGE-4-PAYS,2018-2021,2018,2021,"prets ODA, appui budgetaire A01/A02",1,10,245.43,245.83,100.17,100.98,97.97,102.57,0
AGREGE-4-PAYS,2018-2021,2018,2021,"prets ODA, appui budgetaire A01/A02",2,10,245.43,245.83,100.17,100.98,97.97,102.57,0
AGREGE-4-PAYS,2018-2021,2018,2021,"prets ODA, appui budgetaire A01/A02",3,10,245.43,245.83,100.17,100.98,97.97,102.57,0
AGREGE-4-PAYS,2018-2021,2018,2021,"prets ODA, appui budgetaire A01/A02",4,8,194.03,195.16,100.58,100.98,99.23,101.98,2
AGREGE-4-PAYS,2022-2023 (JETP),2022,2023,"tous instruments, toutes modalites",0,234,5512.03,969.66,17.59,26.23,0.0,100.0,0
AGREGE-4-PAYS,2022-2023 (JETP),2022,2023,"tous instruments, toutes modalites",1,234,5512.03,3335.46,60.51,88.89,6.52,100.0,0
AGREGE-4-PAYS,2022-2023 (JETP),2022,2023,"tous instruments, toutes modalites",2,98,3242.16,1973.69,60.88,72.34,15.65,100.0,136
AGREGE-4-PAYS,2022-2023 (JETP),2022,2023,"prets ODA, toutes modalites",0,15,2138.62,410.91,19.21,0.0,0.0,0.72,0
AGREGE-4-PAYS,2022-2023 (JETP),2022,2023,"prets ODA, toutes modalites",1,15,2138.62,1715.63,80.22,93.72,0.0,98.05,0
AGREGE-4-PAYS,2022-2023 (JETP),2022,2023,"prets ODA, toutes modalites",2,6,1249.52,1103.76,88.34,93.72,39.77,98.43,9
AGREGE-4-PAYS,2022-2023 (JETP),2022,2023,"dons ODA, toutes modalites",0,150,438.8,88.91,20.26,23.25,0.0,100.0,0
AGREGE-4-PAYS,2022-2023 (JETP),2022,2023,"dons ODA, toutes modalites",1,150,438.8,155.9,35.53,68.55,7.38,100.0,0
AGREGE-4-PAYS,2022-2023 (JETP),2022,2023,"dons ODA, toutes modalites",2,68,250.53,98.23,39.21,57.69,21.21,100.0,82
AGREGE-4-PAYS,2022-2023 (JETP),2022,2023,"prets ODA, type projet C01",0,8,715.35,349.1,48.8,0.0,0.0,0.36,0
AGREGE-4-PAYS,2022-2023 (JETP),2022,2023,"prets ODA, type projet C01",1,8,715.35,355.18,49.65,0.0,0.0,2.0,0
AGREGE-4-PAYS,2022-2023 (JETP),2022,2023,"prets ODA, type projet C01",2,3,475.28,371.21,78.1,21.79,15.56,60.89,5
AGREGE-4-PAYS,2022-2023 (JETP),2022,2023,"dons ODA, type projet C01",0,107,332.92,45.26,13.6,15.87,0.0,100.0,0
AGREGE-4-PAYS,2022-2023 (JETP),2022,2023,"dons ODA, type projet C01",1,107,332.92,83.43,25.06,56.07,5.11,100.0,0
AGREGE-4-PAYS,2022-2023 (JETP),2022,2023,"dons ODA, type projet C01",2,48,156.06,26.44,16.94,42.62,11.64,100.0,59
AGREGE-4-PAYS,2022-2023 (JETP),2022,2023,"tous instruments, type projet C01",0,172,2954.81,757.56,25.64,16.12,0.0,100.0,0
AGREGE-4-PAYS,2022-2023 (JETP),2022,2023,"tous instruments, type projet C01",1,172,2954.81,908.97,30.76,66.67,0.0,100.0,0
AGREGE-4-PAYS,2022-2023 (JETP),2022,2023,"tous instruments, type projet C01",2,72,1730.96,552.39,31.91,44.29,7.96,100.0,100
AGREGE-4-PAYS,2022-2023 (JETP),2022,2023,"prets ODA, appui budgetaire A01/A02",0,7,1423.27,61.82,4.34,0.0,0.0,50.29,0
AGREGE-4-PAYS,2022-2023 (JETP),2022,2023,"prets ODA, appui budgetaire A01/A02",1,7,1423.27,1360.45,95.59,96.99,95.09,99.84,0
AGREGE-4-PAYS,2022-2023 (JETP),2022,2023,"prets ODA, appui budgetaire A01/A02",2,3,774.24,732.55,94.62,93.72,93.72,99.44,4
AGREGE-4-PAYS,reference 2006-2020,2006,2020,"tous instruments, toutes modalites",0,1299,40342.78,4363.02,10.81,47.59,0.0,100.0,0
AGREGE-4-PAYS,reference 2006-2020,2006,2020,"tous instruments, toutes modalites",1,1299,40342.78,9589.46,23.77,88.83,0.91,100.0,0
AGREGE-4-PAYS,reference 2006-2020,2006,2020,"tous instruments, toutes modalites",2,1299,40342.78,12754.99,31.62,93.79,9.16,100.0,0
AGREGE-4-PAYS,reference 2006-2020,2006,2020,"tous instruments, toutes modalites",3,1299,40342.78,15846.01,39.28,96.41,18.51,100.0,0
AGREGE-4-PAYS,reference 2006-2020,2006,2020,"tous instruments, toutes modalites",4,1299,40342.78,18479.05,45.81,97.45,21.42,100.0,0
AGREGE-4-PAYS,reference 2006-2020,2006,2020,"prets ODA, toutes modalites",0,145,14087.03,1955.46,13.88,0.0,0.0,0.0,0
AGREGE-4-PAYS,reference 2006-2020,2006,2020,"prets ODA, toutes modalites",1,145,14087.03,3529.35,25.05,1.75,0.0,67.97,0
AGREGE-4-PAYS,reference 2006-2020,2006,2020,"prets ODA, toutes modalites",2,145,14087.03,4494.55,31.91,8.77,0.0,76.55,0
AGREGE-4-PAYS,reference 2006-2020,2006,2020,"prets ODA, toutes modalites",3,145,14087.03,5211.51,37.0,22.19,0.0,94.0,0
AGREGE-4-PAYS,reference 2006-2020,2006,2020,"prets ODA, toutes modalites",4,145,14087.03,5928.79,42.09,34.06,0.32,94.36,0
AGREGE-4-PAYS,reference 2006-2020,2006,2020,"dons ODA, toutes modalites",0,955,1689.3,254.44,15.06,78.57,0.12,100.0,0
AGREGE-4-PAYS,reference 2006-2020,2006,2020,"dons ODA, toutes modalites",1,955,1689.3,377.11,22.32,98.3,20.02,100.0,0
AGREGE-4-PAYS,reference 2006-2020,2006,2020,"dons ODA, toutes modalites",2,955,1689.3,532.77,31.54,98.79,37.9,100.0,0
AGREGE-4-PAYS,reference 2006-2020,2006,2020,"dons ODA, toutes modalites",3,955,1689.3,657.88,38.94,98.79,49.38,100.0,0
AGREGE-4-PAYS,reference 2006-2020,2006,2020,"dons ODA, toutes modalites",4,955,1689.3,740.39,43.83,98.79,54.66,100.0,0
AGREGE-4-PAYS,reference 2006-2020,2006,2020,"prets ODA, type projet C01",0,121,12705.18,1187.69,9.35,0.0,0.0,0.0,0
AGREGE-4-PAYS,reference 2006-2020,2006,2020,"prets ODA, type projet C01",1,121,12705.18,2345.43,18.46,0.12,0.0,10.79,0
AGREGE-4-PAYS,reference 2006-2020,2006,2020,"prets ODA, type projet C01",2,121,12705.18,3310.64,26.06,3.96,0.0,42.9,0
AGREGE-4-PAYS,reference 2006-2020,2006,2020,"prets ODA, type projet C01",3,121,12705.18,4027.6,31.7,11.87,0.0,50.35,0
AGREGE-4-PAYS,reference 2006-2020,2006,2020,"prets ODA, type projet C01",4,121,12705.18,4744.87,37.35,22.09,0.0,68.56,0
AGREGE-4-PAYS,reference 2006-2020,2006,2020,"dons ODA, type projet C01",0,572,1103.53,178.01,16.13,50.0,0.0,100.0,0
AGREGE-4-PAYS,reference 2006-2020,2006,2020,"dons ODA, type projet C01",1,572,1103.53,269.14,24.39,88.35,4.74,100.0,0
AGREGE-4-PAYS,reference 2006-2020,2006,2020,"dons ODA, type projet C01",2,572,1103.53,399.22,36.18,95.24,17.47,100.0,0
AGREGE-4-PAYS,reference 2006-2020,2006,2020,"dons ODA, type projet C01",3,572,1103.53,491.69,44.56,97.44,20.46,100.0,0
AGREGE-4-PAYS,reference 2006-2020,2006,2020,"dons ODA, type projet C01",4,572,1103.53,559.42,50.69,97.8,20.49,100.0,0
AGREGE-4-PAYS,reference 2006-2020,2006,2020,"tous instruments, type projet C01",0,842,24005.06,1805.39,7.52,16.36,0.0,99.24,0
AGREGE-4-PAYS,reference 2006-2020,2006,2020,"tous instruments, type projet C01",1,842,24005.06,3990.98,16.63,48.99,0.0,100.0,0
AGREGE-4-PAYS,reference 2006-2020,2006,2020,"tous instruments, type projet C01",2,842,24005.06,6180.41,25.75,70.98,0.0,100.0,0
AGREGE-4-PAYS,reference 2006-2020,2006,2020,"tous instruments, type projet C01",3,842,24005.06,8472.65,35.3,83.67,0.39,100.0,0
AGREGE-4-PAYS,reference 2006-2020,2006,2020,"tous instruments, type projet C01",4,842,24005.06,9860.65,41.08,88.8,0.52,100.0,0
AGREGE-4-PAYS,reference 2006-2020,2006,2020,"prets ODA, appui budgetaire A01/A02",0,23,1201.22,767.76,63.92,100.0,0.0,101.24,0
AGREGE-4-PAYS,reference 2006-2020,2006,2020,"prets ODA, appui budgetaire A01/A02",1,23,1201.22,1183.92,98.56,100.34,97.52,101.86,0
AGREGE-4-PAYS,reference 2006-2020,2006,2020,"prets ODA, appui budgetaire A01/A02",2,23,1201.22,1183.92,98.56,100.34,97.52,101.86,0
AGREGE-4-PAYS,reference 2006-2020,2006,2020,"prets ODA, appui budgetaire A01/A02",3,23,1201.22,1183.92,98.56,100.34,97.52,101.86,0
AGREGE-4-PAYS,reference 2006-2020,2006,2020,"prets ODA, appui budgetaire A01/A02",4,23,1201.22,1183.92,98.56,100.34,97.52,101.86,0
