ref_doi,indeg,title,author,year
10.1257/jep.9.4.97,137,Toward a New Conception of the Environment-Competitiveness Relationship,Michael E. Porter,1995
10.1017/s1537592710004068,126,The Regime Complex for Climate Change,Robert O. Keohane,2011
10.3390/ijerph18094672,126,Climate change and health preparedness in Africa: analysing trends in six African countries,Opoku,2021
10.1038/nature15725,124,Global non-linear effect of temperature on economic production,Marshall Burke,2015
10.1016/j.jcorpfin.2018.12.001,122,Do shareholders benefit from green bonds?,Dragon Yongjun Tang,2018
10.26719/2022.28.4.247,122,"“Our planet, our health”: saving lives, promoting health and attaining well-being by protecting the planet—the Eastern Mediterranean perspectives",Al-Mandhari,2022
10.1177/17579139211058299,121,"Climate change, health, and conflict in Africa's arc of instability",Evans,2021
10.1016/j.jclepro.2019.02.022,104,The green advantage: Exploring the convenience of issuing green bonds,Gianfranco Gianfrate,2019
10.1287/mnsc.2013.1863,101,Environmental Externalities and Cost of Capital,Sudheer Chava,2014
10.1016/j.egypro.2016.12.053,99,The Role of Green Finance in Environmental Protection: Two Aspects of Market Mechanism and Policies,Yao Wang,2016
10.1002/jae.951,98,A simple panel unit root test in the presence of cross‐section dependence,M. Hashem Pesaran,2007
10.1086/466560,97,‘The problem of social cost’,Coase,1960
10.1007/s11356-020-08383-2,95,Impact of green finance on economic development and environmental quality: a study based on provincial panel data from China,Xiaoguang Zhou,2020
10.1016/s0301-4215(00)00070-7,94,Understanding carbon lock-in,Gregory C. Unruh,2000
10.1126/science.1244693,93,High-resolution global maps of 21st-century forest cover change,MC Hansen,2013
10.1016/j.eneco.2018.05.030,90,"Green bond and financial markets: Co-movement, diversification and price spillover effects",Juan C. Reboredo,2018
10.2307/2297968,89,Some Tests of Specification for Panel Data: Monte Carlo Evidence and an Application to Employment Equations,Manuel Arellano,1991
10.1016/j.gloenvcha.2010.07.004,89,Polycentric systems for coping with collective action and global environmental change,Элинор Остром,2010
10.1162/glep.2009.9.4.14,86,The Fragmentation of Global Governance Architectures: A Framework for Analysis,Frank Biermann,2009
10.1016/s0304-4076(98)00009-8,84,Initial conditions and moment restrictions in dynamic panel data models,Richard Blundell,1998
10.1038/461472a,83,A safe operating space for humanity,Johan Rockström,2009
10.1016/j.enpol.2021.112256,83,Public spending and green economic growth in BRI region: Mediating role of green finance,Zhang,2021
10.1057/s41260-018-0088-5,81,Are green bonds priced differently from conventional bonds?,Britta Hachenberg,2018
10.1093/rfs/hhaa071,81,Carbon Tail Risk,Emirhan Ilhan,2020
10.1126/science.1201609,81,A large and persistent carbon sink in the world&apos;s forests.,Y Pan,2011
10.2307/2095101,80,The Iron Cage Revisited: Institutional Isomorphism and Collective Rationality in Organizational Fields,Paul DiMaggio,1983
10.1002/joc.1276,80,Very high resolution interpolated climate surfaces for global land areas,Robert J. Hijmans,2005
10.1093/rfs/hhz086,80,Attention to Global Warming,Darwin Choi,2019
10.1016/j.gloenvcha.2006.03.008,79,"Adaptation, adaptive capacity and vulnerability",Barry Smit,2006
10.1098/rstb.2019.0120,76,Understanding the value and limits of nature-based solutions to climate change and other global challenges,Nathalie Seddon,2020
10.1016/j.enpol.2021.112255,76,Demand for green finance: Resolving financing constraints on green innovation in China,Chin‐Hsien Yu,2021
10.1017/cbo9780511546013,76,Climate Change 2007,Intergovernmental Panel on Climate Change,2007
10.1890/110004,76,A blueprint for blue carbon: toward an improved understanding of the role of vegetated coastal habitats in sequestering CO<sub>2</sub>,Elizabeth Mcleod,2011
10.1016/0304-405x(76)90026-x,76,"Theory of the firm: Managerial behavior, agency costs and ownership structure",Michael C. Jensen,1976
10.1257/aer.102.1.131,75,The environment and directed technical change,Acemoglu,2012
10.1126/science.1259855,75,Planetary boundaries: Guiding human development on a changing planet,Will Steffen,2015
10.1080/20430795.2015.1118917,75,ESG and financial performance: aggregated evidence from more than 2000 empirical studies,Gunnar Friede,2015
10.1017/cbo9780511807763,75,Governing the Commons,Элинор Остром,1990
10.2307/2118443,74,Economic Growth and the Environment,Gene M. Grossman,1994
10.1016/j.eneco.2022.105863,73,How does green finance affect green total factor productivity? Evidence from China,Chi‐Chuan Lee,2022
10.1016/j.renene.2019.05.059,71,Can green financial development promote renewable energy investment efficiency? A consideration of bank credit,Lingyun He,2019
10.1016/j.gloenvcha.2006.02.006,71,Vulnerability,W. Neil Adger,2006
10.1016/j.jfineco.2008.09.001,70,The price of sin: The effects of social norms on markets,Harrison Hong,2009
10.1093/rfs/hhq009,69,New Evidence on Measuring Financial Constraints: Moving Beyond the KZ Index,Charles J. Hadlock,2010
10.1016/j.gloenvcha.2016.05.009,69,"The Shared Socioeconomic Pathways and their energy, land use, and greenhouse gas emissions implications: An overview",Keywan Riahi,2016
10.1257/aer.98.2.1,67,The economics of climate change,Stern,2008
10.1016/j.gloenvcha.2004.12.005,67,Successful adaptation to climate change across scales,W. Neil Adger,2005
10.1016/s0304-4076(03)00092-7,66,Testing for unit roots in heterogeneous panels,Kyung So Im,2003
10.2307/j.ctt1npzkh,66,A Question of Balance,William D. Nordhaus,2008
10.1007/s10784-016-9343-8,65,Allocation of aid for adaptation to climate change: Do vulnerable countries receive more support?,Carola Betzold,2017
10.1162/rest.91.1.1,64,On Modeling and Interpreting the Economics of Catastrophic Climate Change,Martin L. Weitzman,2009
10.1016/j.aos.2008.02.004,64,"Making things the same: Gases, emission rights and the politics of carbon markets",Donald MacKenzie,2008
10.1080/20430795.2020.1724864,64,Understanding the role of green bonds in advancing sustainability,Aaron Maltais,2020
10.1016/j.gloenvcha.2015.09.014,63,Reframing adaptation: The political nature of climate change adaptation,Siri Eriksen,2015
10.1038/nclimate2437,63,Climate-smart agriculture for food security,Leslie Lipper,2014
10.1016/0304-4076(94)01642-d,63,Another look at the instrumental variable estimation of error-components models,Manuel Arellano,1995
10.1068/c11127,62,The Transnational Regime Complex for Climate Change,Kenneth W. Abbott,2012
10.1016/j.bir.2021.03.002,62,The role of green finance in reducing CO2 emissions: An empirical analysis,Muhammad Saeed Meo,2021
10.2308/accr-50629,62,Firm-Value Effects of Carbon Emissions and Carbon Disclosures,Ella Mae Matsumura,2013
10.1016/j.econmod.2019.09.004,62,Price connectedness between green bond and financial markets,Juan C. Reboredo,2019
10.1016/j.jclepro.2019.118643,61,Drivers of green bond market growth: the importance of nationally determined contributions to the Paris agreement and implications for sustainability,C Tolliver,2020
10.1371/journal.pone.0043542,61,Estimating Global “Blue Carbon” Emissions from Conversion and Degradation of Vegetated Coastal Ecosystems,Linwood H. Pendleton,2012
10.1016/j.ecolecon.2005.03.015,61,Fair adaptation to climate change,Jouni Paavola,2005
10.1016/j.jenvman.2021.113159,61,Fostering green development with green finance: an empirical study on the environmental effect of green credit policy in China,S Zhang,2021
10.1257/jel.45.3.686,60,A Review of the <i>Stern Review on the Economics of Climate Change</i>,William D. Nordhaus,2007
10.1073/pnas.1007887107,60,A framework to diagnose barriers to climate change adaptation,Susanne C. Moser,2010
10.1017/cbo9780511808678,60,"Institutions, Institutional Change and Economic Performance",Douglass C. North,1990
10.1111/dech.12645,59,The Wall Street Consensus,Daniela Gabor,2021
10.1111/jofi.12841,59,Do Investors Value Sustainability? A Natural Experiment Examining Ranking and Fund Flows,Samuel M. Hartzmark,2019
10.2469/faj.v72.n3.4,59,Hedging Climate Risk,Mats Andersson,2016
10.1191/1478088706qp063oa,59,Using thematic analysis in psychology,Virginia Braun,2006
10.1191/1464993403ps060oa,59,Adaptation to climate change in the developing world,W. Neil Adger,2003
10.1111/jofi.12505,59,"Social capital, trust, and firm performance: the value of corporate social responsibility during the financial crisis",KV Lins,2017
10.1162/002081898550789,59,International Norm Dynamics and Political Change,Martha Finnemore,1998
10.1016/j.jbusres.2021.04.070,58,How to conduct a bibliometric analysis: An overview and guidelines,Naveen Donthu,2021
10.1038/387253a0,58,The value of the world's ecosystem services and natural capital,Robert Costanza,1997
10.1162/glep.2009.9.2.52,58,Transnational Climate Governance,Liliana B. Andonova,2009
10.1016/j.gloenvcha.2009.07.009,58,Sharing the burden of financing adaptation to climate change,Rob Dellink,2009
10.1016/0304-405x(93)90023-5,57,Common risk factors in the returns on stocks and bonds,Eugene F. Fama,1993
10.1016/j.jclepro.2020.122844,57,"Nexus between green finance, non-fossil energy use, and carbon intensity: Empirical evidence from China based on a vector error correction model",Xuedi Ren,2020
10.4159/9780674042605,57,A theory of justice original edition,John Rawls,1971
10.1017/cbo9780511975714,57,Global Warming Gridlock,David G. Victor,2011
10.1017/cbo9780511761850,56,Climate Capitalism,Peter Newell,2010
10.1088/1748-9326/aabf9f,56,"Negative emissions—Part 2: Costs, potentials and side effects",Sabine Fuss,2018
10.1007/s12053-022-10021-4,56,Role of green finance in improving energy efficiency and renewable energy development,Ehsan Rasoulinezhad,2022
10.1192/bji.2022.14,55,Mental health and climate change in Africa,Atwoli,2022
10.1073/pnas.1810141115,55,Trajectories of the Earth System in the Anthropocene,Will Steffen,2018
10.1002/jae.616,55,Bounds testing approaches to the analysis of level relationships,M. Hashem Pesaran,2001
10.1016/j.jbankfin.2011.02.007,55,Does corporate social responsibility affect the cost of capital?,Sadok El Ghoul,2011
10.3386/w25194,55,Financing the Response to Climate Change: The Pricing and Ownership of U.S. Green Bonds,Malcolm Baker,2018
10.1073/pnas.0705414105,54,Tipping elements in the Earth's climate system,Timothy M. Lenton,2008
10.1016/0047-2727(93)90037-t,54,Strategies for the international protection of the environment,Carlo Carraro,1993
10.1093/oep/46.supplement_1.878,54,Self-Enforcing International Environmental Agreements,Scott Barrett,1994
10.1016/j.ecolecon.2018.05.011,54,"Climate Change, Financial Stability and Monetary Policy",Yannis Dafermos,2018
10.3390/su13020478,54,The Limits of Green Finance: A Survey of Literature in the Context of Green Bonds and Green Loans,David Gilchrist,2021
10.1080/03066150.2012.671770,54,Green Grabbing: a new appropriation of nature?,James Fairhead,2012
10.1037/0022-3514.51.6.1173,54,"The moderator–mediator variable distinction in social psychological research: Conceptual, strategic, and statistical considerations.",Reuben M. Baron,1986
10.1162/003355397555163,53,Do Investment-Cash Flow Sensitivities Provide Useful Measures of Financing Constraints?,S. N. Kaplan,1997
10.1016/j.ese.2021.100107,53,"Green finance, fintech and environmental protection: evidence from China",Muganyi,2021
10.1016/s0304-4076(01)00098-7,53,Unit root tests in panel data: asymptotic and finite-sample properties,Andrew Levin,2002
10.1016/s0048-7333(02)00062-8,53,Technological transitions as evolutionary reconfiguration processes: a multi-level perspective and a case-study,Frank W. Geels,2002
10.1038/nclimate1970,53,The role of coastal plant communities for climate change mitigation and adaptation,CM Duarte,2013
10.1038/nature08017,53,Greenhouse-gas emission targets for limiting global warming to 2 °C,Malte Meinshausen,2009
10.1162/glep_a_00362,52,“All Hands on Deck”: The Paris Agreement and Nonstate Climate Action,Thomas Hale,2016
10.1016/j.eist.2019.11.007,51,Closing the green finance gap – A systems perspective,Sarah Hafner,2019
10.1016/0022-0531(72)90049-x,51,Markets in licenses and efficient pollution control programs,W. David Montgomery,1972
10.1257/mac.4.3.66,51,Temperature Shocks and Economic Growth: Evidence from the Last Half Century,Melissa Dell,2012
10.1016/j.enpol.2007.10.029,51,Price drivers and structural breaks in European carbon prices 2005–2007,Émilie Alberola,2008
10.1073/pnas.1115521109,51,Transformational adaptation when incremental adaptations to climate change are insufficient,Robert W. Kates,2012
10.1073/pnas.1609244114,51,Revisiting the social cost of carbon,William D. Nordhaus,2017
10.1111/j.1468-0084.2007.00477.x,50,Testing for Error Correction in Panel Data*,Joakim Westerlund,2007
10.1126/science.aax0848,50,The global tree restoration potential,Jean‐François Bastin,2019
10.2307/2296698,50,Prices vs. Quantities,Martin L. Weitzman,1974
10.1257/jel.52.3.740,49,What Do We Learn from the Weather? The New Climate-Economy Literature,Melissa Dell,2014
10.1007/s10584-008-9520-z,49,Are there social limits to adaptation to climate change?,W. Neil Adger,2008
10.1016/j.techfore.2021.121378,49,Green Bonds for Sustainable Development: Review of Literature on Development and Impact of Green Bonds,Bhutta,2022
10.1038/35002501,49,Biodiversity hotspots for conservation priorities,Norman Myers,2000
10.1007/s11558-013-9174-0,49,Orchestration and transnational climate governance,Thomas Hale,2013
10.1126/science.162.3859.1243,48,The Tragedy of the Commons,Garrett Hardin,1968
10.1016/j.ijforecast.2011.02.006,48,Better to give than to receive: predictive directional measurement of volatility spillovers,Diebold,2012
10.1007/s10640-009-9309-1,48,Renewable energy policies and technological innovation: evidence based on patent counts,Johnstone Nick,2010
10.1017/s0022109020000757,48,Climate Change News Risk and Corporate Bond Returns,Thanh Huynh,2020
10.1016/j.enpol.2005.03.014,48,Host country attractiveness for CDM non-sink projects,Jung,2006
10.1073/pnas.1006388108,47,Growth in emission transfers via international trade from 1990 to 2008,Glen P. Peters,2011
10.2305/iucn.ch.2016.13.en,47,Nature-based solutions to address global societal challenges,Cohen-Shacham,2016
10.1080/20430795.2016.1237244,46,Is it risky to go green? A volatility analysis of the green bond market,Linh Pham,2016
10.1017/s0020818300001442,46,Introduction: epistemic communities and international policy coordination,Peter M. Haas,1992
10.1007/s10113-016-1085-1,46,International financing for climate change adaptation in small island developing states,Stacy‐ann Robinson,2016
10.1007/s00442-005-0100-x,46,Tree allometry and improved estimation of carbon stocks and balance in tropical forests,Jérôme Chave,2005
10.1007/s11192-009-0146-3,46,"Software survey: VOSviewer, a computer program for bibliometric mapping",Nees Jan van Eck,2009
10.1016/j.jclepro.2020.124491,46,Is there a green premium in the green bond market? Systematic literature review revealing premium determinants,Stefen MacAskill,2020
10.1016/j.frl.2018.02.025,46,The impact of liquidity risk on the yield spread of green bonds,Febi Jensen,2018
10.1023/a:1009874203400,45,Who Gives Foreign Aid to Whom and Why?,Alberto Alesina,2000
10.3386/w3914,45,Environmental Impacts of a North American Free Trade Agreement,Gene M. Grossman,1991
10.1016/j.envsci.2005.06.010,45,Integrating mitigation and adaptation into climate and development policy: three research questions,Richard J. T. Klein,2005
10.1093/qje/qjw024,45,Measuring Economic Policy Uncertainty*,Scott Baker,2016
10.5751/es-03180-140232,45,Planetary Boundaries: Exploring the Safe Operating Space for Humanity,Johan Rockström,2009
10.1038/nclimate2937,45,Cooperation and discord in global climate policy,Robert O. Keohane,2016
10.1093/oxrep/graa015,45,Will COVID-19 fiscal recovery packages accelerate or retard progress on climate change?,Cameron Hepburn,2020
10.1016/j.gloenvcha.2009.11.004,45,Maladaptation,Jon Barnett,2009
10.1017/s1355770x19000020,44,Financing Environmentally-Sustainable Projects with Green Bonds,Agliardi,2019
10.1017/cbo9781107706033,44,Transnational Climate Change Governance,Harriet Bulkeley,2014
10.1016/s0304-4076(98)00023-2,44,Spurious regression and residual-based tests for cointegration in panel data,Chihwa Kao,1999
10.1126/science.1187774,44,Does REDD+ Threaten to Recentralize Forest Governance?,Jacob Phelps,2010
10.1023/a:1010933404324,44,Random Forests,L Breiman,2001
10.1016/0304-405x(84)90023-0,44,Corporate financing and investment decisions when firms have information that investors do not have,Stewart C. Myers,1984
10.1016/j.gloenvcha.2006.04.002,44,Resilience: The emergence of a perspective for social–ecological systems analyses,Carl Folke,2006
10.1049/ep.1977.0180,43,World Energy Outlook,M.W. Thring,1977
10.1016/j.resourpol.2021.102445,43,"Nexus between green finance, fintech, and high-quality economic development: Empirical evidence from China",Yuxue Yang,2021
10.1002/joc.5086,43,WorldClim 2: new 1‐km spatial resolution climate surfaces for global land areas.,SE Fick,2017
10.1038/ngeo1123,43,Mangroves among the most carbon-rich forests in the tropics,DC Donato,2011
10.1016/s0301-4215(02)00142-8,43,Defining Investment Additionality for CDM projects—practical approaches,Sandra Greiner,2003
10.1287/mnsc.2018.3043,43,Corporate Social Responsibility and Firm Risk: Theory and Empirical Evidence,Rui Albuquerque,2018
10.1038/nature08019,43,Warming caused by cumulative carbon emissions towards the trillionth tonne,Myles Allen,2009
10.1016/j.envsci.2010.11.002,43,Governing and implementing REDD+,Esteve Corbera,2010
10.1016/j.enpol.2014.06.024,43,"Causes of the EU ETS price drop: Recession, CDM, renewable policies or a bit of everything?—New evidence",Nicolas Koch,2014
10.1162/glep.2009.9.1.58,42,Conceptualizing Climate Governance Beyond the International Regime,Chukwumerije Okereke,2009
10.1016/j.jeconom.2007.05.010,42,Testing Slope Homogeneity in Large Panels,Pesaran,2008
10.1093/acprof:oso/9780195390087.001.0001,42,Climate Governance at the Crossroads,Matthew J. Hoffmann,2011
10.1007/s10584-006-0329-3,42,Climate Change Vulnerability Assessments: An Evolution of Conceptual Thinking,Hans‐Martin Füssel,2006
10.1093/reep/rem003,42,"The European Union Emissions Trading Scheme: Origins, Allocation, and Early Results",A. Denny Ellerman,2007
10.1016/j.worlddev.2004.03.004,42,The Rise and Fall of the Environmental Kuznets Curve,David I. Stern,2004
10.1111/j.1540-6261.1997.tb03808.x,42,On Persistence in Mutual Fund Performance,Mark M. Carhart,1997
10.1162/glep.2006.6.1.50,42,"Planting Trees to Mitigate Climate Change: Contested Discourses of Ecological Modernization, Green Governmentality and Civic Environmentalism",Karin Bäckstrand,2006
10.1016/j.jfineco.2006.01.003,41,"Disagreement, tastes, and asset prices",Eugene F. Fama,2006
10.1038/nclimate2870,41,Biophysical and economic limits to negative CO2 emissions,Pete Smith,2015
10.1038/s41893-019-0334-y,41,Connecting climate action with other Sustainable Development Goals,Francesco Fuso Nerini,2019
10.1126/science.1097396,41,Soil Carbon Sequestration Impacts on Global Climate Change and Food Security,Rattan Lal,2004
10.1088/1748-9326/ab1118,41,Green bonds for the Paris agreement and sustainable development goals,Clarence Tolliver,2019
10.1016/j.eneco.2019.104629,41,Network connectedness of green bonds and asset classes,Reboredo,2020
10.1007/s10644-020-09266-9,41,Green bonds as an instrument to finance low carbon transition,Sartzetakis,2021
10.1017/s0266466604203073,41,PANEL COINTEGRATION: ASYMPTOTIC AND FINITE SAMPLE PROPERTIES OF POOLED TIME SERIES TESTS WITH AN APPLICATION TO THE PPP HYPOTHESIS,Peter Pedroni,2004
10.1016/j.rser.2015.04.076,41,"China's carbon-emissions trading: overview, challenges and future",Liu,2015
10.1002/smj.678,41,"Environmental risk management and the cost of capital,","Sharfman,",2008
10.1016/j.ecolecon.2021.106957,40,"Finance, climate-change and radical uncertainty: Towards a precautionary approach to financial policy",Hugues Chenet,2021
10.1016/j.resourpol.2021.102436,40,Research on the impact of green finance on the upgrading of China's regional industrial structure from the perspective of sustainable development,Xinyue Wang,2021
10.1016/j.jclepro.2018.10.119,40,"Green credit, renewable energy investment and green economy development: empirical analysis based on 150 listed companies of China",He,2019
10.1016/j.pacfin.2020.101294,40,The market reaction to green bond issuance: Evidence from China,J Wang,2020
10.1038/s41558-021-01170-y,40,A systematic global stocktake of evidence on human adaptation to climate change,Lea Berrang‐Ford,2021
10.1016/j.techfore.2022.121882,40,Influence mechanism between green finance and green innovation: Exploring regional policy intervention effects in China,Muhammad Irfan,2022
10.1136/bmj.n71,40,The PRISMA 2020 statement: an updated guideline for reporting systematic reviews,Matthew J. Page,2021
10.7551/mitpress/9780262029612.001.0001,40,Power in a Warming World,David Ciplet,2015
10.1017/9781316577226.067,40,Kyoto Protocol to the United Nations Framework Convention on Climate Change,Unfccc,2018
10.1016/0377-2217(78)90138-8,40,Measuring the efficiency of decision making units,A. Charnes,1978
10.1016/j.enpol.2008.08.025,40,Does higher economic and financial development lead to environmental degradation: Evidence from BRIC countries,Artur Tamazian,2008
10.1016/j.gloenvcha.2010.07.009,40,"How inequitable is the global distribution of responsibility, capability, and vulnerability to climate change: A comprehensive indicator-based assessment",Hans‐Martin Füssel,2010
10.3390/su132112137,40,Can Green Finance Development Reduce Carbon Emissions? Empirical Evidence from 30 Chinese Provinces,Xi Chen,2021
10.1038/nclimate2725,40,Emergence of polycentric climate governance and its future prospects,Andrew Jordan,2015
10.1016/j.techfore.2020.120051,40,Policy targets behind green bonds for renewable energy: do climate commitments matter?,Tolliver,2020
10.1016/j.frl.2020.101739,40,"Time-frequency co-movement among green bonds, stocks, commodities, clean energy, and conventional bonds",Nguyen,2021
10.1038/s41586-021-03821-8,40,Unextractable fossil fuels in a 1·5 °C world,Welsby,2021
10.1038/ngeo671,40,CO2 emissions from forest loss,Guido R. van der Werf,2009
10.2307/1913643,40,Regression Quantiles,Roger Koenker,1978
10.1016/j.respol.2007.01.003,39,Typology of sociotechnical transition pathways,Frank W. Geels,2007
10.1016/j.respol.2012.02.013,39,Sustainability transitions: An emerging field of research and its prospects,Jochen Markard,2012
10.5305/amerjintelaw.110.2.0288,39,The Paris Climate Change Agreement: A New Hope?,Daniel Bodansky,2016
10.1016/j.econmod.2012.02.014,39,Testing for Granger non-causality in heterogeneous panels,Elena‐Ivona Dumitrescu,2012
10.3390/jrfm13030061,39,"What future for the green bond market? How can policymakers, companies, and investors unlock the potential of the green bond market?",Deschryver,2020
10.1016/j.jfineco.2011.03.021,39,Does the stock market fully value intangibles? Employee satisfaction and equity prices,Alex Edmans,2011
10.1016/j.joi.2017.08.007,39,bibliometrix : An R-tool for comprehensive science mapping analysis,Massimo Aria,2017
10.1080/00036846.2019.1591611,39,Do investors in Green Bond market pay a premium? Global evidence,Nanayakkara,2019
10.2307/422246,39,"Policy Paradigms, Social Learning, and the State: The Case of Economic Policymaking in Britain",Peter A. Hall,1993
10.1126/science.aah4567,39,The trouble with negative emissions,Kevin Anderson,2016
10.1080/13563467.2019.1598964,39,Is Green Growth Possible?,Jason Hickel,2019
10.1007/s10113-013-0421-y,39,On the nature of barriers to climate change adaptation,Robbert Biesbroek,2013
10.1641/0006-3568(2002)052[0143:pcaudf]2.0.co;2,39,Proximate Causes and Underlying Driving Forces of Tropical Deforestation,Helmut Geist,2002
10.1016/j.eneco.2008.07.003,39,Modeling the price dynamics of CO2 emission allowances,Eva Benz,2008
10.1016/s0140-6736(18)31788-4,39,Food in the Anthropocene: the EAT–Lancet Commission on healthy diets from sustainable food systems,Walter C. Willett,2019
10.1098/rstb.2007.2184,39,Greenhouse gas mitigation in agriculture,Pete Smith,2007
10.1016/j.eneco.2021.105476,38,Regional gap and the trend of green finance development in China,Chengchao Lv,2021
10.1016/j.eneco.2021.105134,38,Can the green credit policy stimulate green innovation in heavily polluting enterprises? Evidence from a quasi-natural experiment in China,Guoqiang Hu,2021
10.1080/14693062.2018.1521332,38,Environmental integrity of international carbon market mechanisms under the Paris Agreement,Lambert Schneider,2018
10.1111/j.1944-8287.2003.tb00220.x,38,"Social Capital, Collective Action, and Adaptation to Climate Change",W. Neil Adger,2003
10.1016/j.gloenvcha.2004.12.006,38,The determinants of vulnerability and adaptive capacity at the national level and the implications for adaptation,Nick Brooks,2005
10.1126/science.aal4369,38,Estimating economic damage from climate change in the United States,Solomon Hsiang,2017
10.1126/science.1152747,38,Land Clearing and the Biofuel Carbon Debt,Joseph Fargione,2008
10.1146/annurev.es.04.110173.000245,38,Resilience and Stability of Ecological Systems,C. S. Holling,1973
10.1017/s0020818300027697,38,Diplomacy and domestic politics: the logic of two-level games,Robert D. Putnam,1988
10.1038/nature08823,38,The next generation of scenarios for climate change research and assessment,Richard H. Moss,2010
10.1126/science.1172133,38,A General Framework for Analyzing Sustainability of Social-Ecological Systems,Элинор Остром,2009
10.1093/rfs/hhj012,38,Financial Constraints Risk,Toni M. Whited,2006
10.1111/jofi.13217,38,The Pollution Premium,PO‐HSUAN HSU,2023
10.1016/s0140-6736(09)60935-1,38,Managing the health effects of climate change,Anthony Costello,2009
10.1016/j.ecolecon.2019.106571,38,Blind to carbon risk? An Analysis of stock market’s reaction to the Paris Agreement,Monasterolo,2020
10.1016/j.esr.2019.01.006,37,The role of renewable energy in the global energy transformation,Gielen,2019
10.1177/1536867x0900900106,37,How to do Xtabond2: An Introduction to Difference and System GMM in Stata,David Roodman,2009
10.5465/amj.2011.0744,37,Corporate Social Responsibility and Shareholder Reaction: The Environmental Awareness of Investors,Caroline Flammer,2012
10.1016/j.jenvman.2021.112751,37,Does green financing help to improve environmental &amp; social responsibility? Designing SDG framework through advanced quantile modelling,Avik Sinha,2021
10.1146/annurev-environ-110615-085934,37,"Carbon Lock-In: Types, Causes, and Policy Implications",Karen C. Seto,2016
10.7551/mitpress/7158.001.0001,37,Warming the World,William D. Nordhaus,2000
10.1017/s0922156505002992,37,"Cosmopolitan Justice, Responsibility, and Global Climate Change",Simon Caney,2005
10.1038/s41560-018-0179-z,37,Energy investment needs for fulfilling the Paris Agreement and achieving the Sustainable Development Goals,David McCollum,2018
10.1126/science.aau3445,37,Classifying drivers of global forest loss,Curtis,2018
10.1016/j.geoforum.2017.05.011,37,Power and politics in climate change adaptation efforts: Struggles over authority and recognition in the context of political instability,Andrea J. Nightingale,2017
10.1016/j.ecolecon.2008.03.011,37,Designing payments for environmental services in theory and practice: An overview of the issues,Stefanie Engel,2008
10.1162/003465398557825,37,Consistent Covariance Matrix Estimation with Spatially Dependent Panel Data,John C. Driscoll,1998
10.1016/j.gloenvcha.2014.04.002,37,Changes in the global value of ecosystem services,Robert Costanza,2014
10.1016/j.frl.2022.102807,37,Green finance and decarbonization: Evidence from around the world,Md Al Mamun,2022
10.1016/j.jeconom.2014.04.012,37,On the network topology of variance decompositions: measuring the connectedness of financial firms,FX Diebold,2014
10.1038/s41558-020-0797-x,37,Temporary reduction in daily global CO2 emissions during the COVID-19 forced confinement,Corinne Le Quéré,2020
10.1007/s11077-012-9151-0,37,Overcoming the tragedy of super wicked problems: constraining our future selves to ameliorate global climate change,Kelly Levin,2012
10.1257/jel.51.3.860,37,Climate Change Policy: What Do the Models Tell Us?,Robert S. Pindyck,2013
10.1016/j.ecolecon.2017.07.029,36,The EIRIN Flow-of-funds Behavioural Model of Green Fiscal Policies and Green Sovereign Bonds,Irene Monasterolo,2017
10.1111/1467-8551.00375,36,Towards a methodology for developing evidence-informed management knowledge by means of systematic review,Tranfield,2003
10.1007/s10584-007-9271-2,36,CDM: is it a ‘win–win’ strategy for rural poverty alleviation in India?,Sirohi,2007
10.1162/glep_a_00107,36,Moving Forward in the Climate Negotiations: Multilateralism or Minilateralism?,Robyn Eckersley,2012
10.1111/rode.12271,36,REDD+ as Result‐based Aid: General Lessons and Bilateral Agreements of Norway,Arild Angelsen,2016
10.1038/nclimate1979,36,Future flood losses in major coastal cities,Stéphane Hallegatte,2013
10.1038/534320a,36,Policy: Map the interactions between Sustainable Development Goals,Måns Nilsson,2016
10.1093/biomet/75.2.335,36,Testing for a unit root in time series regression,Peter C.B. Phillips,1988
10.2139/ssrn.572504,36,General Diagnostic Tests for Cross Section Dependence in Panels,M. Hashem Pesaran,2004
10.5194/essd-12-3269-2020,36,Global carbon budget 2020,Friedlingstein,2020
10.1016/j.scitotenv.2020.142538,36,"Does green investment, financial development and natural resources rent limit carbon emissions? A provincial panel analysis of China",Yijuan Shen,2020
10.1002/bse.2842,36,Sustainable finance and investment: Review and research agenda,Felipe Arias Fogliano de Souza Cunha,2021
10.1146/annurev-environ-020411-130608,35,Climate Change and Food Systems,Sonja Vermeulen,2012
10.1111/j.1467-9388.1992.tb00046.x,35,The United Nations Framework Convention on Climate Change,Philippe Sands,1992
10.1002/wcc.275,35,From environmental to climate justice: climate change and the discourse of environmental justice,David Schlosberg,2014
10.7312/bern12036,35,The Compromise of Liberal Environmentalism,Steven Bernstein,2001
10.1016/j.ecolecon.2004.02.011,35,Environmental Kuznets Curve Hypothesis: A Survey,Soumyananda Dinda,2004
10.1162/glep_a_00180,35,"Introduction: The Institutional Fragmentation of Global Environmental Governance: Causes, Consequences, and Responses",Fariborz Zelli,2013
10.1016/j.gloenvcha.2014.01.003,35,A typology of adaptation actions: A global look at climate adaptation actions financed through the Global Environment Facility,Bonizella Biagini,2014
10.1126/science.1151861,35,Use of US croplands for biofuels increases greenhouse gases through emissions from land-use change,T Searchinger,2008
10.1016/j.jbankfin.2007.12.039,35,"Socially responsible investments: Institutional aspects, performance, and investor behavior",Luc Renneboog,2008
10.7551/mitpress/2957.001.0001,35,Fairness in Adaptation to Climate Change,Adger,2006
10.1177/014920639101700108,35,Firm Resources and Sustained Competitive Advantage,Jay B. Barney,1991
10.1016/j.gloenvcha.2013.02.014,35,"Land tenure and REDD+: The good, the bad and the ugly",Anne Larson,2013
10.1016/j.jbankfin.2015.05.005,35,Carbon emissions and stock returns: evidence from the EU Emissions Trading Scheme,Oestreich,2015
10.5751/es-03610-150420,35,"Resilience Thinking: Integrating Resilience, Adaptability and Transformability",Carl Folke,2010
10.1080/1045575042000287299,35,Climate fraud and carbon colonialism: the new trade in greenhouse gases,Heidi Bachram,2004
10.1086/226550,35,Institutionalized Organizations: Formal Structure as Myth and Ceremony,John W. Meyer,1977
10.2307/258788,35,Managing Legitimacy: Strategic and Institutional Approaches,Suchman,1995
10.1017/cbo9780511494659,35,"The international climate change regime a guide to rules, institutions and procedures",Farhana Yamin,2004
10.1073/pnas.1019576108,35,Benchmark map of forest carbon stocks in tropical regions across three continents,Sassan Saatchi,2011
10.1016/s0140-6736(15)60854-6,35,Health and climate change: policy responses to protect public health,Nick Watts,2015
10.1016/j.jclepro.2018.05.250,35,From sustainability accounting to a green financing system: Institutional legitimacy and market heterogeneity in a global financial centre,Artie W. Ng,2018
10.1163/19426720-01202004,35,Cities and the Multilevel Governance of Global Climate Change,Michele M. Betsill,2006
10.1007/978-981-13-0227-5_13,35,Importance of Green Finance for Achieving Sustainable Development Goals and Energy Security,Jeffrey D. Sachs,2019
10.1038/nclimate2841,35,Roadmap towards justice in urban climate adaptation research,Linda Shi,2016
10.1016/j.jcorpfin.2021.101889,35,Firms and social responsibility: A review of ESG and CSR research in corporate finance,Stuart Gillan,2021
10.1017/cbo9781139177245,34,Managing the Risks of Extreme Events and Disasters to Advance Climate Change Adaptation,Christopher B. Field,2012
10.2307/2297111,34,The Lagrange Multiplier Test and its Applications to Model Specification in Econometrics,Trevor Breusch,1980
10.1016/j.enpol.2013.04.039,34,Green investment: Trends and determinants,Luc Eyraud,2013
10.1016/j.jbankfin.2010.12.002,34,The impact of corporate social responsibility on the cost of bank loans,Goss,2011
10.1038/nclimate2392,34,Betting on negative emissions,Sabine Fuss,2014
10.5547/issn0195-6574-ej-vol28-no3-5,34,"CO2 Prices, Energy and Weather",María Mansanet-Bataller,2007
10.1016/j.eneco.2022.106183,34,Does green finance counteract the climate change mitigation: Asymmetric effect of renewable energy investment and R&amp;D,Dongyang Zhang,2022
10.1016/j.renene.2019.01.010,34,Impact of renewable energy consumption and financial development on CO2 emissions and economic growth in the MENA region: A panel vector autoregressive (PVAR) analysis,L Charfeddine,2019
10.1007/s10584-011-0148-z,34,The representative concentration pathways: an overview,Detlef P. van Vuuren,2011
10.1093/reep/rev014,34,The European Union Emissions Trading System: Ten Years and Counting,A. Denny Ellerman,2015
10.1017/9781108284646,34,Governing Climate Change: Polycentricity in Action?,Jordan,2018
10.1073/pnas.0906974107,34,Consumption-based accounting of CO <sub>2</sub> emissions,Steven J. Davis,2010
10.1016/j.gloenvcha.2016.08.002,34,Why equity is fundamental in climate change policy research,Sonja Klinsky,2016
10.1126/science.1239402,34,Climate Change Impacts on Global Food Security,Tim Wheeler,2013
10.17265/2159-5313/2016.09.003,34,,,2016
10.4324/9780203889046,34,Adaptation to Climate Change: From Resilience to Transformation,Mark Pelling,2010
10.1016/j.eneco.2022.105945,34,"A step forward on sustainability: The nexus of environmental responsibility, green technology, clean energy and green finance",Mara Madaleno,2022
10.1016/j.eneco.2009.04.004,34,"Do economic, financial and institutional developments matter for environmental degradation? Evidence from transitional economies",Tamazian,2010
10.2469/faj.v74.n3.2,34,Why and How Investors Use ESG Information: Evidence from a Global Survey,Amir Amel‐Zadeh,2018
10.1126/science.ade3535,33,Action needed to make carbon offsets from forest conservation work for climate change mitigation,Thales A. P. West,2023
10.1111/1468-0084.0610s1631,33,A Comparative Study of Unit Root Tests with Panel Data and a New Simple Test,G. S. Maddala,1999
10.1016/j.eneco.2009.10.013,33,International climate policy architectures: Overview of the EMF 22 International Scenarios,Leon Clarke,2009
10.1016/j.enpol.2015.03.023,33,Environmental policies and risk finance in the green sector: Cross-country evidence,Chiara Criscuolo,2015
10.1016/j.jfs.2021.100873,33,The pricing of green bonds: are financial institutions special?,Serena Fatica,2021
10.1002/smj.2131,33,Corporate social responsibility and access to finance,Beiting Cheng,2013
10.1007/s11027-007-9105-6,33,Climate change: linking adaptation and mitigation through agroforestry,Louis Verchot,2007
10.1016/s0377-2217(99)00407-5,33,A slacks-based measure of efficiency in data envelopment analysis,Kaoru Tone,2001
10.1016/j.ecolecon.2021.107308,33,The impact of fintech innovation on green growth in China: Mediating effect of green finance,Guangyou Zhou,2021
10.1126/science.aah3443,33,A roadmap for rapid decarbonization,Johan Rockström,2017
10.2307/1913236,33,"Co-Integration and Error Correction: Representation, Estimation, and Testing",Robert F. Engle,1987
10.1162/glep_a_00294,33,"Building Productive Links between the UNFCCC and the Broader Global Climate Governance Landscape1. This article reflects and builds upon discussions at a December 2013 workshop held in Neemrana, India, sponsored by the Centre for Policy Research (New Delhi) and the Mitigation Action Plans and Scenarios (MAPS) program of the Energy Research Centre (Cape Town). This article builds on pp. 14–19 of the workshop report. See Centre for Policy Research 2014.",Michele M. Betsill,2015
10.1146/annurev.energy.30.050504.144511,33,ADAPTIVE GOVERNANCE OF SOCIAL-ECOLOGICAL SYSTEMS,Carl Folke,2005
10.1016/j.irfa.2021.101738,33,Why Do Institutional Investors Buy Green Bonds: Evidence from a Survey of European Asset Managers,Sangiorgi,2021
10.1111/j.1468-0335.2009.00843.x,33,Individual and Corporate Social Responsibility,Roland Bénabou,2009
10.1038/ngeo1477,33,Seagrass ecosystems as a globally significant carbon stock,JW Fourqurean,2012
10.2307/1912791,33,Investigating Causal Relations by Econometric Models and Cross-spectral Methods,Clive W. J. Granger,1969
10.1088/1748-9326/7/4/044009,33,An assessment of deforestation and forest degradation drivers in developing countries,Noriko Hosonuma,2012
10.1016/j.jclepro.2022.132548,33,Impacts of green finance on green innovation: A spatial and nonlinear perspective,Yongming Huang,2022
10.1016/j.renene.2022.12.066,33,Does green finance development goals affects renewable energy in China,Changzheng Li,2022
10.1016/j.gloenvcha.2008.12.003,33,Strategies to adapt to an uncertain climate change,Stéphane Hallegatte,2009
10.1126/science.1155358,33,Reducing Greenhouse Gas Emissions from Deforestation and Forest Degradation: Global Land-Use Implications,Lera Miles,2008
10.1073/pnas.1816020116,33,Global warming has increased global economic inequality,Noah S. Diffenbaugh,2019
10.1086/261725,33,Endogenous Technological Change,Paul Romer,1990
10.1111/geoj.12417,32,Critical climate justice,Farhana Sultana,2021
10.1080/14693062.2014.849452,32,Regional GHG reduction targets based on effort sharing: a comparison of studies,Niklas Höhne,2013
10.1016/j.energy.2020.117117,32,Emission reduction effect and carbon market efficiency of carbon emissions trading policy in China,Zhang,2020
10.1111/gcb.15310,32,Mapping the effectiveness of nature‐based solutions for climate change adaptation,Alexandre Chausson,2020
10.1016/j.enpol.2021.112295,32,Discovering research trends and opportunities of green finance and energy policy: A data-driven scientometric analysis,Moran Wang,2021
10.1038/d41586-019-03595-0,32,Climate tipping points — too risky to bet against,Timothy M. Lenton,2019
10.2307/j.ctt5vkrpp,32,The Climate Casino,William D. Nordhaus,2013
10.1016/j.enpol.2018.04.014,32,"Just transition: Integrating climate, energy and environmental justice",Darren McCauley,2018
10.1016/j.eap.2022.06.002,32,Does green finance inspire sustainable development? Evidence from a global perspective,Kai‐Hua Wang,2022
10.1038/nclimate2491,32,The carbon footprint of traditional woodfuels,Rob Bailis,2015
10.1287/mnsc.2014.1984,32,The Impact of Corporate Sustainability on Organizational Processes and Performance,Robert G. Eccles,2014
10.2308/accr.00000005,32,Voluntary Nonfinancial Disclosure and the Cost of Equity Capital: The Initiation of Corporate Social Responsibility Reporting,Dan S. Dhaliwal,2010
10.1080/24694452.2017.1293502,32,Climate Change and Financial Instability: Risk Disclosure and the Problematics of Neoliberal Governance,Brett Christophers,2017
10.1257/jep.23.2.29,32,The Economic Effects of Climate Change,Richard S.J. Tol,2009
10.1080/17487870.2016.1216416,32,Beyond market failures: the market creating and shaping roles of state investment banks,Mariana Mazzucato,2016
10.1080/13563467.2013.849674,32,The Political Economy of Energy Transitions: The Case of South Africa,Lucy Baker,2014
10.1890/10-1510.1,32,The value of estuarine and coastal ecosystem services,Barbier EB,2011
10.1002/jgrd.50171,32,Bounding the role of black carbon in the climate system: A scientific assessment,Tami C. Bond,2013
10.1016/j.econmod.2013.06.037,32,Does financial development reduce CO2 emissions in Malaysian economy? A time series analysis,Shahbaz,2013
10.1111/1468-0084.61.s1.14,32,Critical Values for Cointegration Tests in Heterogeneous Panels with Multiple Regressors,Peter Pedroni,1999
10.1016/j.eneco.2020.104941,32,Relationship between green bonds and financial and environmental variables: a novel time-varying causality,Hammoudeh,2020
10.1016/j.clipol.2003.10.004,31,Exploring equity and sustainable development in the new carbon economy,Kevin M. Brown,2003
10.1016/j.polgeo.2022.102638,31,The unbearable heaviness of climate coloniality,Sultana,2022
10.1007/s10584-005-8074-6,31,Tropical Deforestation and the Kyoto Protocol,Márcio Santilli,2005
10.1111/j.0020-8833.2004.00310.x,31,Transnational Networks and Global Environmental Governance: The Cities for Climate Protection Program,Michele M. Betsill,2004
10.1038/nclimate1354,31,Estimated carbon dioxide emissions from tropical deforestation improved by carbon-density maps,Alessandro Baccini,2012
10.1016/j.erss.2015.10.004,31,Energy justice: A conceptual review,Kirsten Jenkins,2015
10.1016/j.resourpol.2021.102476,31,An empirical analysis of the coupling and coordinative development of China's green finance and economic growth,Yin,2022
10.1038/d41586-019-01026-8,31,Restoring natural forests is the best way to remove atmospheric carbon,Simon L. Lewis,2019
10.1093/reep/rev016,31,The Impact of the European Union Emissions Trading Scheme on Regulated Firms: What Is the Evidence after Ten Years?,Ralf Martin,2015
10.1257/aer.100.3.641,31,Beyond markets and states: polycentric governance of complex economic systems,E Ostrom,2010
10.1016/j.jcorpfin.2021.102019,31,The impact of climate change on the cost of bank loans,Siamak Javadi,2021
10.1016/j.enpol.2011.02.026,31,The impact of financial development on carbon emissions: An empirical analysis in China,Yue‐Jun Zhang,2011
10.1038/s41560-020-0641-6,31,The justice and equity implications of the clean energy transition,Sanya Carley,2020
10.1257/aer.90.4.847,31,"Aid, Policies, and Growth",Craig Burnside,2000
10.2307/1882010,31,Job Market Signaling,Michael Spence,1973
10.1007/s10584-013-0905-2,31,A new scenario framework for climate change research: the concept of shared socioeconomic pathways,Brian C. O’Neill,2013
10.1198/073500102288618487,31,Dynamic Conditional Correlation,Robert F. Engle,2002
10.1038/s41558-018-0091-3,31,Scenarios towards limiting global mean temperature increase below 1.5 °C,Joeri Rogelj,2018
10.1162/rest_a_00470,31,Environmental Policy and Directed Technological Change: Evidence from the European Carbon Market,Raphael Calel,2014
10.1016/j.gloenvcha.2012.12.006,31,Dynamic adaptive policy pathways: A method for crafting robust decisions for a deeply uncertain world,Marjolijn Haasnoot,2013
10.2307/2233864,31,To Slow or Not to Slow: The Economics of The Greenhouse Effect,William D. Nordhaus,1991
10.1016/j.frl.2020.101533,31,How does investor attention influence the green bond market?,Linh Pham,2020
10.1073/pnas.0906865106,30,Nonlinear temperature effects indicate severe damages to U.S. crop yields under climate change,Wolfram Schlenker,2009
10.1016/j.gloenvcha.2010.03.005,30,Europe adapts to climate change: Comparing National Adaptation Strategies,Robbert Biesbroek,2010
10.1016/j.eneco.2009.02.008,30,Carbon futures and macroeconomic risk factors: A view from the EU ETS,Julien Chevallier,2009
10.1017/s0020818304582036,30,The Regime Complex for Plant Genetic Resources,Kal Raustiala,2004
10.1017/s0020818303572010,30,Delegation to International Organizations: Agency Theory and World Bank Environmental Reform.,Nielson,2003
10.1080/14693062.2021.1948384,30,Caught in between: credibility and feasibility of the voluntary carbon market post-2020,Nicolas Kreibich,2021
10.1016/j.cosust.2018.07.001,30,What is REDD+ achieving on the ground?,Amy E. Duchelle,2018
10.1016/j.gloenvcha.2010.08.002,30,“Indicators of vulnerability and adaptive capacity”: Towards a clarification of the science–policy interface,Jochen Hinkel,2010
10.1086/260062,30,The Pricing of Options and Corporate Liabilities,Fischer Black,1973
10.1007/s004420050201,30,Root biomass allocation in the world's upland forests,Michael A. Cairns,1997
10.1007/s10797-008-9082-z,30,Public policies against global warming: a supply side approach,Hans-Werner Sinn,2008
10.1038/s41558-018-0201-2,30,Making carbon pricing work for citizens,David Klenert,2018
10.2307/1879431,30,"The Market for ""Lemons"": Quality Uncertainty and the Market Mechanism",George A. Akerlof,1970
10.1016/j.jclepro.2020.123595,30,Dependence and risk spillovers between green bonds and clean energy markets,Liu,2021
10.1016/j.enpol.2015.01.026,30,Public policy influence on renewable energy investments—A panel data study across OECD countries,Friedemann Polzin,2015
10.2307/2234208,30,"Competing Technologies, Increasing Returns, and Lock-In by Historical Events",W. Brian Arthur,1989
10.1016/j.gloenvcha.2010.09.012,30,Are we adapting to climate change?,Lea Berrang‐Ford,2010
10.1111/gcb.15943,30,Systematic over‐crediting in California's forest carbon offsets program,Grayson Badgley,2021
10.3390/su13020975,30,What Do We Mean by Sustainable Finance? Assessing Existing Frameworks and Policy Risks,Marco Migliorelli,2021
10.1073/pnas.1900577117,30,Social tipping dynamics for stabilizing Earth’s climate by 2050,Ilona M. Otto,2020
10.1002/wcc.565,30,Explaining differential vulnerability to climate change: A social science review,Kimberley Anh Thomas,2018
10.1016/s0960-1481(00)00186-5,30,Barriers to renewable energy penetration; a framework for analysis,Jyoti Prasad Painuly,2001
10.1002/wcc.52,30,Climate justice and the international regime,Chukwumerije Okereke,2010
10.1016/j.jclepro.2020.121799,30,An evolutionary analysis of green finance sustainability based on multi-agent game,H Cui,2020
10.1257/000282802760015658,30,Induced Innovation and Energy Prices,David Popp,2001
10.1088/1748-9326/2/4/045023,30,Monitoring and estimating tropical forest carbon stocks: making REDD a reality,Holly Gibbs,2007
10.1080/09644016.2017.1327485,30,Non-state actors in global climate governance: from Copenhagen to Paris and beyond,Karin Bäckstrand,2017
10.1016/j.enpol.2009.09.002,30,Renewable energy consumption and economic growth: Evidence from a panel of OECD countries,Nicholas Apergis,2009
10.1080/13552070802696839,30,No climate justice without gender justice: an overview of the issues,Geraldine Terry,2009
10.2307/1925895,30,The Pure Theory of Public Expenditure,Paul A. Samuelson,1954
10.1016/s0167-8809(03)00138-5,30,Carbon sequestration in tropical agroforestry systems,Alain Albrecht,2003
10.1073/pnas.1222469111,30,Coastal flood damage and adaptation costs under 21st century sea-level rise,J Hinkel,2014
10.1177/0309132511425767,30,Global environmental change II,Karen O’Brien,2011
10.1126/science.1155121,29,"Forests and Climate Change: Forcings, Feedbacks, and the Climate Benefits of Forests",Gordon B. Bonan,2008
10.1126/science.aao3760,29,Sociotechnical transitions for deep decarbonization,Frank W. Geels,2017
10.1038/nclimate2350,29,Explaining and overcoming barriers to climate change adaptation,Klaus Eisenack,2014
10.1007/s10784-010-9138-2,29,Agency in international climate negotiations: the case of indigenous peoples and avoided deforestation,Heike Schroeder,2010
10.2307/1914185,29,Prospect Theory: An Analysis of Decision under Risk,Daniel Kahneman,1979
10.1016/j.jfineco.2014.10.010,29,A five-factor asset pricing model,Eugene F. Fama,2014
10.1086/260061,29,"Risk, Return, and Equilibrium: Empirical Tests",Eugene F. Fama,1973
10.1641/0006-3568(2001)051[0933:teotwa]2.0.co;2,29,Terrestrial Ecoregions of the World: A New Map of Life on Earth,David M. Olson,2001
10.1007/s10551-016-3207-6,29,"Carbon Risk, Carbon Risk Awareness and the Cost of Debt Financing",Ju-Hyun Jung,2016
10.1162/003355304772839588,29,How Much Should We Trust Differences-In-Differences Estimates?,Bertrand Moine,2004
10.1016/s0140-9883(02)00103-2,29,The market for tradable GHG permits under the Kyoto Protocol: a survey of model studies,Urs Springer,2003
10.1016/j.jenvman.2010.12.019,29,Tracking the implementation of green credit policy in China: Top-down perspective and bottom-up reform,B Zhang,2011
10.1080/14693062.2018.1467827,29,Carbon pricing in practice: a review of existing emissions trading systems,Easwaran Narassimhan,2018
10.1126/science.aab1336,29,Winning coalitions for climate policy,Jonas Meckling,2015
10.1017/cbo9781107415379,29,"Climate Change 2014 Impacts, Adaptation, and Vulnerability",Christopher B. Field,2014
10.1016/j.jclepro.2022.135131,29,"Green technological innovation, green finance, and financial development and their role in green total factor productivity: Empirical insights from China",Jiakui,2023
10.1016/j.aos.2008.04.003,29,Civilizing markets: Carbon trading between in vitro and in vivo experiments,Michel Callon,2008
10.1057/s41267-017-0125-5,29,The impact of climate risk on firm performance and financing choices: An international comparison,Henry He Huang,2017
10.1080/14693062.2019.1695571,29,Transparency requirements under the Paris Agreement and their (un)likely impact on strengthening the ambition of nationally determined contributions (NDCs),Romain Weikmans,2019
10.1177/0007650315570701,29,Sustainable Development and Financial Markets,Timo Busch,2015
10.1016/j.geoforum.2014.06.013,29,"Virtual nature, violent accumulation: The ‘spectacular failure’ of carbon offsetting at a Ugandan National Park",Connor Joseph Cavanagh,2014
10.1023/a:1015041613785,29,Burden Sharing and Fairness Principles in International Climate Policy,Lasse Ringius,2002
10.1016/j.worlddev.2004.07.011,29,Can Payments for Environmental Services Help Reduce Poverty? An Exploration of the Issues and the Evidence to Date from Latin America,Stefano Pagiola,2005
10.1007/s11356-022-19718-6,29,"A review of the global climate change impacts, adaptation, and sustainable mitigation measures",K Abbass,2022
10.1287/mnsc.42.8.1199,29,The Impact of Environmental Management on Firm Performance,Robert D. Klassen,1996
10.1016/j.gloenvcha.2015.01.004,29,The roads ahead: Narratives for shared socioeconomic pathways describing world futures in the 21st century,Brian C. O’Neill,2015
10.3982/ecta10217,29,Optimal Taxes on Fossil Fuel in General Equilibrium,Mikhail Golosov,2014
10.1016/j.jbankfin.2009.01.001,29,Modeling CO2 emission allowance prices and derivatives: Evidence from the European trading scheme,George Daskalakis,2009
10.1080/20430795.2018.1550993,28,The Surge of Impact Borrowing: The Magnitude and Determinants of Green Bond Supply and Its Heterogeneity Across Markets,Chiesa,2019
10.1257/aer.97.1.354,28,The Economic Impacts of Climate Change: Evidence from Agricultural Output and Random Fluctuations in Weather,Olivier Deschênes,2007
10.1007/s10113-017-1259-5,28,Mainstreaming climate adaptation: taking stock about “what works” from empirical research worldwide,Hens Runhaar,2017
10.1016/j.gloenvcha.2020.102071,28,What makes climate change adaptation effective? A systematic review of the literature,Gigi Owen,2020
10.1111/gcb.12629,28,Improved allometric models to estimate the aboveground biomass of tropical trees,J Chave,2014
10.1515/9783110874815-048,28,18. United Nations Framework Convention on Climate Change,,1993
10.1111/j.1467-8330.2012.00989.x,28,Banking Nature? The Spectacular Financialisation of Environmental Conservation,Sian Sullivan,2012
10.1068/c11126,28,Governing Climate Change Transnationally: Assessing the Evidence from a Database of Sixty Initiatives,Harriet Bulkeley,2012
10.1016/j.enpol.2009.12.048,28,The impact of financial development on energy consumption in emerging economies,Perry Sadorsky,2010
10.1016/j.gloenvcha.2013.12.002,28,Reconceptualising adaptation to climate change as part of pathways of change and response,Russ Wise,2014
10.1088/1748-9326/5/1/014007,28,Implications of incorporating air-quality co-benefits into climate change policymaking,Gregory F. Nemet,2010
10.1080/14693062.2007.9685639,28,Why different interpretations of vulnerability matter in climate change discourses,Karen O’Brien,2007
10.1016/j.enpol.2012.10.066,28,"Geographies of energy transition: Space, place and the low-carbon economy",Gavin Bridge,2012
10.1016/j.forpol.2011.05.006,28,Can “fragile states” decide to reduce their deforestation? The inappropriate use of the theory of incentives with respect to the REDD mechanism,Alain Karsenty,2011
10.1080/09505430500216783,28,"Marketing and making carbon dumps: Commodification, calculation and counterfactuals in climate change mitigation",Larry Lohmann,2005
10.1007/s11069-018-3502-x,28,Can Green Financial Development Promote Regional Ecological Efficiency? A Case Study of China,Liu,2019
10.1080/14693062.2019.1628695,28,Additionality revisited: guarding the integrity of market mechanisms under the Paris Agreement,Michaelowa,2019
10.1002/bse.2307,28,Sustainable financing practices through green bonds: What affects the funding size?,Suborna Barua,2019
10.5751/es-00650-090205,28,"Resilience, Adaptability and Transformability in Social-ecological Systems",Brian Walker,2004
10.1016/j.enpol.2020.112052,28,Nexus between energy efficiency and electricity reforms: A DEA-Based way forward for clean power development,Muhammad Mohsin,2021
10.1111/j.1467-9361.2006.00311.x,28,Bilateral Donors’ Interest vs. Recipients’ Development Motives in Aid Allocation: Do All Donors Behave the Same?,Jean‐Claude Berthélemy,2006
10.1177/0956247807076960,28,The rising tide: assessing the risks of climate change and human settlements in low elevation coastal zones,G McGranahan,2007
10.1007/s10584-007-9268-x,28,Portfolio screening to support the mainstreaming of adaptation to climate change into development assistance,Richard J. T. Klein,2007
10.1016/j.enpol.2006.06.005,28,Fostering a renewable energy technology industry: An international comparison of wind industry policy support mechanisms,Joanna I. Lewis,2006
10.1038/s41558-018-0182-1,28,Macroeconomic impact of stranded fossil fuel assets,JF Mercure,2018
10.1016/j.envsci.2012.10.006,28,Examining equity: A multidimensional framework for assessing equity in payments for ecosystem services,Melanie McDermott,2012
10.1111/j.1467-8330.2011.00879.x,28,The Matter of Carbon: Understanding the Materiality of tCO2e in Carbon Offsets,Adam Bumpus,2011
10.1111/j.1467-9930.1993.tb00093.x,28,Subsistence Emissions and Luxury Emissions,Henry Shue,1993
10.1016/s0301-4215(01)00098-2,28,Escaping carbon lock-in,Gregory C. Unruh,2002
10.1016/j.econmod.2014.03.005,28,"The impact of financial development, income, energy and trade on carbon emissions: Evidence from the Indian economy",Mohamed Amine Boutabba,2014
10.2307/1913827,28,Specification Tests in Econometrics,Jerry A. Hausman,1978
10.1038/s43016-021-00225-9,27,Food systems are responsible for a third of global anthropogenic GHG emissions,Crippa,2021
10.1038/nclimate3227,27,The key role of forests in meeting climate targets requires science for credible mitigation,G Grassi,2017
10.4324/9781315857688,27,"Planetary economics energy, climate change and the three domains of sustainable development",Michael Grubb,2014
10.1525/cmr.2011.54.1.64,27,The drivers of greenwashing,Delmas,2011
10.1002/wcc.462,27,"Carbon pricing in climate policy: seven reasons, complementary instruments, and political economy considerations",Andrea Baranzini,2017
10.1016/s0304-4076(99)00025-1,27,"Threshold Effects in Non-Dynamic Panels: Estimation, Testing, and Inference",Hansen,1999
10.1016/j.envsci.2010.01.002,27,Getting REDD to work locally: lessons learned from integrated conservation and development projects,Benjamin Blom,2010
10.1017/9781009157940.001,27,Summary for Policymakers,IPCC,2022
10.1038/s41560-018-0277-y,27,A dynamic analysis of financing conditions for renewable energy technologies,Florian Egli,2018
10.1016/j.enpol.2008.06.019,27,Key policy considerations for facilitating low carbon technology transfer to developing countries,David Ockwell,2008
10.1093/reep/ren005,27,Instrument Choice in Environmental Policy,Lawrence H. Goulder,2008
10.1016/j.jeem.2009.07.002,27,Allowance price drivers in the first phase of the EU ETS,Beat Hintermann,2009
10.1038/nclimate2572,27,Energy system transformations for limiting end-of-century warming to below 1.5 °C,Joeri Rogelj,2015
10.1057/s41260-018-00105-1,27,Stock market reaction to green bond issuance,Baulkaran,2019
10.1086/382247,27,Ethics and Global Climate Change,Stephen M. Gardiner,2004
10.1016/j.apenergy.2018.11.098,27,How do policies mobilize private finance for renewable energy?—A systematic review with an investor perspective,Friedemann Polzin,2019
10.1016/j.gloenvcha.2004.10.001,27,Equity and justice in climate change adaptation amongst natural-resource-dependent societies,David S.G. Thomas,2005
10.1257/jep.27.1.123,27,"Carbon Markets 15 Years after Kyoto: Lessons Learned, New Challenges",Richard G. Newell,2013
10.1016/j.ecolecon.2009.08.026,27,A review of recent multi-region input–output models used for consumption-based emission and resource accounting,Thomas Wiedmann,2009
10.1016/j.jclepro.2021.129458,27,"Digital finance, green technological innovation and energy-environmental performance: Evidence from China's regional economies",Shaopeng Cao,2021
10.1111/j.1758-5899.2010.00045.x,27,International Climate Policy after Copenhagen: Towards a ‘Building Blocks’ Approach,Robert Falkner,2010
10.1086/250042,27,Law and Finance,Rafael La Porta,1998
10.1177/1536867x0700700301,27,Robust Standard Errors for Panel Regressions with Cross-Sectional Dependence,Daniel Hoechle,2007
10.1016/j.resourpol.2022.102982,27,Testing the fluctuations of oil resource price volatility: a hurdle for economic recovery,X Xiuzhen,2022
10.1016/j.ecolecon.2008.03.010,27,Taking stock: A comparative analysis of payments for environmental services programs in developed and developing countries,Sven Wunder,2008
10.1080/17565529.2019.1624495,27,Beyond Technical Fixes: climate solutions and the great derangement,Andrea J. Nightingale,2019
10.1038/nclimate2384,27,Sharing a quota on cumulative carbon emissions,Michael Raupach,2014
10.1016/j.gloenvcha.2005.01.002,27,Adaptive capacity and human cognition: The process of individual adaptation to climate change,Torsten Grothmann,2005
10.1038/445597a,27,Climate change 2007: lifting the taboo on adaptation.,Roger A. Pielke,2007
10.2307/258963,27,A Natural-Resource-Based View of the Firm,Stuart L. Hart,1995
10.1016/j.resourpol.2021.102063,27,Nexus between energy poverty and energy efficiency: Estimating the long-run dynamics,Weiqing Li,2021
10.1504/ijge.2022.125554,27,Green finance research around the world: a review of literature,Peterson K Ozili,2022
10.1016/j.eneco.2010.08.007,27,Technology and the diffusion of renewable energy,David Popp,2010
10.1016/j.eneco.2023.106560,27,Do green finance and innovation matter for environmental protection? A case of OECD economies,Muhammad Umar,2023
10.1016/j.envsci.2010.11.008,27,"REDD+, transparency, participation and resource rights: The role of law Environmental",R Lyster,2011
10.1088/1748-9326/abdae9,27,Does carbon pricing reduce emissions? A review of ex-post analyses,Jessica Green,2021
10.1038/nature10452,27,Solutions for a cultivated planet,Jonathan A. Foley,2011
10.1016/j.oneear.2020.09.014,27,Maladaptation: When adaptation to climate change goes very wrong,ELF Schipper,2020
10.1016/j.enpol.2021.112254,27,The Financing Efficiency of Listed Energy Conservation and Environmental Protection Firms: Evidence and Implications for Green Finance in China,Jin,2021
10.1080/09644016.2013.755387,27,Theorising environmental justice: the expanding sphere of a discourse,David Schlosberg,2013
10.1016/j.envsci.2010.09.007,27,Locating REDD: A global survey and analysis of REDD readiness and demonstration activities,Gillian A. Cerbu,2010
10.1016/j.techfore.2006.03.002,27,Functions of innovation systems: A new approach for analysing technological change,Marko P. Hekkert,2006
10.1126/science.1152339,27,Prioritizing Climate Change Adaptation Needs for Food Security in 2030,David B. Lobell,2008
