unit_id,kind,source_value,disposition,reason,evidence_ids
DE-1-200466276,document_coverage,start_proxy=2006-01-10; earliest_reported_payment_stamp=2012-12-31,unresolved,Earlier payment coverage and start/contract semantics unknown; never infer first-payment bounds,E_XML
DE-1-200366617,document_coverage,start_proxy=2005-01-11; earliest_reported_payment_stamp=2012-12-31,unresolved,Earlier payment coverage and start/contract semantics unknown; never infer first-payment bounds,E16
DE-1-201968361,document_coverage,start_proxy=2023-12-28; earliest_reported_payment_stamp=,unresolved,Earlier payment coverage and start/contract semantics unknown; never infer first-payment bounds,E_XML
DE-1-200166785,document_coverage,start_proxy=2006-12-21; earliest_reported_payment_stamp=2012-12-31,unresolved,Earlier payment coverage and start/contract semantics unknown; never infer first-payment bounds,E_XML
DE-1-200466433,document_coverage,start_proxy=2007-12-13; earliest_reported_payment_stamp=2012-12-31,unresolved,Earlier payment coverage and start/contract semantics unknown; never infer first-payment bounds,E_XML
DE-1-200866871,document_coverage,start_proxy=2011-01-21; earliest_reported_payment_stamp=2012-12-31,unresolved,Earlier payment coverage and start/contract semantics unknown; never infer first-payment bounds,E_XML
DE-1-200966358,document_coverage,start_proxy=2015-05-08; earliest_reported_payment_stamp=2017-12-31,unresolved,Earlier payment coverage and start/contract semantics unknown; never infer first-payment bounds,E_XML
DE-1-199870106,document_coverage,start_proxy=1998-12-07; earliest_reported_payment_stamp=2012-12-31,unresolved,Earlier payment coverage and start/contract semantics unknown; never infer first-payment bounds,E_XML
DE-1-200266973,document_coverage,start_proxy=2005-01-19; earliest_reported_payment_stamp=2012-12-31,unresolved,Earlier payment coverage and start/contract semantics unknown; never infer first-payment bounds,E_XML
DE-1-200270538,document_coverage,start_proxy=2005-12-28; earliest_reported_payment_stamp=2012-12-31,unresolved,Earlier payment coverage and start/contract semantics unknown; never infer first-payment bounds,E_XML
DE-1-200366757,document_coverage,start_proxy=2009-10-08; earliest_reported_payment_stamp=2012-12-31,unresolved,Earlier payment coverage and start/contract semantics unknown; never infer first-payment bounds,E_XML
DE-1-201870245,document_coverage,start_proxy=2020-03-20; earliest_reported_payment_stamp=2020-12-31,unresolved,Earlier payment coverage and start/contract semantics unknown; never infer first-payment bounds,E_XML
DE-1-199170366,challenge,start_proxy=1992-10-26; earliest_reported_payment_stamp=2012-12-31,unresolved,Earlier payment coverage and start/contract semantics unknown; never infer first-payment bounds,E_XML
DE-1-199370321,challenge,start_proxy=1993-12-28; earliest_reported_payment_stamp=2012-12-31,unresolved,Earlier payment coverage and start/contract semantics unknown; never infer first-payment bounds,E_XML
DE-1-201365154,challenge,start_proxy=2015-12-29; earliest_reported_payment_stamp=2017-12-31,unresolved,Earlier payment coverage and start/contract semantics unknown; never infer first-payment bounds,E14
DE-1-201366764,challenge,start_proxy=2016-08-04; earliest_reported_payment_stamp=2018-12-31,unresolved,Earlier payment coverage and start/contract semantics unknown; never infer first-payment bounds,E13
,source_status_conflict,DE-1-201366764 XML end 2021-12-01 versus page aktiv,unresolved,Preserve both snapshots and distinct publisher status meanings; no lifecycle harmonization,E_XML
,pooled_evaluation,DE-1-200366617 alongside 199865841 and training in Project A,unresolved,Evaluation identity confirmed but pooled financial totals and timings cannot be attributed to this activity,E_XML
,duplicate_exports,Country/Region same SHA256,resolved_mapping,One archived object; do not double count 4036 activities,E_XML
,equal_starts,4036 planned/actual identical,resolved_mapping,Original planned start not independently observed; zero delay unsupported,E_XML
,historical_roster,MA/IN calendar 2018,unresolved,No complete dated official financing-contract roster acquired; denominator unknown,E_XML
,periodicity,annual/quarter-end/2026-08-26,unresolved,Distribution consistent with reporting aggregation but period boundaries and completeness unvalidated,E_XML
,missing_payment,387 records without type-3 entry,resolved_mapping,Missing entries do not establish zero payment,E_XML
,lost_visibility,one snapshot,unresolved,"Disappearance not observed; count unavailable, not zero",E_XML
,protocol_deviation,XML preview before directory hash check,unresolved,First 35 lines previewed; full bundles matched before profile and sample freeze,E_XML
,query_amendment,initial site.domain operator omitted colon,unresolved,Units 9–12 used explicit site: syntax; initial four units retained and charged,E_XML
DE-1-198970022,negative_correction,transaction[3]/transaction-date: 2013-12-31 -4803.59,unresolved,Correction meaning undocumented; no cancellation inferred,E_XML
DE-1-199370321,negative_correction,transaction[3]/transaction-date: 2013-12-31 -857.53,unresolved,Correction meaning undocumented; no cancellation inferred,E_XML
DE-1-199465626,negative_correction,transaction[7]/transaction-date: 2018-12-31 -159.06,unresolved,Correction meaning undocumented; no cancellation inferred,E_XML
DE-1-199470295,negative_correction,transaction[8]/transaction-date: 2025-06-30 -5000.00,unresolved,Correction meaning undocumented; no cancellation inferred,E_XML
DE-1-199470295,negative_correction,transaction[9]/transaction-date: 2025-09-30 -5000.00,unresolved,Correction meaning undocumented; no cancellation inferred,E_XML
DE-1-199665472,negative_correction,transaction[6]/transaction-date: 2016-12-31 -66371.11,unresolved,Correction meaning undocumented; no cancellation inferred,E_XML
DE-1-199765140,negative_correction,transaction[4]/transaction-date: 2014-12-31 -29520.62,unresolved,Correction meaning undocumented; no cancellation inferred,E_XML
DE-1-199765165,negative_correction,transaction[4]/transaction-date: 2017-12-31 -602706.29,unresolved,Correction meaning undocumented; no cancellation inferred,E_XML
DE-1-199770033,negative_correction,transaction[3]/transaction-date: 2013-12-31 -43186.14,unresolved,Correction meaning undocumented; no cancellation inferred,E_XML
DE-1-199865676,negative_correction,transaction[4]/transaction-date: 2014-12-31 -40998.18,unresolved,Correction meaning undocumented; no cancellation inferred,E_XML
DE-1-199865940,negative_correction,transaction[3]/transaction-date: 2013-12-31 -804464.39,unresolved,Correction meaning undocumented; no cancellation inferred,E_XML
DE-1-199865940,negative_correction,transaction[4]/transaction-date: 2015-12-31 -18028.88,unresolved,Correction meaning undocumented; no cancellation inferred,E_XML
DE-1-199866062,negative_correction,transaction[5]/transaction-date: 2016-12-31 -6965.09,unresolved,Correction meaning undocumented; no cancellation inferred,E_XML
DE-1-199866062,negative_correction,transaction[6]/transaction-date: 2018-12-31 -1194551.23,unresolved,Correction meaning undocumented; no cancellation inferred,E_XML
DE-1-199866690,negative_correction,transaction[10]/transaction-date: 2021-12-31 -291802.44,unresolved,Correction meaning undocumented; no cancellation inferred,E_XML
DE-1-199966169,negative_correction,transaction[8]/transaction-date: 2019-12-31 -150990.59,unresolved,Correction meaning undocumented; no cancellation inferred,E_XML
DE-1-199966565,negative_correction,transaction[4]/transaction-date: 2014-12-31 -293923.00,unresolved,Correction meaning undocumented; no cancellation inferred,E_XML
DE-1-199966722,negative_correction,transaction[6]/transaction-date: 2017-12-31 -156259.07,unresolved,Correction meaning undocumented; no cancellation inferred,E_XML
DE-1-200065086,negative_correction,transaction[4]/transaction-date: 2014-12-31 -25971.78,unresolved,Correction meaning undocumented; no cancellation inferred,E_XML
DE-1-200065136,negative_correction,transaction[5]/transaction-date: 2015-12-31 -246411.07,unresolved,Correction meaning undocumented; no cancellation inferred,E_XML
DE-1-200065136,negative_correction,transaction[6]/transaction-date: 2016-12-31 -4169.44,unresolved,Correction meaning undocumented; no cancellation inferred,E_XML
DE-1-200065367,negative_correction,transaction[3]/transaction-date: 2013-12-31 -60277.50,unresolved,Correction meaning undocumented; no cancellation inferred,E_XML
DE-1-200065516,negative_correction,transaction[4]/transaction-date: 2015-12-31 -900000.00,unresolved,Correction meaning undocumented; no cancellation inferred,E_XML
DE-1-200065516,negative_correction,transaction[7]/transaction-date: 2018-12-31 -44299.82,unresolved,Correction meaning undocumented; no cancellation inferred,E_XML
DE-1-200066225,negative_correction,transaction[8]/transaction-date: 2021-12-31 -84717.41,unresolved,Correction meaning undocumented; no cancellation inferred,E_XML
DE-1-200066258,negative_correction,transaction[7]/transaction-date: 2024-03-31 -79561.69,unresolved,Correction meaning undocumented; no cancellation inferred,E_XML
DE-1-200066506,negative_correction,transaction[3]/transaction-date: 2017-12-31 -17957.88,unresolved,Correction meaning undocumented; no cancellation inferred,E_XML
DE-1-200165092,negative_correction,transaction[7]/transaction-date: 2017-12-31 -4308.82,unresolved,Correction meaning undocumented; no cancellation inferred,E_XML
DE-1-200165233,negative_correction,transaction[4]/transaction-date: 2015-12-31 -6356.58,unresolved,Correction meaning undocumented; no cancellation inferred,E_XML
DE-1-200165233,negative_correction,transaction[6]/transaction-date: 2019-12-31 -49879.68,unresolved,Correction meaning undocumented; no cancellation inferred,E_XML
DE-1-200165803,negative_correction,transaction[6]/transaction-date: 2016-12-31 -182349.04,unresolved,Correction meaning undocumented; no cancellation inferred,E_XML
DE-1-200166066,negative_correction,transaction[5]/transaction-date: 2016-12-31 -1943.19,unresolved,Correction meaning undocumented; no cancellation inferred,E_XML
DE-1-200166231,negative_correction,transaction[3]/transaction-date: 2013-12-31 -73934.30,unresolved,Correction meaning undocumented; no cancellation inferred,E_XML
DE-1-200166561,negative_correction,transaction[5]/transaction-date: 2016-12-31 -533253.54,unresolved,Correction meaning undocumented; no cancellation inferred,E_XML
DE-1-200166561,negative_correction,transaction[6]/transaction-date: 2017-12-31 -12816.90,unresolved,Correction meaning undocumented; no cancellation inferred,E_XML
DE-1-200166686,negative_correction,transaction[5]/transaction-date: 2017-12-31 -12758.60,unresolved,Correction meaning undocumented; no cancellation inferred,E_XML
DE-1-200170381,negative_correction,transaction[3]/transaction-date: 2013-12-31 -30995.62,unresolved,Correction meaning undocumented; no cancellation inferred,E_XML
DE-1-200265421,negative_correction,transaction[9]/transaction-date: 2019-12-31 -72818.27,unresolved,Correction meaning undocumented; no cancellation inferred,E_XML
DE-1-200265512,negative_correction,transaction[5]/transaction-date: 2016-12-31 -143728.74,unresolved,Correction meaning undocumented; no cancellation inferred,E_XML
DE-1-200265587,negative_correction,transaction[4]/transaction-date: 2015-12-31 -163804.43,unresolved,Correction meaning undocumented; no cancellation inferred,E_XML
DE-1-200265595,negative_correction,transaction[7]/transaction-date: 2017-12-31 -203852.70,unresolved,Correction meaning undocumented; no cancellation inferred,E_XML
DE-1-200265629,negative_correction,transaction[8]/transaction-date: 2020-12-31 -182039.81,unresolved,Correction meaning undocumented; no cancellation inferred,E_XML
DE-1-200265629,negative_correction,transaction[9]/transaction-date: 2024-03-31 -3915.20,unresolved,Correction meaning undocumented; no cancellation inferred,E_XML
DE-1-200265850,negative_correction,transaction[6]/transaction-date: 2017-12-31 -215915.30,unresolved,Correction meaning undocumented; no cancellation inferred,E_XML
DE-1-200265876,negative_correction,transaction[3]/transaction-date: 2013-12-31 -30239.96,unresolved,Correction meaning undocumented; no cancellation inferred,E_XML
DE-1-200265959,negative_correction,transaction[6]/transaction-date: 2020-12-31 -150000.00,unresolved,Correction meaning undocumented; no cancellation inferred,E_XML
DE-1-200266171,negative_correction,transaction[4]/transaction-date: 2016-12-31 -4335411.43,unresolved,Correction meaning undocumented; no cancellation inferred,E_XML
DE-1-200266270,negative_correction,transaction[10]/transaction-date: 2020-12-31 -11894.90,unresolved,Correction meaning undocumented; no cancellation inferred,E_XML
DE-1-200266361,negative_correction,transaction[5]/transaction-date: 2020-12-31 -1565734.00,unresolved,Correction meaning undocumented; no cancellation inferred,E_XML
DE-1-200266551,negative_correction,transaction[9]/transaction-date: 2022-12-31 -78646.51,unresolved,Correction meaning undocumented; no cancellation inferred,E_XML
DE-1-200266692,negative_correction,transaction[6]/transaction-date: 2016-12-31 -317447.00,unresolved,Correction meaning undocumented; no cancellation inferred,E_XML
DE-1-200266692,negative_correction,transaction[7]/transaction-date: 2019-12-31 -32489.96,unresolved,Correction meaning undocumented; no cancellation inferred,E_XML
DE-1-200266809,negative_correction,transaction[4]/transaction-date: 2014-12-31 -185306.96,unresolved,Correction meaning undocumented; no cancellation inferred,E_XML
DE-1-200266999,negative_correction,transaction[7]/transaction-date: 2017-12-31 -4386029.08,unresolved,Correction meaning undocumented; no cancellation inferred,E_XML
DE-1-200365056,negative_correction,transaction[5]/transaction-date: 2016-12-31 -3129.21,unresolved,Correction meaning undocumented; no cancellation inferred,E_XML
DE-1-200365429,negative_correction,transaction[5]/transaction-date: 2015-12-31 -37530.23,unresolved,Correction meaning undocumented; no cancellation inferred,E_XML
DE-1-200365437,negative_correction,transaction[5]/transaction-date: 2016-12-31 -10956.00,unresolved,Correction meaning undocumented; no cancellation inferred,E_XML
DE-1-200365437,negative_correction,transaction[7]/transaction-date: 2018-12-31 -271242.85,unresolved,Correction meaning undocumented; no cancellation inferred,E_XML
DE-1-200365528,negative_correction,transaction[3]/transaction-date: 2014-12-31 -2371552.08,unresolved,Correction meaning undocumented; no cancellation inferred,E_XML
DE-1-200365536,negative_correction,transaction[4]/transaction-date: 2014-12-31 -13137.99,unresolved,Correction meaning undocumented; no cancellation inferred,E_XML
DE-1-200365619,negative_correction,transaction[8]/transaction-date: 2018-12-31 -69556.86,unresolved,Correction meaning undocumented; no cancellation inferred,E_XML
DE-1-200365619,negative_correction,transaction[9]/transaction-date: 2019-12-31 -603.83,unresolved,Correction meaning undocumented; no cancellation inferred,E_XML
DE-1-200365692,negative_correction,transaction[8]/transaction-date: 2019-12-31 -117670.80,unresolved,Correction meaning undocumented; no cancellation inferred,E_XML
DE-1-200365718,negative_correction,transaction[7]/transaction-date: 2017-12-31 -8417.13,unresolved,Correction meaning undocumented; no cancellation inferred,E_XML
DE-1-200365999,negative_correction,transaction[4]/transaction-date: 2015-12-31 -26510.89,unresolved,Correction meaning undocumented; no cancellation inferred,E_XML
DE-1-200366237,negative_correction,transaction[3]/transaction-date: 2013-12-31 -185476.08,unresolved,Correction meaning undocumented; no cancellation inferred,E_XML
DE-1-200366237,negative_correction,transaction[4]/transaction-date: 2014-12-31 -677086.27,unresolved,Correction meaning undocumented; no cancellation inferred,E_XML
DE-1-200366336,negative_correction,transaction[4]/transaction-date: 2015-12-31 -114049.35,unresolved,Correction meaning undocumented; no cancellation inferred,E_XML
DE-1-200366377,negative_correction,transaction[7]/transaction-date: 2018-12-31 -3720.54,unresolved,Correction meaning undocumented; no cancellation inferred,E_XML
DE-1-200366476,negative_correction,transaction[7]/transaction-date: 2017-12-31 -65927.16,unresolved,Correction meaning undocumented; no cancellation inferred,E_XML
DE-1-200366666,negative_correction,transaction[9]/transaction-date: 2020-12-31 -73741.09,unresolved,Correction meaning undocumented; no cancellation inferred,E_XML
DE-1-200366666,negative_correction,transaction[10]/transaction-date: 2024-03-31 -7144.49,unresolved,Correction meaning undocumented; no cancellation inferred,E_XML
DE-1-200366682,negative_correction,transaction[4]/transaction-date: 2015-12-31 -1612766.93,unresolved,Correction meaning undocumented; no cancellation inferred,E_XML
DE-1-200465054,negative_correction,transaction[4]/transaction-date: 2014-12-31 -4805.50,unresolved,Correction meaning undocumented; no cancellation inferred,E_XML
DE-1-200465054,negative_correction,transaction[5]/transaction-date: 2015-12-31 -2687.87,unresolved,Correction meaning undocumented; no cancellation inferred,E_XML
DE-1-200465492,negative_correction,transaction[5]/transaction-date: 2015-12-31 -2275.02,unresolved,Correction meaning undocumented; no cancellation inferred,E_XML
DE-1-200465492,negative_correction,transaction[6]/transaction-date: 2016-12-31 -6146.91,unresolved,Correction meaning undocumented; no cancellation inferred,E_XML
DE-1-200465799,negative_correction,transaction[8]/transaction-date: 2019-12-31 -393754.40,unresolved,Correction meaning undocumented; no cancellation inferred,E_XML
DE-1-200466094,negative_correction,transaction[4]/transaction-date: 2014-12-31 -199311.59,unresolved,Correction meaning undocumented; no cancellation inferred,E_XML
DE-1-200466284,negative_correction,transaction[7]/transaction-date: 2017-12-31 -12258.26,unresolved,Correction meaning undocumented; no cancellation inferred,E_XML
DE-1-200466417,negative_correction,transaction[5]/transaction-date: 2015-12-31 -706960.86,unresolved,Correction meaning undocumented; no cancellation inferred,E_XML
DE-1-200466458,negative_correction,transaction[4]/transaction-date: 2015-12-31 -34447.80,unresolved,Correction meaning undocumented; no cancellation inferred,E_XML
DE-1-200470567,negative_correction,transaction[5]/transaction-date: 2015-12-31 -11254.53,unresolved,Correction meaning undocumented; no cancellation inferred,E_XML
DE-1-200565176,negative_correction,transaction[5]/transaction-date: 2016-12-31 -7712.82,unresolved,Correction meaning undocumented; no cancellation inferred,E_XML
DE-1-200565317,negative_correction,transaction[7]/transaction-date: 2018-12-31 -10792.10,unresolved,Correction meaning undocumented; no cancellation inferred,E_XML
DE-1-200565333,negative_correction,transaction[5]/transaction-date: 2016-12-31 -238542.00,unresolved,Correction meaning undocumented; no cancellation inferred,E_XML
DE-1-200565598,negative_correction,transaction[4]/transaction-date: 2014-12-31 -313386.24,unresolved,Correction meaning undocumented; no cancellation inferred,E_XML
DE-1-200565788,negative_correction,transaction[8]/transaction-date: 2024-12-31 -5952.36,unresolved,Correction meaning undocumented; no cancellation inferred,E_XML
DE-1-200565788,negative_correction,transaction[9]/transaction-date: 2025-09-30 -251.82,unresolved,Correction meaning undocumented; no cancellation inferred,E_XML
DE-1-200566034,negative_correction,transaction[6]/transaction-date: 2019-12-31 -3874.36,unresolved,Correction meaning undocumented; no cancellation inferred,E_XML
DE-1-200566034,negative_correction,transaction[7]/transaction-date: 2024-03-31 -18373.15,unresolved,Correction meaning undocumented; no cancellation inferred,E_XML
DE-1-200566166,negative_correction,transaction[4]/transaction-date: 2016-12-31 -720.00,unresolved,Correction meaning undocumented; no cancellation inferred,E_XML
DE-1-200566257,negative_correction,transaction[3]/transaction-date: 2013-12-31 -72950.62,unresolved,Correction meaning undocumented; no cancellation inferred,E_XML
DE-1-200566380,negative_correction,transaction[10]/transaction-date: 2025-09-30 -200.00,unresolved,Correction meaning undocumented; no cancellation inferred,E_XML
DE-1-200566398,negative_correction,transaction[5]/transaction-date: 2015-12-31 -85000.00,unresolved,Correction meaning undocumented; no cancellation inferred,E_XML
DE-1-200566398,negative_correction,transaction[8]/transaction-date: 2018-12-31 -62969.74,unresolved,Correction meaning undocumented; no cancellation inferred,E_XML
DE-1-200566398,negative_correction,transaction[15]/transaction-date: 2025-09-30 -314.52,unresolved,Correction meaning undocumented; no cancellation inferred,E_XML
DE-1-200566422,negative_correction,transaction[4]/transaction-date: 2016-12-31 -188736.89,unresolved,Correction meaning undocumented; no cancellation inferred,E_XML
DE-1-200566539,negative_correction,transaction[4]/transaction-date: 2014-12-31 -41292.66,unresolved,Correction meaning undocumented; no cancellation inferred,E_XML
DE-1-200570119,negative_correction,transaction[4]/transaction-date: 2016-12-31 -203400.15,unresolved,Correction meaning undocumented; no cancellation inferred,E_XML
DE-1-200665240,negative_correction,transaction[3]/transaction-date: 2013-12-31 -109203.13,unresolved,Correction meaning undocumented; no cancellation inferred,E_XML
DE-1-200665240,negative_correction,transaction[7]/transaction-date: 2019-12-31 -1430077.30,unresolved,Correction meaning undocumented; no cancellation inferred,E_XML
DE-1-200665505,negative_correction,transaction[8]/transaction-date: 2019-12-31 -1058.69,unresolved,Correction meaning undocumented; no cancellation inferred,E_XML
DE-1-200665984,negative_correction,transaction[8]/transaction-date: 2020-12-31 -463405.67,unresolved,Correction meaning undocumented; no cancellation inferred,E_XML
DE-1-200666040,negative_correction,transaction[16]/transaction-date: 2025-09-30 -41.37,unresolved,Correction meaning undocumented; no cancellation inferred,E_XML
DE-1-200666149,negative_correction,transaction[3]/transaction-date: 2013-12-31 -15881.24,unresolved,Correction meaning undocumented; no cancellation inferred,E_XML
DE-1-200666214,negative_correction,transaction[9]/transaction-date: 2019-12-31 -133.72,unresolved,Correction meaning undocumented; no cancellation inferred,E_XML
DE-1-200666222,negative_correction,transaction[11]/transaction-date: 2024-06-30 -49863.27,unresolved,Correction meaning undocumented; no cancellation inferred,E_XML
DE-1-200666313,negative_correction,transaction[8]/transaction-date: 2020-12-31 -44978.95,unresolved,Correction meaning undocumented; no cancellation inferred,E_XML
DE-1-200666313,negative_correction,transaction[12]/transaction-date: 2023-09-30 -108463.09,unresolved,Correction meaning undocumented; no cancellation inferred,E_XML
DE-1-200666479,negative_correction,transaction[7]/transaction-date: 2017-12-31 -60015.00,unresolved,Correction meaning undocumented; no cancellation inferred,E_XML
DE-1-200666487,negative_correction,transaction[6]/transaction-date: 2016-12-31 -24789.07,unresolved,Correction meaning undocumented; no cancellation inferred,E_XML
DE-1-200670059,negative_correction,transaction[6]/transaction-date: 2021-12-31 -1916.64,unresolved,Correction meaning undocumented; no cancellation inferred,E_XML
DE-1-200670141,negative_correction,transaction[3]/transaction-date: 2013-12-31 -22556.57,unresolved,Correction meaning undocumented; no cancellation inferred,E_XML
DE-1-200765123,negative_correction,transaction[8]/transaction-date: 2019-12-31 -152837.06,unresolved,Correction meaning undocumented; no cancellation inferred,E_XML
DE-1-200765123,negative_correction,transaction[9]/transaction-date: 2024-03-31 -52417.81,unresolved,Correction meaning undocumented; no cancellation inferred,E_XML
DE-1-200765131,negative_correction,transaction[7]/transaction-date: 2020-12-31 -156385.09,unresolved,Correction meaning undocumented; no cancellation inferred,E_XML
DE-1-200765230,negative_correction,transaction[7]/transaction-date: 2017-12-31 -66270.45,unresolved,Correction meaning undocumented; no cancellation inferred,E_XML
DE-1-200765305,negative_correction,transaction[6]/transaction-date: 2017-12-31 -10820.40,unresolved,Correction meaning undocumented; no cancellation inferred,E_XML
DE-1-200765412,negative_correction,transaction[12]/transaction-date: 2022-12-31 -218.52,unresolved,Correction meaning undocumented; no cancellation inferred,E_XML
DE-1-200765529,negative_correction,transaction[4]/transaction-date: 2015-12-31 -178686.00,unresolved,Correction meaning undocumented; no cancellation inferred,E_XML
DE-1-200765628,negative_correction,transaction[6]/transaction-date: 2016-12-31 -518403.88,unresolved,Correction meaning undocumented; no cancellation inferred,E_XML
DE-1-200765875,negative_correction,transaction[6]/transaction-date: 2016-12-31 -2153.93,unresolved,Correction meaning undocumented; no cancellation inferred,E_XML
DE-1-200765925,negative_correction,transaction[4]/transaction-date: 2014-12-31 -252426.70,unresolved,Correction meaning undocumented; no cancellation inferred,E_XML
DE-1-200765966,negative_correction,transaction[4]/transaction-date: 2016-12-31 -23905.67,unresolved,Correction meaning undocumented; no cancellation inferred,E_XML
DE-1-200766089,negative_correction,transaction[13]/transaction-date: 2023-09-30 -25228.94,unresolved,Correction meaning undocumented; no cancellation inferred,E_XML
DE-1-200766410,negative_correction,transaction[10]/transaction-date: 2020-12-31 -867.61,unresolved,Correction meaning undocumented; no cancellation inferred,E_XML
DE-1-200766618,negative_correction,transaction[6]/transaction-date: 2016-12-31 -146680.99,unresolved,Correction meaning undocumented; no cancellation inferred,E_XML
DE-1-200770123,negative_correction,transaction[7]/transaction-date: 2017-12-31 -50436.66,unresolved,Correction meaning undocumented; no cancellation inferred,E_XML
DE-1-200770263,negative_correction,transaction[5]/transaction-date: 2024-12-31 -16330.19,unresolved,Correction meaning undocumented; no cancellation inferred,E_XML
DE-1-200865022,negative_correction,transaction[10]/transaction-date: 2020-12-31 -2853.39,unresolved,Correction meaning undocumented; no cancellation inferred,E_XML
DE-1-200865188,negative_correction,transaction[8]/transaction-date: 2019-12-31 -3544.31,unresolved,Correction meaning undocumented; no cancellation inferred,E_XML
DE-1-200865295,negative_correction,transaction[3]/transaction-date: 2024-03-31 -200000.00,unresolved,Correction meaning undocumented; no cancellation inferred,E_XML
DE-1-200865295,negative_correction,transaction[6]/transaction-date: 2025-06-30 -100000.00,unresolved,Correction meaning undocumented; no cancellation inferred,E_XML
DE-1-200865303,negative_correction,transaction[10]/transaction-date: 2023-09-30 -12358.54,unresolved,Correction meaning undocumented; no cancellation inferred,E_XML
DE-1-200865493,negative_correction,transaction[7]/transaction-date: 2017-12-31 -88886.46,unresolved,Correction meaning undocumented; no cancellation inferred,E_XML
DE-1-200865642,negative_correction,transaction[3]/transaction-date: 2015-12-31 -3083.89,unresolved,Correction meaning undocumented; no cancellation inferred,E_XML
DE-1-200865667,negative_correction,transaction[13]/transaction-date: 2024-09-30 -194500.00,unresolved,Correction meaning undocumented; no cancellation inferred,E_XML
DE-1-200865733,negative_correction,transaction[7]/transaction-date: 2018-12-31 -17591.01,unresolved,Correction meaning undocumented; no cancellation inferred,E_XML
DE-1-200865741,negative_correction,transaction[10]/transaction-date: 2021-12-31 -83670.03,unresolved,Correction meaning undocumented; no cancellation inferred,E_XML
DE-1-200865741,negative_correction,transaction[11]/transaction-date: 2022-12-31 -39555.31,unresolved,Correction meaning undocumented; no cancellation inferred,E_XML
DE-1-200865808,negative_correction,transaction[5]/transaction-date: 2015-12-31 -192548.54,unresolved,Correction meaning undocumented; no cancellation inferred,E_XML
DE-1-200865816,negative_correction,transaction[9]/transaction-date: 2025-09-30 -306777.59,unresolved,Correction meaning undocumented; no cancellation inferred,E_XML
DE-1-200865972,negative_correction,transaction[3]/transaction-date: 2013-12-31 -668705.98,unresolved,Correction meaning undocumented; no cancellation inferred,E_XML
DE-1-200866046,negative_correction,transaction[3]/transaction-date: 2013-12-31 -814442.65,unresolved,Correction meaning undocumented; no cancellation inferred,E_XML
DE-1-200866053,negative_correction,transaction[3]/transaction-date: 2020-12-31 -964057.38,unresolved,Correction meaning undocumented; no cancellation inferred,E_XML
DE-1-200866285,negative_correction,transaction[6]/transaction-date: 2017-12-31 -173036.43,unresolved,Correction meaning undocumented; no cancellation inferred,E_XML
DE-1-200866327,negative_correction,transaction[7]/transaction-date: 2017-12-31 -331.71,unresolved,Correction meaning undocumented; no cancellation inferred,E_XML
DE-1-200866368,negative_correction,transaction[4]/transaction-date: 2014-12-31 -76338.00,unresolved,Correction meaning undocumented; no cancellation inferred,E_XML
DE-1-200866368,negative_correction,transaction[5]/transaction-date: 2016-12-31 -20502.94,unresolved,Correction meaning undocumented; no cancellation inferred,E_XML
DE-1-200866640,negative_correction,transaction[6]/transaction-date: 2016-12-31 -90.61,unresolved,Correction meaning undocumented; no cancellation inferred,E_XML
DE-1-200866822,negative_correction,transaction[14]/transaction-date: 2023-06-30 -21582.42,unresolved,Correction meaning undocumented; no cancellation inferred,E_XML
DE-1-200866855,negative_correction,transaction[14]/transaction-date: 2025-09-30 -178.34,unresolved,Correction meaning undocumented; no cancellation inferred,E_XML
DE-1-200870261,negative_correction,transaction[15]/transaction-date: 2025-03-31 -23393.85,unresolved,Correction meaning undocumented; no cancellation inferred,E_XML
DE-1-200870279,negative_correction,transaction[3]/transaction-date: 2014-12-31 -396079.75,unresolved,Correction meaning undocumented; no cancellation inferred,E_XML
DE-1-200870287,negative_correction,transaction[4]/transaction-date: 2014-12-31 -2092541.09,unresolved,Correction meaning undocumented; no cancellation inferred,E_XML
DE-1-200965525,negative_correction,transaction[6]/transaction-date: 2016-12-31 -128716.70,unresolved,Correction meaning undocumented; no cancellation inferred,E_XML
DE-1-200965723,negative_correction,transaction[4]/transaction-date: 2015-12-31 -1044381.10,unresolved,Correction meaning undocumented; no cancellation inferred,E_XML
DE-1-200966481,negative_correction,transaction[3]/transaction-date: 2016-12-31 -69374.08,unresolved,Correction meaning undocumented; no cancellation inferred,E_XML
DE-1-200966788,negative_correction,transaction[9]/transaction-date: 2020-12-31 -65423.22,unresolved,Correction meaning undocumented; no cancellation inferred,E_XML
DE-1-200966846,negative_correction,transaction[7]/transaction-date: 2017-12-31 -100939.36,unresolved,Correction meaning undocumented; no cancellation inferred,E_XML
DE-1-200966945,negative_correction,transaction[14]/transaction-date: 2024-12-31 -25629.59,unresolved,Correction meaning undocumented; no cancellation inferred,E_XML
DE-1-200967059,negative_correction,transaction[6]/transaction-date: 2016-12-31 -71285.15,unresolved,Correction meaning undocumented; no cancellation inferred,E_XML
DE-1-200967125,negative_correction,transaction[13]/transaction-date: 2024-03-31 -6923.37,unresolved,Correction meaning undocumented; no cancellation inferred,E_XML
DE-1-200967216,negative_correction,transaction[6]/transaction-date: 2021-12-31 -87065.54,unresolved,Correction meaning undocumented; no cancellation inferred,E_XML
DE-1-200967216,negative_correction,transaction[7]/transaction-date: 2022-12-31 -531494.09,unresolved,Correction meaning undocumented; no cancellation inferred,E_XML
DE-1-200967216,negative_correction,transaction[12]/transaction-date: 2024-03-31 -431749.32,unresolved,Correction meaning undocumented; no cancellation inferred,E_XML
DE-1-200967257,negative_correction,transaction[7]/transaction-date: 2024-09-30 -13035.91,unresolved,Correction meaning undocumented; no cancellation inferred,E_XML
DE-1-200967505,negative_correction,transaction[7]/transaction-date: 2018-12-31 -1106870.41,unresolved,Correction meaning undocumented; no cancellation inferred,E_XML
DE-1-201036557,negative_correction,transaction[3]/transaction-date: 2020-12-31 -323891.20,unresolved,Correction meaning undocumented; no cancellation inferred,E_XML
DE-1-201065143,negative_correction,transaction[10]/transaction-date: 2023-03-31 -348920.69,unresolved,Correction meaning undocumented; no cancellation inferred,E_XML
DE-1-201065143,negative_correction,transaction[11]/transaction-date: 2023-09-30 -83804.36,unresolved,Correction meaning undocumented; no cancellation inferred,E_XML
DE-1-201065143,negative_correction,transaction[16]/transaction-date: 2024-12-31 -55438.21,unresolved,Correction meaning undocumented; no cancellation inferred,E_XML
DE-1-201065358,negative_correction,transaction[3]/transaction-date: 2018-12-31 -21213.07,unresolved,Correction meaning undocumented; no cancellation inferred,E_XML
DE-1-201065374,negative_correction,transaction[7]/transaction-date: 2018-12-31 -450723.65,unresolved,Correction meaning undocumented; no cancellation inferred,E_XML
DE-1-201065432,negative_correction,transaction[8]/transaction-date: 2022-12-31 -196062.00,unresolved,Correction meaning undocumented; no cancellation inferred,E_XML
DE-1-201065465,negative_correction,transaction[10]/transaction-date: 2023-06-30 -0.23,unresolved,Correction meaning undocumented; no cancellation inferred,E_XML
DE-1-201065846,negative_correction,transaction[7]/transaction-date: 2023-03-31 -86305.45,unresolved,Correction meaning undocumented; no cancellation inferred,E_XML
DE-1-201066000,negative_correction,transaction[4]/transaction-date: 2022-12-31 -86331.02,unresolved,Correction meaning undocumented; no cancellation inferred,E_XML
DE-1-201066174,negative_correction,transaction[9]/transaction-date: 2021-12-31 -4433.41,unresolved,Correction meaning undocumented; no cancellation inferred,E_XML
DE-1-201066653,negative_correction,transaction[5]/transaction-date: 2024-12-31 -103756.58,unresolved,Correction meaning undocumented; no cancellation inferred,E_XML
DE-1-201066679,negative_correction,transaction[7]/transaction-date: 2018-12-31 -52265.21,unresolved,Correction meaning undocumented; no cancellation inferred,E_XML
DE-1-201067107,negative_correction,transaction[12]/transaction-date: 2025-03-31 -74213.15,unresolved,Correction meaning undocumented; no cancellation inferred,E_XML
DE-1-201067248,negative_correction,transaction[14]/transaction-date: 2026-06-30 -34962.52,unresolved,Correction meaning undocumented; no cancellation inferred,E_XML
DE-1-201067263,negative_correction,transaction[3]/transaction-date: 2013-12-31 -17939.76,unresolved,Correction meaning undocumented; no cancellation inferred,E_XML
DE-1-201070010,negative_correction,transaction[17]/transaction-date: 2025-12-31 -177643.54,unresolved,Correction meaning undocumented; no cancellation inferred,E_XML
DE-1-201070234,negative_correction,transaction[4]/transaction-date: 2014-12-31 -146937.00,unresolved,Correction meaning undocumented; no cancellation inferred,E_XML
DE-1-201070333,negative_correction,transaction[5]/transaction-date: 2018-12-31 -9324.70,unresolved,Correction meaning undocumented; no cancellation inferred,E_XML
DE-1-201165364,negative_correction,transaction[9]/transaction-date: 2021-12-31 -395874.54,unresolved,Correction meaning undocumented; no cancellation inferred,E_XML
DE-1-201165471,negative_correction,transaction[5]/transaction-date: 2015-12-31 -149900.00,unresolved,Correction meaning undocumented; no cancellation inferred,E_XML
DE-1-201165638,negative_correction,transaction[8]/transaction-date: 2022-12-31 -39440.09,unresolved,Correction meaning undocumented; no cancellation inferred,E_XML
DE-1-201165810,negative_correction,transaction[6]/transaction-date: 2018-12-31 -299900.00,unresolved,Correction meaning undocumented; no cancellation inferred,E_XML
DE-1-201165810,negative_correction,transaction[7]/transaction-date: 2019-12-31 -134720.11,unresolved,Correction meaning undocumented; no cancellation inferred,E_XML
DE-1-201165836,negative_correction,transaction[7]/transaction-date: 2023-12-31 -61430.90,unresolved,Correction meaning undocumented; no cancellation inferred,E_XML
DE-1-201165984,negative_correction,transaction[4]/transaction-date: 2023-03-31 -629997.67,unresolved,Correction meaning undocumented; no cancellation inferred,E_XML
DE-1-201166149,negative_correction,transaction[7]/transaction-date: 2022-12-31 -6217.07,unresolved,Correction meaning undocumented; no cancellation inferred,E_XML
DE-1-201166222,negative_correction,transaction[11]/transaction-date: 2023-09-30 -301113.57,unresolved,Correction meaning undocumented; no cancellation inferred,E_XML
DE-1-201166222,negative_correction,transaction[12]/transaction-date: 2023-12-31 -34432.43,unresolved,Correction meaning undocumented; no cancellation inferred,E_XML
DE-1-201166255,negative_correction,transaction[14]/transaction-date: 2024-06-30 -482.19,unresolved,Correction meaning undocumented; no cancellation inferred,E_XML
DE-1-201166453,negative_correction,transaction[8]/transaction-date: 2025-09-30 -500000.00,unresolved,Correction meaning undocumented; no cancellation inferred,E_XML
DE-1-201166743,negative_correction,transaction[4]/transaction-date: 2020-12-31 -201319.93,unresolved,Correction meaning undocumented; no cancellation inferred,E_XML
DE-1-201166743,negative_correction,transaction[6]/transaction-date: 2024-03-31 -7993.11,unresolved,Correction meaning undocumented; no cancellation inferred,E_XML
DE-1-201167063,negative_correction,transaction[9]/transaction-date: 2024-03-31 -135505.06,unresolved,Correction meaning undocumented; no cancellation inferred,E_XML
DE-1-201170026,negative_correction,transaction[6]/transaction-date: 2020-12-31 -84116.31,unresolved,Correction meaning undocumented; no cancellation inferred,E_XML
DE-1-201170141,negative_correction,transaction[12]/transaction-date: 2022-12-31 -9582.20,unresolved,Correction meaning undocumented; no cancellation inferred,E_XML
DE-1-201197672,negative_correction,transaction[7]/transaction-date: 2017-12-31 -1152.49,unresolved,Correction meaning undocumented; no cancellation inferred,E_XML
DE-1-201265024,negative_correction,transaction[13]/transaction-date: 2024-12-31 -80016.55,unresolved,Correction meaning undocumented; no cancellation inferred,E_XML
DE-1-201265040,negative_correction,transaction[6]/transaction-date: 2017-12-31 -10192.84,unresolved,Correction meaning undocumented; no cancellation inferred,E_XML
DE-1-201265388,negative_correction,transaction[12]/transaction-date: 2024-09-30 -689219.42,unresolved,Correction meaning undocumented; no cancellation inferred,E_XML
DE-1-201265388,negative_correction,transaction[15]/transaction-date: 2025-06-30 -1893473.91,unresolved,Correction meaning undocumented; no cancellation inferred,E_XML
DE-1-201266295,negative_correction,transaction[10]/transaction-date: 2023-09-30 -37760.01,unresolved,Correction meaning undocumented; no cancellation inferred,E_XML
DE-1-201266303,negative_correction,transaction[15]/transaction-date: 2025-06-30 -176491.30,unresolved,Correction meaning undocumented; no cancellation inferred,E_XML
DE-1-201266519,negative_correction,transaction[6]/transaction-date: 2022-12-31 -883184.87,unresolved,Correction meaning undocumented; no cancellation inferred,E_XML
DE-1-201266535,negative_correction,transaction[11]/transaction-date: 2024-03-31 -262621.53,unresolved,Correction meaning undocumented; no cancellation inferred,E_XML
DE-1-201266535,negative_correction,transaction[17]/transaction-date: 2025-09-30 -191423.85,unresolved,Correction meaning undocumented; no cancellation inferred,E_XML
DE-1-201266584,negative_correction,transaction[5]/transaction-date: 2018-12-31 -16.76,unresolved,Correction meaning undocumented; no cancellation inferred,E_XML
DE-1-201266600,negative_correction,transaction[5]/transaction-date: 2021-12-31 -238835.64,unresolved,Correction meaning undocumented; no cancellation inferred,E_XML
DE-1-201266881,negative_correction,transaction[11]/transaction-date: 2025-06-30 -530000.00,unresolved,Correction meaning undocumented; no cancellation inferred,E_XML
DE-1-201266923,negative_correction,transaction[10]/transaction-date: 2022-12-31 -7338.91,unresolved,Correction meaning undocumented; no cancellation inferred,E_XML
DE-1-201267327,negative_correction,transaction[4]/transaction-date: 2015-12-31 -199900.00,unresolved,Correction meaning undocumented; no cancellation inferred,E_XML
DE-1-201270024,negative_correction,transaction[6]/transaction-date: 2021-12-31 -108000.00,unresolved,Correction meaning undocumented; no cancellation inferred,E_XML
DE-1-201297621,negative_correction,transaction[7]/transaction-date: 2020-12-31 -219130.67,unresolved,Correction meaning undocumented; no cancellation inferred,E_XML
DE-1-201365055,negative_correction,transaction[7]/transaction-date: 2021-12-31 -429438.39,unresolved,Correction meaning undocumented; no cancellation inferred,E_XML
DE-1-201365329,negative_correction,transaction[8]/transaction-date: 2024-03-31 -164478.75,unresolved,Correction meaning undocumented; no cancellation inferred,E_XML
DE-1-201365329,negative_correction,transaction[9]/transaction-date: 2024-06-30 -58037.32,unresolved,Correction meaning undocumented; no cancellation inferred,E_XML
DE-1-201365329,negative_correction,transaction[14]/transaction-date: 2025-09-30 -4361.51,unresolved,Correction meaning undocumented; no cancellation inferred,E_XML
DE-1-201365790,negative_correction,transaction[18]/transaction-date: 2025-09-30 -5634.95,unresolved,Correction meaning undocumented; no cancellation inferred,E_XML
DE-1-201365808,negative_correction,transaction[8]/transaction-date: 2022-12-31 -1172028.00,unresolved,Correction meaning undocumented; no cancellation inferred,E_XML
DE-1-201366103,negative_correction,transaction[5]/transaction-date: 2020-12-31 -7372692.58,unresolved,Correction meaning undocumented; no cancellation inferred,E_XML
DE-1-201366111,negative_correction,transaction[6]/transaction-date: 2019-12-31 -608587.79,unresolved,Correction meaning undocumented; no cancellation inferred,E_XML
DE-1-201366152,negative_correction,transaction[6]/transaction-date: 2017-12-31 -912.77,unresolved,Correction meaning undocumented; no cancellation inferred,E_XML
DE-1-201366202,negative_correction,transaction[6]/transaction-date: 2018-12-31 -78937.69,unresolved,Correction meaning undocumented; no cancellation inferred,E_XML
DE-1-201366210,negative_correction,transaction[7]/transaction-date: 2023-03-31 -28098.63,unresolved,Correction meaning undocumented; no cancellation inferred,E_XML
DE-1-201366459,negative_correction,transaction[12]/transaction-date: 2025-12-31 -65452.98,unresolved,Correction meaning undocumented; no cancellation inferred,E_XML
DE-1-201366541,negative_correction,transaction[5]/transaction-date: 2019-12-31 -409763.29,unresolved,Correction meaning undocumented; no cancellation inferred,E_XML
DE-1-201366566,negative_correction,transaction[7]/transaction-date: 2022-12-31 -64000.50,unresolved,Correction meaning undocumented; no cancellation inferred,E_XML
DE-1-201366798,negative_correction,transaction[14]/transaction-date: 2025-03-31 -28056.29,unresolved,Correction meaning undocumented; no cancellation inferred,E_XML
DE-1-201366947,negative_correction,transaction[11]/transaction-date: 2024-06-30 -14103.34,unresolved,Correction meaning undocumented; no cancellation inferred,E_XML
DE-1-201366947,negative_correction,transaction[17]/transaction-date: 2026-03-31 -39000.00,unresolved,Correction meaning undocumented; no cancellation inferred,E_XML
DE-1-201366947,negative_correction,transaction[18]/transaction-date: 2026-08-26 -39000.00,unresolved,Correction meaning undocumented; no cancellation inferred,E_XML
DE-1-201367002,negative_correction,transaction[6]/transaction-date: 2021-12-31 -507298.08,unresolved,Correction meaning undocumented; no cancellation inferred,E_XML
DE-1-201367077,negative_correction,transaction[3]/transaction-date: 2021-12-31 -771406.22,unresolved,Correction meaning undocumented; no cancellation inferred,E_XML
DE-1-201367275,negative_correction,transaction[8]/transaction-date: 2025-09-30 -945610.35,unresolved,Correction meaning undocumented; no cancellation inferred,E_XML
DE-1-201367325,negative_correction,transaction[13]/transaction-date: 2025-03-31 -83542.94,unresolved,Correction meaning undocumented; no cancellation inferred,E_XML
DE-1-201367333,negative_correction,transaction[3]/transaction-date: 2014-12-31 -1196.61,unresolved,Correction meaning undocumented; no cancellation inferred,E_XML
DE-1-201367416,negative_correction,transaction[17]/transaction-date: 2025-09-30 -385.05,unresolved,Correction meaning undocumented; no cancellation inferred,E_XML
DE-1-201367473,negative_correction,transaction[8]/transaction-date: 2020-12-31 -772838.98,unresolved,Correction meaning undocumented; no cancellation inferred,E_XML
DE-1-201370170,negative_correction,transaction[5]/transaction-date: 2018-12-31 -15922.43,unresolved,Correction meaning undocumented; no cancellation inferred,E_XML
DE-1-201397504,negative_correction,transaction[10]/transaction-date: 2023-12-31 -679735.25,unresolved,Correction meaning undocumented; no cancellation inferred,E_XML
DE-1-201397686,negative_correction,transaction[5]/transaction-date: 2020-12-31 -112211.88,unresolved,Correction meaning undocumented; no cancellation inferred,E_XML
DE-1-201440726,negative_correction,transaction[3]/transaction-date: 2019-12-31 -10715.84,unresolved,Correction meaning undocumented; no cancellation inferred,E_XML
DE-1-201467067,negative_correction,transaction[9]/transaction-date: 2024-12-31 -206696.87,unresolved,Correction meaning undocumented; no cancellation inferred,E_XML
DE-1-201467141,negative_correction,transaction[18]/transaction-date: 2026-03-31 -89663.85,unresolved,Correction meaning undocumented; no cancellation inferred,E_XML
DE-1-201467158,negative_correction,transaction[16]/transaction-date: 2025-12-31 -747757.57,unresolved,Correction meaning undocumented; no cancellation inferred,E_XML
DE-1-201467216,negative_correction,transaction[8]/transaction-date: 2024-12-31 -609202.00,unresolved,Correction meaning undocumented; no cancellation inferred,E_XML
DE-1-201467323,negative_correction,transaction[4]/transaction-date: 2021-12-31 -2553198.20,unresolved,Correction meaning undocumented; no cancellation inferred,E_XML
DE-1-201467323,negative_correction,transaction[13]/transaction-date: 2025-12-31 -84967.38,unresolved,Correction meaning undocumented; no cancellation inferred,E_XML
DE-1-201467414,negative_correction,transaction[9]/transaction-date: 2025-12-31 -280.79,unresolved,Correction meaning undocumented; no cancellation inferred,E_XML
DE-1-201467414,negative_correction,transaction[10]/transaction-date: 2026-03-31 -190.33,unresolved,Correction meaning undocumented; no cancellation inferred,E_XML
DE-1-201467604,negative_correction,transaction[3]/transaction-date: 2019-12-31 -29466.02,unresolved,Correction meaning undocumented; no cancellation inferred,E_XML
DE-1-201467679,negative_correction,transaction[3]/transaction-date: 2018-12-31 -11464.64,unresolved,Correction meaning undocumented; no cancellation inferred,E_XML
DE-1-201467745,negative_correction,transaction[5]/transaction-date: 2022-12-31 -422555.76,unresolved,Correction meaning undocumented; no cancellation inferred,E_XML
DE-1-201468297,negative_correction,transaction[3]/transaction-date: 2020-12-31 -8837.90,unresolved,Correction meaning undocumented; no cancellation inferred,E_XML
DE-1-201468321,negative_correction,transaction[4]/transaction-date: 2024-06-30 -51823.36,unresolved,Correction meaning undocumented; no cancellation inferred,E_XML
DE-1-201468339,negative_correction,transaction[6]/transaction-date: 2026-06-30 -169868.71,unresolved,Correction meaning undocumented; no cancellation inferred,E_XML
DE-1-201468354,negative_correction,transaction[8]/transaction-date: 2025-09-30 -47498.22,unresolved,Correction meaning undocumented; no cancellation inferred,E_XML
DE-1-201468537,negative_correction,transaction[14]/transaction-date: 2025-09-30 -224095.60,unresolved,Correction meaning undocumented; no cancellation inferred,E_XML
DE-1-201468552,negative_correction,transaction[7]/transaction-date: 2025-03-31 -281573.12,unresolved,Correction meaning undocumented; no cancellation inferred,E_XML
DE-1-201468586,negative_correction,transaction[5]/transaction-date: 2022-12-31 -141863.05,unresolved,Correction meaning undocumented; no cancellation inferred,E_XML
DE-1-201468727,negative_correction,transaction[3]/transaction-date: 2024-09-30 -2329.84,unresolved,Correction meaning undocumented; no cancellation inferred,E_XML
DE-1-201468768,negative_correction,transaction[6]/transaction-date: 2021-12-31 -1176929.22,unresolved,Correction meaning undocumented; no cancellation inferred,E_XML
DE-1-201470426,negative_correction,transaction[13]/transaction-date: 2025-06-30 -61961.60,unresolved,Correction meaning undocumented; no cancellation inferred,E_XML
DE-1-201501329,negative_correction,transaction[6]/transaction-date: 2024-12-31 -255576.20,unresolved,Correction meaning undocumented; no cancellation inferred,E_XML
DE-1-201536614,negative_correction,transaction[8]/transaction-date: 2026-06-30 -9632.59,unresolved,Correction meaning undocumented; no cancellation inferred,E_XML
DE-1-201540822,negative_correction,transaction[4]/transaction-date: 2020-12-31 -7294.46,unresolved,Correction meaning undocumented; no cancellation inferred,E_XML
DE-1-201540822,negative_correction,transaction[5]/transaction-date: 2023-09-30 -2134.84,unresolved,Correction meaning undocumented; no cancellation inferred,E_XML
DE-1-201540848,negative_correction,transaction[6]/transaction-date: 2024-09-30 -3304.74,unresolved,Correction meaning undocumented; no cancellation inferred,E_XML
DE-1-201541119,negative_correction,transaction[3]/transaction-date: 2024-06-30 -16021.14,unresolved,Correction meaning undocumented; no cancellation inferred,E_XML
DE-1-201541127,negative_correction,transaction[5]/transaction-date: 2023-06-30 -0.01,unresolved,Correction meaning undocumented; no cancellation inferred,E_XML
DE-1-201541135,negative_correction,transaction[4]/transaction-date: 2024-03-31 -11090.00,unresolved,Correction meaning undocumented; no cancellation inferred,E_XML
DE-1-201565134,negative_correction,transaction[9]/transaction-date: 2023-09-30 -26252.17,unresolved,Correction meaning undocumented; no cancellation inferred,E_XML
DE-1-201565290,negative_correction,transaction[3]/transaction-date: 2017-12-31 -2866.15,unresolved,Correction meaning undocumented; no cancellation inferred,E_XML
DE-1-201567031,negative_correction,transaction[8]/transaction-date: 2026-08-26 -200000.00,unresolved,Correction meaning undocumented; no cancellation inferred,E_XML
DE-1-201567270,negative_correction,transaction[6]/transaction-date: 2025-06-30 -911012.77,unresolved,Correction meaning undocumented; no cancellation inferred,E_XML
DE-1-201567312,negative_correction,transaction[15]/transaction-date: 2025-06-30 -103755.26,unresolved,Correction meaning undocumented; no cancellation inferred,E_XML
DE-1-201567403,negative_correction,transaction[11]/transaction-date: 2026-06-30 -205390.69,unresolved,Correction meaning undocumented; no cancellation inferred,E_XML
DE-1-201567437,negative_correction,transaction[12]/transaction-date: 2026-06-30 -96.85,unresolved,Correction meaning undocumented; no cancellation inferred,E_XML
DE-1-201568161,negative_correction,transaction[4]/transaction-date: 2025-09-30 -9.80,unresolved,Correction meaning undocumented; no cancellation inferred,E_XML
DE-1-201568336,negative_correction,transaction[8]/transaction-date: 2022-12-31 -2453927.92,unresolved,Correction meaning undocumented; no cancellation inferred,E_XML
DE-1-201568336,negative_correction,transaction[22]/transaction-date: 2026-06-30 -1870285.61,unresolved,Correction meaning undocumented; no cancellation inferred,E_XML
DE-1-201568633,negative_correction,transaction[4]/transaction-date: 2025-12-31 -198573.07,unresolved,Correction meaning undocumented; no cancellation inferred,E_XML
DE-1-201568690,negative_correction,transaction[6]/transaction-date: 2020-12-31 -24516.00,unresolved,Correction meaning undocumented; no cancellation inferred,E_XML
DE-1-201568823,negative_correction,transaction[4]/transaction-date: 2023-12-31 -323827.50,unresolved,Correction meaning undocumented; no cancellation inferred,E_XML
DE-1-201568880,negative_correction,transaction[4]/transaction-date: 2025-09-30 -0.04,unresolved,Correction meaning undocumented; no cancellation inferred,E_XML
DE-1-201568914,negative_correction,transaction[3]/transaction-date: 2024-09-30 -39735.86,unresolved,Correction meaning undocumented; no cancellation inferred,E_XML
DE-1-201568971,negative_correction,transaction[3]/transaction-date: 2020-12-31 -19232.73,unresolved,Correction meaning undocumented; no cancellation inferred,E_XML
DE-1-201569060,negative_correction,transaction[9]/transaction-date: 2026-06-30 -177779.65,unresolved,Correction meaning undocumented; no cancellation inferred,E_XML
DE-1-201569177,negative_correction,transaction[13]/transaction-date: 2025-03-31 -342101.13,unresolved,Correction meaning undocumented; no cancellation inferred,E_XML
DE-1-201570209,negative_correction,transaction[4]/transaction-date: 2021-12-31 -142421.38,unresolved,Correction meaning undocumented; no cancellation inferred,E_XML
DE-1-201570282,negative_correction,transaction[10]/transaction-date: 2025-06-30 -34376.59,unresolved,Correction meaning undocumented; no cancellation inferred,E_XML
DE-1-201597558,negative_correction,transaction[3]/transaction-date: 2024-12-31 -104334.02,unresolved,Correction meaning undocumented; no cancellation inferred,E_XML
DE-1-201601418,negative_correction,transaction[6]/transaction-date: 2021-12-31 -2352242.00,unresolved,Correction meaning undocumented; no cancellation inferred,E_XML
DE-1-201618032,negative_correction,transaction[3]/transaction-date: 2025-09-30 -0.35,unresolved,Correction meaning undocumented; no cancellation inferred,E_XML
DE-1-201618040,negative_correction,transaction[3]/transaction-date: 2019-12-31 -8620.46,unresolved,Correction meaning undocumented; no cancellation inferred,E_XML
DE-1-201618602,negative_correction,transaction[3]/transaction-date: 2020-12-31 -49783.37,unresolved,Correction meaning undocumented; no cancellation inferred,E_XML
DE-1-201618701,negative_correction,transaction[5]/transaction-date: 2023-06-30 -164.32,unresolved,Correction meaning undocumented; no cancellation inferred,E_XML
DE-1-201618719,negative_correction,transaction[6]/transaction-date: 2025-12-31 -3299.29,unresolved,Correction meaning undocumented; no cancellation inferred,E_XML
DE-1-201618784,negative_correction,transaction[3]/transaction-date: 2020-12-31 -95360.20,unresolved,Correction meaning undocumented; no cancellation inferred,E_XML
DE-1-201618792,negative_correction,transaction[3]/transaction-date: 2024-12-31 -595.05,unresolved,Correction meaning undocumented; no cancellation inferred,E_XML
DE-1-201618800,negative_correction,transaction[3]/transaction-date: 2020-12-31 -48609.19,unresolved,Correction meaning undocumented; no cancellation inferred,E_XML
DE-1-201618826,negative_correction,transaction[4]/transaction-date: 2023-06-30 -926.46,unresolved,Correction meaning undocumented; no cancellation inferred,E_XML
DE-1-201640523,negative_correction,transaction[8]/transaction-date: 2024-06-30 -989.13,unresolved,Correction meaning undocumented; no cancellation inferred,E_XML
DE-1-201640556,negative_correction,transaction[5]/transaction-date: 2024-09-30 -7657.99,unresolved,Correction meaning undocumented; no cancellation inferred,E_XML
DE-1-201640713,negative_correction,transaction[3]/transaction-date: 2024-12-31 -13179.83,unresolved,Correction meaning undocumented; no cancellation inferred,E_XML
DE-1-201640903,negative_correction,transaction[5]/transaction-date: 2023-09-30 -70380.42,unresolved,Correction meaning undocumented; no cancellation inferred,E_XML
DE-1-201640911,negative_correction,transaction[3]/transaction-date: 2021-12-31 -6016.69,unresolved,Correction meaning undocumented; no cancellation inferred,E_XML
DE-1-201641042,negative_correction,transaction[5]/transaction-date: 2023-06-30 -0.01,unresolved,Correction meaning undocumented; no cancellation inferred,E_XML
DE-1-201665348,negative_correction,transaction[9]/transaction-date: 2024-09-30 -128354.98,unresolved,Correction meaning undocumented; no cancellation inferred,E_XML
DE-1-201667013,negative_correction,transaction[6]/transaction-date: 2026-03-31 -35902.90,unresolved,Correction meaning undocumented; no cancellation inferred,E_XML
DE-1-201667070,negative_correction,transaction[17]/transaction-date: 2026-08-26 -37404.85,unresolved,Correction meaning undocumented; no cancellation inferred,E_XML
DE-1-201667153,negative_correction,transaction[7]/transaction-date: 2023-12-31 -54752.74,unresolved,Correction meaning undocumented; no cancellation inferred,E_XML
DE-1-201667179,negative_correction,transaction[6]/transaction-date: 2021-12-31 -4003.71,unresolved,Correction meaning undocumented; no cancellation inferred,E_XML
DE-1-201667328,negative_correction,transaction[4]/transaction-date: 2023-09-30 -108168.03,unresolved,Correction meaning undocumented; no cancellation inferred,E_XML
DE-1-201667427,negative_correction,transaction[6]/transaction-date: 2025-03-31 -850226.66,unresolved,Correction meaning undocumented; no cancellation inferred,E_XML
DE-1-201667716,negative_correction,transaction[4]/transaction-date: 2021-12-31 -1628.86,unresolved,Correction meaning undocumented; no cancellation inferred,E_XML
DE-1-201668052,negative_correction,transaction[4]/transaction-date: 2020-12-31 -67803.80,unresolved,Correction meaning undocumented; no cancellation inferred,E_XML
DE-1-201668086,negative_correction,transaction[13]/transaction-date: 2026-06-30 -176778.81,unresolved,Correction meaning undocumented; no cancellation inferred,E_XML
DE-1-201668607,negative_correction,transaction[12]/transaction-date: 2024-03-31 -83118.18,unresolved,Correction meaning undocumented; no cancellation inferred,E_XML
DE-1-201668938,negative_correction,transaction[8]/transaction-date: 2025-12-31 -1174.76,unresolved,Correction meaning undocumented; no cancellation inferred,E_XML
DE-1-201670108,negative_correction,transaction[10]/transaction-date: 2026-03-31 -91408.81,unresolved,Correction meaning undocumented; no cancellation inferred,E_XML
DE-1-201670447,negative_correction,transaction[14]/transaction-date: 2025-06-30 -160000.00,unresolved,Correction meaning undocumented; no cancellation inferred,E_XML
DE-1-201701259,negative_correction,transaction[6]/transaction-date: 2024-06-30 -409470.43,unresolved,Correction meaning undocumented; no cancellation inferred,E_XML
DE-1-201701374,negative_correction,transaction[7]/transaction-date: 2024-12-31 -49211.87,unresolved,Correction meaning undocumented; no cancellation inferred,E_XML
DE-1-201718493,negative_correction,transaction[5]/transaction-date: 2024-12-31 -2506.82,unresolved,Correction meaning undocumented; no cancellation inferred,E_XML
DE-1-201718519,negative_correction,transaction[4]/transaction-date: 2023-06-30 -0.38,unresolved,Correction meaning undocumented; no cancellation inferred,E_XML
DE-1-201718527,negative_correction,transaction[5]/transaction-date: 2024-06-30 -1458.59,unresolved,Correction meaning undocumented; no cancellation inferred,E_XML
DE-1-201740539,negative_correction,transaction[3]/transaction-date: 2023-06-30 -9511.39,unresolved,Correction meaning undocumented; no cancellation inferred,E_XML
DE-1-201740729,negative_correction,transaction[3]/transaction-date: 2020-12-31 -64234.65,unresolved,Correction meaning undocumented; no cancellation inferred,E_XML
DE-1-201740893,negative_correction,transaction[4]/transaction-date: 2024-03-31 -43453.41,unresolved,Correction meaning undocumented; no cancellation inferred,E_XML
DE-1-201741073,negative_correction,transaction[7]/transaction-date: 2025-06-30 -2899.84,unresolved,Correction meaning undocumented; no cancellation inferred,E_XML
DE-1-201749910,negative_correction,transaction[6]/transaction-date: 2025-03-31 -15428.67,unresolved,Correction meaning undocumented; no cancellation inferred,E_XML
DE-1-201749936,negative_correction,transaction[6]/transaction-date: 2024-06-30 -20290.64,unresolved,Correction meaning undocumented; no cancellation inferred,E_XML
DE-1-201749977,negative_correction,transaction[4]/transaction-date: 2022-12-31 -11287.50,unresolved,Correction meaning undocumented; no cancellation inferred,E_XML
DE-1-201767003,negative_correction,transaction[5]/transaction-date: 2024-06-30 -25164.16,unresolved,Correction meaning undocumented; no cancellation inferred,E_XML
DE-1-201767490,negative_correction,transaction[7]/transaction-date: 2024-06-30 -430000.00,unresolved,Correction meaning undocumented; no cancellation inferred,E_XML
DE-1-201767565,negative_correction,transaction[12]/transaction-date: 2025-06-30 -3971.29,unresolved,Correction meaning undocumented; no cancellation inferred,E_XML
DE-1-201767565,negative_correction,transaction[13]/transaction-date: 2025-09-30 -18254.49,unresolved,Correction meaning undocumented; no cancellation inferred,E_XML
DE-1-201767573,negative_correction,transaction[6]/transaction-date: 2025-06-30 -985006.15,unresolved,Correction meaning undocumented; no cancellation inferred,E_XML
DE-1-201767649,negative_correction,transaction[5]/transaction-date: 2025-06-30 -508814.44,unresolved,Correction meaning undocumented; no cancellation inferred,E_XML
DE-1-201767664,negative_correction,transaction[4]/transaction-date: 2021-12-31 -12539.56,unresolved,Correction meaning undocumented; no cancellation inferred,E_XML
DE-1-201767821,negative_correction,transaction[5]/transaction-date: 2023-12-31 -75559.00,unresolved,Correction meaning undocumented; no cancellation inferred,E_XML
DE-1-201767821,negative_correction,transaction[6]/transaction-date: 2024-03-31 -14344.85,unresolved,Correction meaning undocumented; no cancellation inferred,E_XML
DE-1-201767953,negative_correction,transaction[4]/transaction-date: 2020-12-31 -639053.21,unresolved,Correction meaning undocumented; no cancellation inferred,E_XML
DE-1-201768167,negative_correction,transaction[13]/transaction-date: 2026-03-31 -83189.47,unresolved,Correction meaning undocumented; no cancellation inferred,E_XML
DE-1-201768522,negative_correction,transaction[9]/transaction-date: 2025-03-31 -136960.72,unresolved,Correction meaning undocumented; no cancellation inferred,E_XML
DE-1-201768720,negative_correction,transaction[10]/transaction-date: 2025-09-30 -462725.22,unresolved,Correction meaning undocumented; no cancellation inferred,E_XML
DE-1-201768852,negative_correction,transaction[3]/transaction-date: 2026-03-31 -1261977.28,unresolved,Correction meaning undocumented; no cancellation inferred,E_XML
DE-1-201769009,negative_correction,transaction[9]/transaction-date: 2024-12-31 -8727.22,unresolved,Correction meaning undocumented; no cancellation inferred,E_XML
DE-1-201770072,negative_correction,transaction[3]/transaction-date: 2023-06-30 -24235.00,unresolved,Correction meaning undocumented; no cancellation inferred,E_XML
DE-1-201770106,negative_correction,transaction[6]/transaction-date: 2023-06-30 -4128.35,unresolved,Correction meaning undocumented; no cancellation inferred,E_XML
DE-1-201770114,negative_correction,transaction[19]/transaction-date: 2026-08-26 -126072.58,unresolved,Correction meaning undocumented; no cancellation inferred,E_XML
DE-1-201818327,negative_correction,transaction[5]/transaction-date: 2024-12-31 -821.21,unresolved,Correction meaning undocumented; no cancellation inferred,E_XML
DE-1-201818640,negative_correction,transaction[4]/transaction-date: 2024-12-31 -41.96,unresolved,Correction meaning undocumented; no cancellation inferred,E_XML
DE-1-201818681,negative_correction,transaction[6]/transaction-date: 2026-08-26 -6487.26,unresolved,Correction meaning undocumented; no cancellation inferred,E_XML
DE-1-201836519,negative_correction,transaction[3]/transaction-date: 2019-12-31 -430000.00,unresolved,Correction meaning undocumented; no cancellation inferred,E_XML
DE-1-201841147,negative_correction,transaction[3]/transaction-date: 2024-12-31 -225465.90,unresolved,Correction meaning undocumented; no cancellation inferred,E_XML
DE-1-201849645,negative_correction,transaction[5]/transaction-date: 2025-12-31 -387.23,unresolved,Correction meaning undocumented; no cancellation inferred,E_XML
DE-1-201849660,negative_correction,transaction[4]/transaction-date: 2022-12-31 -228776.30,unresolved,Correction meaning undocumented; no cancellation inferred,E_XML
DE-1-201849686,negative_correction,transaction[5]/transaction-date: 2022-12-31 -215094.12,unresolved,Correction meaning undocumented; no cancellation inferred,E_XML
DE-1-201849694,negative_correction,transaction[5]/transaction-date: 2023-03-31 -12083.14,unresolved,Correction meaning undocumented; no cancellation inferred,E_XML
DE-1-201849702,negative_correction,transaction[5]/transaction-date: 2023-06-30 -10.98,unresolved,Correction meaning undocumented; no cancellation inferred,E_XML
DE-1-201849728,negative_correction,transaction[5]/transaction-date: 2024-06-30 -103446.23,unresolved,Correction meaning undocumented; no cancellation inferred,E_XML
DE-1-201867183,negative_correction,transaction[4]/transaction-date: 2022-12-31 -311771.69,unresolved,Correction meaning undocumented; no cancellation inferred,E_XML
DE-1-201867183,negative_correction,transaction[9]/transaction-date: 2024-06-30 -327688.96,unresolved,Correction meaning undocumented; no cancellation inferred,E_XML
DE-1-201867183,negative_correction,transaction[13]/transaction-date: 2025-09-30 -2575103.07,unresolved,Correction meaning undocumented; no cancellation inferred,E_XML
DE-1-201868173,negative_correction,transaction[12]/transaction-date: 2025-06-30 -3195.17,unresolved,Correction meaning undocumented; no cancellation inferred,E_XML
DE-1-201868355,negative_correction,transaction[6]/transaction-date: 2025-12-31 -170000.00,unresolved,Correction meaning undocumented; no cancellation inferred,E_XML
DE-1-201868389,negative_correction,transaction[3]/transaction-date: 2022-12-31 -240411.40,unresolved,Correction meaning undocumented; no cancellation inferred,E_XML
DE-1-201868389,negative_correction,transaction[6]/transaction-date: 2025-09-30 -645961.47,unresolved,Correction meaning undocumented; no cancellation inferred,E_XML
DE-1-201868520,negative_correction,transaction[7]/transaction-date: 2026-03-31 -234816.10,unresolved,Correction meaning undocumented; no cancellation inferred,E_XML
DE-1-201870245,negative_correction,transaction[8]/transaction-date: 2026-03-31 -276.17,unresolved,Correction meaning undocumented; no cancellation inferred,E_XML
DE-1-201901164,negative_correction,transaction[9]/transaction-date: 2024-09-30 -356048.55,unresolved,Correction meaning undocumented; no cancellation inferred,E_XML
DE-1-201901164,negative_correction,transaction[11]/transaction-date: 2025-03-31 -6.45,unresolved,Correction meaning undocumented; no cancellation inferred,E_XML
DE-1-201918085,negative_correction,transaction[4]/transaction-date: 2024-12-31 -1002.49,unresolved,Correction meaning undocumented; no cancellation inferred,E_XML
DE-1-201918168,negative_correction,transaction[6]/transaction-date: 2024-12-31 -78971.48,unresolved,Correction meaning undocumented; no cancellation inferred,E_XML
DE-1-201918523,negative_correction,transaction[5]/transaction-date: 2024-09-30 -5000.84,unresolved,Correction meaning undocumented; no cancellation inferred,E_XML
DE-1-201918663,negative_correction,transaction[5]/transaction-date: 2025-09-30 -476352.69,unresolved,Correction meaning undocumented; no cancellation inferred,E_XML
DE-1-201918705,negative_correction,transaction[3]/transaction-date: 2024-09-30 -27286.50,unresolved,Correction meaning undocumented; no cancellation inferred,E_XML
DE-1-201936525,negative_correction,transaction[4]/transaction-date: 2022-12-31 -471404.04,unresolved,Correction meaning undocumented; no cancellation inferred,E_XML
DE-1-201936525,negative_correction,transaction[11]/transaction-date: 2024-12-31 -2129997.79,unresolved,Correction meaning undocumented; no cancellation inferred,E_XML
DE-1-201936699,negative_correction,transaction[4]/transaction-date: 2024-03-31 -151746.31,unresolved,Correction meaning undocumented; no cancellation inferred,E_XML
DE-1-201940758,negative_correction,transaction[6]/transaction-date: 2023-06-30 -51816.65,unresolved,Correction meaning undocumented; no cancellation inferred,E_XML
DE-1-201941137,negative_correction,transaction[5]/transaction-date: 2025-06-30 -28996.54,unresolved,Correction meaning undocumented; no cancellation inferred,E_XML
DE-1-201967660,negative_correction,transaction[3]/transaction-date: 2023-03-31 -224369.70,unresolved,Correction meaning undocumented; no cancellation inferred,E_XML
DE-1-201968304,negative_correction,transaction[3]/transaction-date: 2022-12-31 -297262.51,unresolved,Correction meaning undocumented; no cancellation inferred,E_XML
DE-1-201968304,negative_correction,transaction[6]/transaction-date: 2025-09-30 -797722.17,unresolved,Correction meaning undocumented; no cancellation inferred,E_XML
DE-1-201968908,negative_correction,transaction[4]/transaction-date: 2025-12-31 -47080.11,unresolved,Correction meaning undocumented; no cancellation inferred,E_XML
DE-1-201969120,negative_correction,transaction[8]/transaction-date: 2024-06-30 -919261.13,unresolved,Correction meaning undocumented; no cancellation inferred,E_XML
DE-1-201969344,negative_correction,transaction[3]/transaction-date: 2024-09-30 -72888.73,unresolved,Correction meaning undocumented; no cancellation inferred,E_XML
DE-1-201969518,negative_correction,transaction[5]/transaction-date: 2026-03-31 -1196325.00,unresolved,Correction meaning undocumented; no cancellation inferred,E_XML
DE-1-202001113,negative_correction,transaction[4]/transaction-date: 2024-03-31 -1951.63,unresolved,Correction meaning undocumented; no cancellation inferred,E_XML
DE-1-202001188,negative_correction,transaction[4]/transaction-date: 2025-12-31 -3499.74,unresolved,Correction meaning undocumented; no cancellation inferred,E_XML
DE-1-202001279,negative_correction,transaction[8]/transaction-date: 2026-08-26 -420523.00,unresolved,Correction meaning undocumented; no cancellation inferred,E_XML
DE-1-202018091,negative_correction,transaction[3]/transaction-date: 2024-12-31 -27680.75,unresolved,Correction meaning undocumented; no cancellation inferred,E_XML
DE-1-202040624,negative_correction,transaction[3]/transaction-date: 2024-09-30 -138.84,unresolved,Correction meaning undocumented; no cancellation inferred,E_XML
DE-1-202040822,negative_correction,transaction[3]/transaction-date: 2024-12-31 -17598.93,unresolved,Correction meaning undocumented; no cancellation inferred,E_XML
DE-1-202048700,negative_correction,transaction[3]/transaction-date: 2023-09-30 -15054.61,unresolved,Correction meaning undocumented; no cancellation inferred,E_XML
DE-1-202067726,negative_correction,transaction[6]/transaction-date: 2025-06-30 -100000.00,unresolved,Correction meaning undocumented; no cancellation inferred,E_XML
DE-1-202068385,negative_correction,transaction[5]/transaction-date: 2025-09-30 -350967.00,unresolved,Correction meaning undocumented; no cancellation inferred,E_XML
DE-1-202068385,negative_correction,transaction[6]/transaction-date: 2026-03-31 -209.80,unresolved,Correction meaning undocumented; no cancellation inferred,E_XML
DE-1-202068526,negative_correction,transaction[4]/transaction-date: 2024-12-31 -4655.84,unresolved,Correction meaning undocumented; no cancellation inferred,E_XML
DE-1-202068534,negative_correction,transaction[4]/transaction-date: 2024-09-30 -194502.00,unresolved,Correction meaning undocumented; no cancellation inferred,E_XML
DE-1-202068534,negative_correction,transaction[5]/transaction-date: 2024-12-31 -193848.00,unresolved,Correction meaning undocumented; no cancellation inferred,E_XML
DE-1-202068591,negative_correction,transaction[3]/transaction-date: 2026-06-30 -3456.47,unresolved,Correction meaning undocumented; no cancellation inferred,E_XML
DE-1-202069060,negative_correction,transaction[4]/transaction-date: 2026-03-31 -1755.00,unresolved,Correction meaning undocumented; no cancellation inferred,E_XML
DE-1-202101178,negative_correction,transaction[10]/transaction-date: 2025-09-30 -369300.00,unresolved,Correction meaning undocumented; no cancellation inferred,E_XML
DE-1-202165256,negative_correction,transaction[3]/transaction-date: 2023-09-30 -72946.85,unresolved,Correction meaning undocumented; no cancellation inferred,E_XML
DE-1-202167377,negative_correction,transaction[3]/transaction-date: 2024-12-31 -8878.87,unresolved,Correction meaning undocumented; no cancellation inferred,E_XML
DE-1-202167666,negative_correction,transaction[5]/transaction-date: 2026-03-31 -50.00,unresolved,Correction meaning undocumented; no cancellation inferred,E_XML
DE-1-202168532,negative_correction,transaction[3]/transaction-date: 2025-03-31 -21954.82,unresolved,Correction meaning undocumented; no cancellation inferred,E_XML
DE-1-202168680,negative_correction,transaction[6]/transaction-date: 2025-03-31 -6679.04,unresolved,Correction meaning undocumented; no cancellation inferred,E_XML
DE-1-202168888,negative_correction,transaction[3]/transaction-date: 2025-03-31 -71147.00,unresolved,Correction meaning undocumented; no cancellation inferred,E_XML
DE-1-202169092,negative_correction,transaction[6]/transaction-date: 2026-03-31 -25052.56,unresolved,Correction meaning undocumented; no cancellation inferred,E_XML
DE-1-202236503,negative_correction,transaction[3]/transaction-date: 2026-03-31 -637.00,unresolved,Correction meaning undocumented; no cancellation inferred,E_XML
DE-1-202267029,negative_correction,transaction[10]/transaction-date: 2026-08-26 -344786.96,unresolved,Correction meaning undocumented; no cancellation inferred,E_XML
DE-1-202267045,negative_correction,transaction[3]/transaction-date: 2026-03-31 -2222.54,unresolved,Correction meaning undocumented; no cancellation inferred,E_XML
DE-1-202267342,negative_correction,transaction[3]/transaction-date: 2025-12-31 -955.98,unresolved,Correction meaning undocumented; no cancellation inferred,E_XML
DE-1-202267391,negative_correction,transaction[3]/transaction-date: 2025-09-30 -2837.47,unresolved,Correction meaning undocumented; no cancellation inferred,E_XML
DE-1-202267581,negative_correction,transaction[7]/transaction-date: 2026-03-31 -909819.59,unresolved,Correction meaning undocumented; no cancellation inferred,E_XML
DE-1-202268134,negative_correction,transaction[3]/transaction-date: 2025-09-30 -160.01,unresolved,Correction meaning undocumented; no cancellation inferred,E_XML
DE-1-202270163,negative_correction,transaction[3]/transaction-date: 2026-03-31 -252287.49,unresolved,Correction meaning undocumented; no cancellation inferred,E_XML
DE-1-202367399,negative_correction,transaction[4]/transaction-date: 2025-06-30 -40155.48,unresolved,Correction meaning undocumented; no cancellation inferred,E_XML
