line_id,No.,Name of Project,Location,Capacity,Expected commissioning year,Note,No,Name of plant/construction,Information/ Source/ Concept Note,"Project name, task group",Period,Source
vnm-rmp-2023-annex-i.1-1,1,Long Tao Hydropower plan,Dien Bien,44 MW,2021-2030,Decision No. 500/QD-TTg PDP8,,,,,,
vnm-rmp-2023-annex-i.1-2,2,Yen Son Hydropower plan,Tuyen Quang,90 MW,2021-2030,Decision No. 500/QD-TTg PDP8,,,,,,
vnm-rmp-2023-annex-i.1-3,3,Song Lo 6 Hydropower plan,Tuyen Quang,60 MW,2021-2030,Decision No. 500/QD-TTg PDP8,,,,,,
vnm-rmp-2023-annex-i.1-4,4,Song Lo 7 Hydropower plan,Tuyen Quang,36 MW,2021-2030,Decision No. 500/QD-TTg PDP8,,,,,,
vnm-rmp-2023-annex-i.1-5,5,Pac Ma Hydropower plan,Lai Chau,160 MW,2021-2030,Decision No. 500/QD-TTg PDP8,,,,,,
vnm-rmp-2023-annex-i.1-6,6,"Nam Cum 1,4,5 Hydropower plan",Lai Chau,95.8 MW,2021-2030,Decision No. 500/QD-TTg PDP8,,,,,,
vnm-rmp-2023-annex-i.1-7,7,"Nam Cum 2,3,6 Hydropower plan",Lai Chau,79.5 MW,2021-2030,Decision No. 500/QD-TTg PDP8,,,,,,
vnm-rmp-2023-annex-i.1-8,8,Hoi Xuan Hydropower plan,Thanh Hoa,102 MW,2021-2030,Decision No. 500/QD-TTg PDP8,,,,,,
vnm-rmp-2023-annex-i.1-9,9,Song Hieu (Ban Mong) Hydropower plan,Nghe An,45 MW,2021-2030,Decision No. 500/QD-TTg PDP8,,,,,,
vnm-rmp-2023-annex-i.1-10,10,Phu Tan 2 Hydropower plan,Dong Nai,93 MW,2021-2030,Decision No. 500/QD-TTg PDP8,,,,,,
vnm-rmp-2023-annex-i.1-11,11,Duc Thanh Hydropower plan,Binh Phuoc,40 MW,2021-2030,Decision No. 500/QD-TTg PDP8,,,,,,
vnm-rmp-2023-annex-i.1-12,12,La Ngau Hydropower plan,Binh Thuan,46 MW,2021-2030,Decision No. 500/QD-TTg PDP8,,,,,,
vnm-rmp-2023-annex-i.1-13,13,Thanh Son Hydropower plan,Dong Nai,40 MW,2021-2030,Decision No. 500/QD-TTg PDP8,,,,,,
vnm-rmp-2023-annex-i.1-14,14,Cam Thuy 2 Hydropower plan,Thanh Hoa,38 MW,2021-2030,Decision No. 500/QD-TTg PDP8,,,,,,
vnm-rmp-2023-annex-i.1-15,15,My Ly Hydropower plan,Nghe An,120 MW,2021-2030,Decision No. 500/QD-TTg PDP8,,,,,,
vnm-rmp-2023-annex-i.1-16,16,Nam Mo 1 Hydropower plan,Nghe An,51 MW,2021-2030,Decision No. 500/QD-TTg PDP8,,,,,,
vnm-rmp-2023-annex-i.1-17,17,Đak Mi 2 Hydropower plan,Kon Tum,147 MW,2021-2030,Decision No. 500/QD-TTg PDP8,,,,,,
vnm-rmp-2023-annex-i.1-18,18,Song Tranh 4 Hydropower plan,Quang Nam,48 MW,2021-2030,Decision No. 500/QD-TTg PDP8,,,,,,
vnm-rmp-2023-annex-i.1-19,19,Đak Mi 1 Hydropower plan,Kon Tum,84 MW,2021-2030,Decision No. 500/QD-TTg PDP8,,,,,,
vnm-rmp-2023-annex-i.1-20,20,Thuong Kon Tum Hydropower plan,Kon Tum,220 MW,2021-2030,Decision No. 500/QD-TTg PDP8,,,,,,
vnm-rmp-2023-annex-i.1-21,21,Thien Tan 1.4 Solar Farm,Ninh Thuan,79 MW,2030,Decision No. 500/QD-TTg PDP8,,,,,,
vnm-rmp-2023-annex-i.1-22,22,KN Tri An Floating Solar Farm,Dong Nai,928 MW,2030,Decision No. 500/QD-TTg PDP8,,,,,,
vnm-rmp-2023-annex-i.1-23,23,Buon Tua Srah Floating Solar Farm,,312 MW,2030,Decision No. 500/QD-TTg PDP8,,,,,,
vnm-rmp-2023-annex-i.1-24,24,Mi Floating Solar Farm,,80 MW,2030,Decision No. 500/QD-TTg PDP8,,,,,,
vnm-rmp-2023-annex-i.1-25,25,Ialy Gia Lai Floating Solar Farm,Gia Lai,400 MW,2030,Decision No. 500/QD-TTg PDP8,,,,,,
vnm-rmp-2023-annex-i.1-26,26,Vuc Mau Floating Solar Farm,Nghe An,160 MW,2030,Decision No. 500/QD-TTg PDP8,,,,,,
vnm-rmp-2023-annex-i.1-27,27,Khe Go Reservoir Floating Solar Farm,Nghe An,200 MW,2030,Decision No. 500/QD-TTg PDP8,,,,,,
vnm-rmp-2023-annex-i.1-28,28,Bio-fuel Manufacture in Northern region,,"100,000-200,000
ton per year",2021-2030,"Decision No. 893/QD-TTg
National energy master plan",,,,,,
vnm-rmp-2023-annex-i.1-29,29,Bio-fuel Manufacture in Central region,,"100,000-200,000
ton per year",2021-2030,"Decision No. 893/QD-TTg
National energy master plan",,,,,,
vnm-rmp-2023-annex-i.1-30,30,Bio-fuel Manufacture in Southern region,,"100,000-200,000
ton per year",2021-2030,"Decision No. 893/QD-TTg
National energy master plan",,,,,,
vnm-rmp-2023-annex-i.1-31,31,Bio-fuel Manufacture in Northern region,,"2,000,000-6,000,000
ton per year",2031-2050,"Decision No. 893/QD-TTg
National energy master plan",,,,,,
vnm-rmp-2023-annex-i.1-32,32,Bio-fuel Manufacture in Central region,,"1,000,000-4,000,000
ton per year",2031-2050,"Decision No. 893/QD-TTg
National energy master plan",,,,,,
vnm-rmp-2023-annex-i.1-33,33,Bio-fuel Manufacture in Southern region,,"2,000,000-8,000,000
ton per year",2031-2050,"Decision No. 893/QD-TTg
National energy master plan",,,,,,
vnm-rmp-2023-annex-i.1-34,34,"Projects belong to Transmission line de-
velopment program under National Power
Development Plan in 2021 - 2030",National,"- New development: 49.350 MVA,
Renovation: 38.168 MVA
transmission station 500 kV;
- New development: 12.300 km,
Revolution: 1.324 km transmission
line 500 kV;
- New development: 78.525 MVA,
Renovation: 34.997 MVA
transmission station 220 kV;
- New development 16.285 km,
Renovation: 6.484 km
transmission line 220 kV.",2030,Decision No. 500/QDD-TTg PDP8,,,,,,
vnm-rmp-2023-annex-i.1-35,35,"Develop infrastructure for electric vehi-
cles, including: electric charging system,
power supply, depot for vehicles.",National,-,2022 - 2030,"Decision No. 876/QD-TTg in
2022",,,,,,
vnm-rmp-2023-annex-i.1-36,36,"Convert and replace 244 locomotives and
80 generator cars to use electricity and
green energy",National,-,2031 - 2050,"Decision No. 876/QD-TTg in
2022",,,,,,
vnm-rmp-2023-annex-i.1-37,37,"Pilot project for the application of the
coal gasification technology, carbon
recovery and carbon capture under the
Red River basin coal seams (ouside of the
dike)","Thai Binh –
Nam Dinh",5 MW,2024 – 2030,"Resolution No. 10 NQ/TW;
Decision No. 888/QD-TTg dated
25/7/2022",,,,,,
vnm-rmp-2023-annex-i.2-1,,,TBD,,2023-2025,,1,"Pilot testing for 3-4 suitable coal-fired power plants (CFPPs)
with different characteristics to operate more flexibility and
integrate higher shares of renewable energy production.","IPG Danish Embassy - Technical CN
on Coal Power Plant Flexibility",,,
vnm-rmp-2023-annex-i.2-2,,,Thai Nguyen,115 MW,2028-2045,,2,"Transition of the Cao Ngan Coal-Thermal Power Plant to
100% biomass and establishing a biomass supply chain","UNDP-Institute of Energy - CN on
Transition of the Cao Ngan Coal-
Thermal Power Plant",,,
vnm-rmp-2023-annex-i.2-3,,,Lang Son,110 MW,2028 - 2045,,3,"Transition of the Na Duong Coal-Thermal Power Plant to
100% biomass and establishing a biomass supply chain","Vietnam National Coal - Mineral
Industries Holding Corporation
Limited - Proposal",,,
vnm-rmp-2023-annex-i.2-4,,,Quang Ninh,670 MW,2028 - 2045,,4,"Transition of the Cam Pha Coal-Thermal Power Plant to
100% biomass and establishing a biomass supply chain","Vietnam National Coal - Mineral
Industries Holding Corporation
Limited - Proposal",,,
vnm-rmp-2023-annex-i.2-5,,,Quang Ninh,440 MW,2028 - 2045,,5,"Transition of the Dong Trieu Coal-Thermal Power Plant to
100% biomass and establishing a biomass supply chain","Vietnam National Coal - Mineral
Industries Holding Corporation
Limited - Proposal",,,
vnm-rmp-2023-annex-i.2-6,,,Bac Giang,220 MW,2028 - 2045,,6,"Transition of the Son Dong Coal-Thermal Power Plant to
100% biomass and establishing a biomass supply chain","Vietnam National Coal - Mineral
Industries Holding Corporation
Limited - Proposal",,,
vnm-rmp-2023-annex-i.2-7,,,Quang Nam,30 MW,2028 - 2045,,7,"Transition of the Nong Son Coal-Thermal Power Plant to
100% biomass and establishing a biomass supply chain","Vietnam National Coal - Mineral
Industries Holding Corporation
Limited - Proposal",,,
vnm-rmp-2023-annex-i.2-8,,,"Pha Lai Ward,
Chi Linh
Town, Hai
Duong Prov-
ince",440 MW,2023-2045,,8,"Transitioning of the Pha Lai 1 Coal-Thermal Power Plant to
100% green hydrogen for 2 x 100 MW units if technology is
economically feasible and readily available","UNDP-Institute of Energy CN on
Transitioning of the Pha Lai Coal-
Thermal Power Plant",,,
vnm-rmp-2023-annex-i.2-9,,,"Pha Lai Ward,
Chi Linh
Town, Hai
Duong Prov-
ince",600 MW,2023-2045,,9,"Transitioning of the Pha Lai 2 Coal-Thermal Power Plant to
100% green ammonia through gradually shifting co-firing to
increasing GNH3 uptake","UNDP-Institute of Energy CN on
Transitioning of the Pha Lai Coal-
Thermal Power Plant",,,
vnm-rmp-2023-annex-i.2-10,,,"Phan Phong,
Nha Trang,
Khanh Hoa","1,000 MW",2024-2045,,10,"Transitioning of the Van Phong Coal-Thermal Power Plant
to partly biomass and building in Carbon Capture, Use, and
Storage (CCUS)","UNDP-Institute of Energy CN on
Transitioning of the Van Phong
Coal-Thermal Power Plant",,,
vnm-rmp-2023-annex-i.2-11,,,Tra Vinh,600 MW,,,11,Duyen Hai 1 Coal-Thermal Power Plant (ST Unit 1),"Standard Chartered Bank
(Viet Nam)",,,
vnm-rmp-2023-annex-i.2-12,,,Tra Vinh,600 MW,,,12,Duyen Hai 1 Coal-Thermal Power Plant (ST Unit 2),"Standard Chartered Bank
(Viet Nam)",,,
vnm-rmp-2023-annex-i.2-13,,,Hai Phong,300 MW,,,13,Hai Phong 2 Coal-Thermal Power Plant (ST Unit 2.1),"Standard Chartered Bank
(Viet Nam)",,,
vnm-rmp-2023-annex-i.2-14,,,Hai Phong,300 MW,,,14,Hai Phong 2 Coal-Thermal Power Plant (ST Unit 2.2),"Standard Chartered Bank
(Viet Nam)",,,
vnm-rmp-2023-annex-i.2-15,,,Quang Ninh,540 MW,,,15,Mong Duong 1 Coal-Thermal Power Plant (ST Unit 1),"Standard Chartered Bank
(Viet Nam)",,,
vnm-rmp-2023-annex-i.2-16,,,Quang Ninh,540 MW,,,16,Mong Duong 1 Coal-Thermal Power Plant (ST Unit 2),"Standard Chartered Bank
(Viet Nam)",,,
vnm-rmp-2023-annex-i.2-17,,,Quang Ninh,621 MW,,,17,Mong Duong 2 Coal-Thermal Power Plant (ST Unit 1),"Standard Chartered Bank
(Viet Nam)",,,
vnm-rmp-2023-annex-i.2-18,,,Quang Ninh,621 MW,,,18,Mong Duong 2 Coal-Thermal Power Plant (ST Unit 2),"Standard Chartered Bank
(Viet Nam)",,,
vnm-rmp-2023-annex-i.2-19,,,Thanh Hoa,300 MW,,,19,Nghi Son 1 Coal-Thermal Power Plant (ST Unit 1),"Standard Chartered Bank
(Viet Nam)",,,
vnm-rmp-2023-annex-i.2-20,,,Thanh Hoa,300 MW,,,20,Nghi Son 1 Coal-Thermal Power Plant (ST Unit 2),"Standard Chartered Bank
(Viet Nam)",,,
vnm-rmp-2023-annex-i.2-21,,,Quang Ninh,300 MW,,,21,Quang Ninh Coal-Thermal Power Plant (ST Unit 2.1),"Standard Chartered Bank
(Viet Nam)",,,
vnm-rmp-2023-annex-i.2-22,,,Quang Ninh,300,,,22,Quang Ninh Coal-Thermal Power Plant (ST Unit 2.2),"Standard Chartered Bank
(Viet Nam)",,,
vnm-rmp-2023-annex-i.2-23,,,Thai Binh,300 MW,,,23,Thai Binh 1 Coal-Thermal Power Plant (ST Unit 1),"Standard Chartered Bank
(Viet Nam)",,,
vnm-rmp-2023-annex-i.2-24,,,Thai Binh,300 MW,,,24,Thai Binh 1 Coal-Thermal Power Plant (ST Unit 2),"Standard Chartered Bank
(Viet Nam)",,,
vnm-rmp-2023-annex-i.2-25,,,Quang Ninh,300 MW,,,25,Thang Long Coal-Thermal Power Plant (ST Unit 1),"Standard Chartered Bank
(Viet Nam)",,,
vnm-rmp-2023-annex-i.2-26,,,Quang Ninh,300 MW,,,26,Thang Long Coal-Thermal Power Plant (ST Unit 2),"Standard Chartered Bank
(Viet Nam)",,,
vnm-rmp-2023-annex-i.2-27,,,Binh Thuan,620 MW,,,27,Vinh Tan 1 Coal-Thermal Power Plant (ST Unit 1),"Standard Chartered Bank
(Viet Nam)",,,
vnm-rmp-2023-annex-i.2-28,,,Binh Thuan,620 MW,,,28,Vinh Tan 1 Coal-Thermal Power Plant (ST Unit 2),"Standard Chartered Bank
(Viet Nam)",,,
vnm-rmp-2023-annex-i.2-29,,,Binh Thuan,622 MW,,,29,Vinh Tan 2 Coal-Thermal Power Plant (ST Unit 1),"Standard Chartered Bank
(Viet Nam)",,,
vnm-rmp-2023-annex-i.2-30,,,Binh Thuan,622 MW,,,30,Vinh Tan 2 Coal-Thermal Power Plant (ST Unit 2),"Standard Chartered Bank
(Viet Nam)",,,
vnm-rmp-2023-annex-i.2-31,,,Binh Thuan,600 MW,,,31,Vinh Tan 4 Coal-Thermal Power Plant (ST Unit 1),"Standard Chartered Bank
(Viet Nam)",,,
vnm-rmp-2023-annex-i.2-32,,,Binh Thuan,600 MW,,,32,Vinh Tan 4 Coal-Thermal Power Plant (ST Unit 2),"Standard Chartered Bank
(Viet Nam)",,,
vnm-rmp-2023-annex-i.2-33,,,Ha Tinh,600 MW,,,33,Vung Ang 1 Coal-Thermal Power Plant (ST Unit 1),"Standard Chartered Bank
(Viet Nam)",,,
vnm-rmp-2023-annex-i.2-34,,,Ha Tinh,600 MW,,,34,Vung Ang 1 Coal-Thermal Power Plant (ST Unit 2),"Standard Chartered Bank
(Viet Nam)",,,
vnm-rmp-2023-annex-i.2-35,,,,"49,9 +130 MW",2030,,35,Dai Ninh Floating Solar Farm,PDP8-Technical Report,,,
vnm-rmp-2023-annex-i.2-36,,,,200 MW,2030,,36,Thac Mo 1 Floating Solar Farm,PDP8-Technical Report,,,
vnm-rmp-2023-annex-i.2-37,,,,150 MW,2030,,37,Thac Mo 2 Floating Solar Farm,PDP8-Technical Report,,,
vnm-rmp-2023-annex-i.2-38,,,,50 MW,2030,,38,Solar Farm on the Srepok 3 hydropower reservoir,PDP8-Technical Report,,,
vnm-rmp-2023-annex-i.2-39,,,,325 MW,2030,,39,Ham Thuan Floating Solar Farm,PDP8-Technical Report,,,
vnm-rmp-2023-annex-i.2-40,,,Binh Dinh,160 MW,2030,,40,"Phu My 1, 2, 3 Solar Farm Project",VietinBank,,,
vnm-rmp-2023-annex-i.2-41,,,Phu Yen,50 MW,2030,,41,Thanh Long Phu Yen Solar Farm Project,VietinBank,,,
vnm-rmp-2023-annex-i.2-42,,,Phu Yen,50 MW,2030,,42,Europlast Phu Yen Solar Farm Project,VietinBank,,,
vnm-rmp-2023-annex-i.2-43,,,"Binh Duong,
Dong Nai",36 MW,2030,,43,"BWID DPPA Solar Farm Project in industrial park in Binh
Duong, Dong Nai",VietinBank,,,
vnm-rmp-2023-annex-i.2-44,,,"Hai Phong,
Nghe An,
Binh Duong",22 MW,2030,,44,DPPA Rooftop Solar plant in VSIP industrial park,VietinBank,,,
vnm-rmp-2023-annex-i.2-45,,,"Southern
Region",49 MW,2030,,45,TTC Hue Duc 2 Solar Farm,Standard Chartered (Viet Nam),,,
vnm-rmp-2023-annex-i.2-46,,,Binh Duong,50 MW,2024-2030,,46,"LEGO Corporation Solar Farm next to Viet Nam LEGO Manu-
facture, capacity testing for BESS application",LEGO,,,
vnm-rmp-2023-annex-i.2-47,,,"Provinces
and Cities",20 MW,2025 - 2030,,47,"Investment project on rooftop solar panel installation in
more than 2.700 Petrolimex gasoil stations, 43 company
offices and more that 30 petroleum warehouses","Vietnam National Petroleum Group
– Petrolimex (PLX)",,,
vnm-rmp-2023-annex-i.2-48,,,Tay Ninh,450 MW,2024,,48,Dau Tieng 5 Solar Power Plant,BIDV,,,
vnm-rmp-2023-annex-i.2-49,,,Ha Noi,,2024-2026,,49,Rooftop Solar plant,BIDV,,,
vnm-rmp-2023-annex-i.2-50,,,"Ba Ria-
Vung Tau",3 MW,2024-2026,,50,"Rooftop solar power system belongs to Saigon Steel Pipe
Factory project",BIDV,,,
vnm-rmp-2023-annex-i.2-51,,,"VSIP
industrial
park",,2023-2030,,51,Rooftop Solar plant in VSIP industrial park,BIDV,,,
vnm-rmp-2023-annex-i.2-52,,,,42 MW,2030,,52,V.P.L Ben Tre Solar Farm,PDP8-Technical Report,,,
vnm-rmp-2023-annex-i.2-53,,,,32 MW,2030,,53,Thuan Nhien Phong wind power Famr,PDP8-Technical Report,,,
vnm-rmp-2023-annex-i.2-54,,,,150 MW,2030,,54,Tan Phu Dong Windpower Farm,PDP8-Technical Report,,,
vnm-rmp-2023-annex-i.2-55,,,,145 MW,2030,,55,Yang Trung Windpower Farm,PDP8-Technical Report,,,
vnm-rmp-2023-annex-i.2-56,,,,50 MW,2030,,56,Xanh Song Cau Windpower Farm – Phase 1,PDP8-Technical Report,,,
vnm-rmp-2023-annex-i.2-57,,,,25.2 MW,2030,,57,Vien An Windpower Farm (remain part without COD),PDP8-Technical Report,,,
vnm-rmp-2023-annex-i.2-58,,,,50 MW,2030,,58,TNC Quang Tri 1 Windpower Farm,PDP8-Technical Report,,,
vnm-rmp-2023-annex-i.2-59,,,,50 MW,2030,,59,TNC Quang Tri 2 Windpower Farm,PDP8-Technical Report,,,
vnm-rmp-2023-annex-i.2-60,,,,30 MW,2030,,60,Thien Phu 2 Windpower Farm,PDP8-Technical Report,,,
vnm-rmp-2023-annex-i.2-61,,,,30 MW,2030,,61,Thien Phu Windpower Farm,PDP8-Technical Report,,,
vnm-rmp-2023-annex-i.2-62,,,,120 MW,2030,,62,Thach Phu Windpower Farm,PDP8-Technical Report,,,
vnm-rmp-2023-annex-i.2-63,,,,29.7 MW,2030,,63,Thanh Phong Windpower Farm – Phase 1,PDP8-Technical Report,,,
vnm-rmp-2023-annex-i.2-64,,,,50 MW,2030,,64,Tan Tan Nhat – Dak Glei Windpower Farm,PDP8-Technical Report,,,
vnm-rmp-2023-annex-i.2-65,,,,38 MW,2030,,65,Tan Hop Windpower Farm,PDP8-Technical Report,,,
vnm-rmp-2023-annex-i.2-66,,,,45 MW,2030,,66,Tan An 1 Windpower Farm – Phase 2021-2025,PDP8-Technical Report,,,
vnm-rmp-2023-annex-i.2-67,,,,29.4 MW,2030,,67,Sunpro Windpower Farm,PDP8-Technical Report,,,
vnm-rmp-2023-annex-i.2-68,,,,46.2 MW,2030,,68,Song An Windpower Farm,PDP8-Technical Report,,,
vnm-rmp-2023-annex-i.2-69,,,,88.2 MW,2030,,69,No. 7 Windpower Farm – Phase 2,PDP8-Technical Report,,,
vnm-rmp-2023-annex-i.2-70,,,,30 MW,2030,,70,No. 5 Windpower Farm - Thach Hai 4,PDP8-Technical Report,,,
vnm-rmp-2023-annex-i.2-71,,,,30 MW,2030,,71,No. 5 Windpower Farm - Thach Hai 3,PDP8-Technical Report,,,
vnm-rmp-2023-annex-i.2-72,,,,28 MW,2030,,72,No. 5 Windpower Farm - Thach Hai 2,PDP8-Technical Report,,,
vnm-rmp-2023-annex-i.2-73,,,,29.4 MW,2030,,73,Soc Trang (V2-1) No. 3 Windpower Farm,PDP8-Technical Report,,,
vnm-rmp-2023-annex-i.2-74,,,,50 MW,2030,,74,Ben Tre No. 20 Windpower Farm,PDP8-Technical Report,,,
vnm-rmp-2023-annex-i.2-75,,,,30 MW,2030,,75,Soc Trang No. 2 Windpower Farm,PDP8-Technical Report,,,
vnm-rmp-2023-annex-i.2-76,,,,50 MW,2030,,76,Ben Tre No. 19 Windpower Farm,PDP8-Technical Report,,,
vnm-rmp-2023-annex-i.2-77,,,,22 MW,2030,,77,Soc Trang No. 18 Windpower Farm,PDP8-Technical Report,,,
vnm-rmp-2023-annex-i.2-78,,,,26 MW,2030,,78,Phuoc The Windpower Farm,PDP8-Technical Report,,,
vnm-rmp-2023-annex-i.2-79,,,,30 MW,2030,,79,Phong Dien 1 – Binh Thuan Windpower Farm – Phase 2,PDP8-Technical Report,,,
vnm-rmp-2023-annex-i.2-80,,,,50 MW,2030,,80,Windpower Farm for the mountainous development,PDP8-Technical Report,,,
vnm-rmp-2023-annex-i.2-81,,,,30 MW,2030,,81,Nhon Hoi Windpower Farm – Phase 2,"PDP8-Technical Report, Vietinbank",,,
vnm-rmp-2023-annex-i.2-82,,,,50 MW,2030,,82,"Nexif Energy Ben Tre Windpower Farm – Phase 2, 3","PDP8-Technical Report, BIDV",,,
vnm-rmp-2023-annex-i.2-83,,,,30 MW,2030,,83,Nexif Energy Ben Tre Windpower Farm,"PDP8-Technical Report, BIDV",,,
vnm-rmp-2023-annex-i.2-84,,,,30 MW,2030,,84,Nam Binh 1 Windpower Farm,PDP8-Technical Report,,,
vnm-rmp-2023-annex-i.2-85,,,,48 MW,2030,,85,Lig Huong Hoa 2 Windpower Farm,PDP8-Technical Report,,,
vnm-rmp-2023-annex-i.2-86,,,,48 MW,2030,,86,Lig Huong Hoa 1 Windpower Farm,PDP8-Technical Report,,,
vnm-rmp-2023-annex-i.2-87,,,,30 MW,2030,,87,Lac Hoa Windpower Farm,PDP8-Technical Report,,,
vnm-rmp-2023-annex-i.2-88,,,,50 MW,2030,,88,Krong Buk 2 Windpower Farm,PDP8-Technical Report,,,
vnm-rmp-2023-annex-i.2-89,,,,50 MW,2030,,89,Krong Buk 1 Windpower Farm,PDP8-Technical Report,,,
vnm-rmp-2023-annex-i.2-90,,,,50 MW,2030,,90,Ia Pech 2 Windpower Farm,PDP8-Technical Report,,,
vnm-rmp-2023-annex-i.2-91,,,,30 MW,2030,,91,Huong Linh 4 Windpower Farm,PDP8-Technical Report,,,
vnm-rmp-2023-annex-i.2-92,,,,30 MW,2030,,92,Huong Linh 3 Windpower Farm,PDP8-Technical Report,,,
vnm-rmp-2023-annex-i.2-93,,,,19.8 MW,2030,,93,Hoa Thang 2.2 Windpower Farm,PDP8-Technical Report,,,
vnm-rmp-2023-annex-i.2-94,,,,100 MW,2030,,94,Hoa Thang 2.1 Windpower Farm,PDP8-Technical Report,,,
vnm-rmp-2023-annex-i.2-95,,,,30 MW,2030,,95,Hoa Dong Windpower Farm,PDP8-Technical Report,,,
vnm-rmp-2023-annex-i.2-96,,,,120 MW,2030,,96,HBRE Ha Tinh Windpower Farm,"PDP8-Technical Report, Vietinbank",,,
vnm-rmp-2023-annex-i.2-97,,,,40 MW,2030,,97,Hai Anh Windpower Farm,"PDP8-Technical Report, Vietinbank",,,
vnm-rmp-2023-annex-i.2-98,,,,48 MW,2030,,98,Duyen Hai (V1-4) Windpower Farm,PDP8-Technical Report,,,
vnm-rmp-2023-annex-i.2-99,,,,100 MW,2030,,99,Dak N’Drung 3 Windpower Farm,PDP8-Technical Report,,,
vnm-rmp-2023-annex-i.2-100,,,,100 MW,2030,,100,Dak N’Drung 2 Windpower Farm,PDP8-Technical Report,,,
vnm-rmp-2023-annex-i.2-101,,,,100 MW,2030,,101,Dak N’Drung 1 Windpower Farm,PDP8-Technical Report,,,
vnm-rmp-2023-annex-i.2-102,,,,50 MW,2030,,102,Cu Ne 2 Windpower Farm,PDP8-Technical Report,,,
vnm-rmp-2023-annex-i.2-103,,,,50 MW,2030,,103,Cu Ne 1 Windpower Farm,PDP8-Technical Report,,,
vnm-rmp-2023-annex-i.2-104,,,,30 MW,2030,,104,Cong Ly Soc Trang Windpower Farm – Phase 1,PDP8-Technical Report,,,
vnm-rmp-2023-annex-i.2-105,,,,50 MW,2030,,105,Tay Nguyen Processing Windpower Farm,PDP8-Technical Report,,,
vnm-rmp-2023-annex-i.2-106,,,,68 MW,2030,,106,Cau Dat Windpower Farm,PDP8-Technical Report,,,
vnm-rmp-2023-annex-i.2-107,,,,86 MW,2030,,107,Ca Mau 1D Windpower Farm,PDP8-Technical Report,,,
vnm-rmp-2023-annex-i.2-108,,,,88 MW,2030,,108,Ca Mau 1C Windpower Farm,PDP8-Technical Report,,,
vnm-rmp-2023-annex-i.2-109,,,,88 MW,2030,,109,Ca Mau 1B Windpower Farm,PDP8-Technical Report,,,
vnm-rmp-2023-annex-i.2-110,,,,88 MW,2030,,110,Ca Mau 1A Windpower Farm,PDP8-Technical Report,,,
vnm-rmp-2023-annex-i.2-111,,,,140.6 MW,2030,,111,Bac Lieu Windpower Farm – Phase 3,PDP8-Technical Report,,,
vnm-rmp-2023-annex-i.2-112,,,,50 MW,2030,,112,Asia Dak Song 1 Windpower Farm,PDP8-Technical Report,,,
vnm-rmp-2023-annex-i.2-113,,,Gia Lai,"47,2 MW has
COD; 52,8 MW
has not COD",2030,,113,Yale 1 Windpower Farm,"PDP8-Technical Report, Vietinbank",,,
vnm-rmp-2023-annex-i.2-114,,,Gia Lai,100 MW,2030,,114,IA Pet - Dak Doa 2 Windpower Farm,PDP8-Technical Report,,,
vnm-rmp-2023-annex-i.2-115,,,Gia Lai,100 MW,2030,,115,IA Pet - Dak Doa 1 Windpower Farm,PDP8-Technical Report,,,
vnm-rmp-2023-annex-i.2-116,,,Tra Vinh,200 MW,2030,,116,"Tra Vinh 1, 2 Windpower Farm Project",Standard Chartered (Viet Nam),,,
vnm-rmp-2023-annex-i.2-117,,,Ca Mau,300 MW,2030,,117,"Ca Mau 1,2,3 Windpower Farm Project",Standard Chartered (Viet Nam),,,
vnm-rmp-2023-annex-i.2-118,,,Gia Lai,105.5 MW,2030,,118,Cho Long Windpower Farm Project,PDP8-Technical Report,,,
vnm-rmp-2023-annex-i.2-119,,,Soc Trang,5 MW,2030,,119,Lac Hoa Windpower Farm Project – Phase 1,PDP8-Technical Report,,,
vnm-rmp-2023-annex-i.2-120,,,Gia Lai,33.5 MW,2030,,120,Ie Pech Windpower Farm Project,PDP8-Technical Report,,,
vnm-rmp-2023-annex-i.2-121,,,Ca Mau,100 MW,2030,,121,Khai Long - Ca Mau Windpower Farm Project - Phase 1,PDP8-Technical Report,,,
vnm-rmp-2023-annex-i.2-122,,,Binh Dinh,3200 MW,2025-2027,,122,Binh Dinh Offshore windpower Farm Project,BIDV,,,
vnm-rmp-2023-annex-i.2-123,,,Ca Mau,30 MW,2023-2025,,123,Tan An 1 Windpower Farm Project,BIDV,,,
vnm-rmp-2023-annex-i.2-124,,,Quang Tri,48 MW,2030,,124,Lien Lap Windpower Farm Project,VietinBank,,,
vnm-rmp-2023-annex-i.2-125,,,Quang Tri,48 MW,2030,,125,Phong Huy Windpower Farm Project,VietinBank,,,
vnm-rmp-2023-annex-i.2-126,,,Quang Tri,48 MW,2030,,126,Phong Nguyen Windpower Farm Project,VietinBank,,,
vnm-rmp-2023-annex-i.2-127,,,Dak Nong,660 MW,2026-2027,,127,Dak Nong Offshore windpower Farm Project,"Total Energies Renewables
Corporation và Viet Phuong
Corporation",,,
vnm-rmp-2023-annex-i.2-128,,,Ben Tre,30 MW,-,,128,Binh Đai Offshore windpower Farm Project,BIDV,,,
vnm-rmp-2023-annex-i.2-129,,,Ben Tre,30 MW,-,,129,Binh Đai 2 Offshore windpower Farm Project,BIDV,,,
vnm-rmp-2023-annex-i.2-130,,,Ben Tre,30 MW,-,,130,Binh Đai 3 Offshore windpower Farm Project,BIDV,,,
vnm-rmp-2023-annex-i.2-131,,,"Vung Tau/
Phu My",130 MW,2024-2030,,131,Offshore windpower Farm and Green hydrogen Manufacture,GIZ,,,
vnm-rmp-2023-annex-i.2-132,,,Quang Ninh,3.000 MW,2029-2035,,132,Quang Ninh Offshore windpower Farm Project,SOVICO - BP,,,
vnm-rmp-2023-annex-i.2-133,,,Hai Phong,3.000 MW,2029-2035,,133,Hai Phong Windpower offshore Farm Project,SOVICO - BP,,,
vnm-rmp-2023-annex-i.2-134,,,Ben Tre,500MW,2023-2025,,134,Ben Tre 500MW Offshore windpower Farm Project,Mainstream AIT Corporation,,,
vnm-rmp-2023-annex-i.2-135,,,Binh Thuan,3.000 MW,2030-2035,,135,"Binh Thuan Offshore windpower Farm Project, connect at
Vinh Tan",BP,,,
vnm-rmp-2023-annex-i.2-136,,,Binh Thuan,3.400 MW,2029,,136,"Nhà máy điện gió ngoài khơi Thăng Long Offshore windpow-
er Farm Project includes transmission line from Ham Thuan
Nam (Binh Thuan) to Long Thanh (Dong Nai), heading to
Binh Duong","Enterprize Energy
Pte. Corporation Ltd",,,
vnm-rmp-2023-annex-i.2-137,,,Binh Thuan,2.000 MW,2029,,137,Thang Long Wind 2 Offshore windpower Farm,"Enterprize Energy
Pte. Corporation Ltd",,,
vnm-rmp-2023-annex-i.2-138,,,"Hai Phong,
Quang Ninh",100 MW,2023-2030,,138,"DEEP C Industrial Park combines Solar, windpower energy
and storage",DEEP C.,,,
vnm-rmp-2023-annex-i.2-139,,,Ca Mau,"~1,095 tGH2
per year",2024-2025,,139,"Pilot Green Ammonia and Hydrogen Initiative to Enable
Production (GAHIEP) at a Fertilizer Producer and Enhance
Resilience of Smallholder Agriculture in Cà Mau Province,
Viet Nam - Promoting the development and application of
green hydrogen and ammonia as well as regulatory/policy
development of GH2",UNDP,,,
vnm-rmp-2023-annex-i.2-140,,,National,-,2030,,140,"Green hydrogen production pilot project in Viet Nam,
infrastructure investment engineering (tanks, warehouses,
transportation fleets, gas pipelines, distribution stations,
hydrogen filling, etc.);","Vietnam National Petroleum Group
– Petrolimex (PLX)",,,
vnm-rmp-2023-annex-i.2-141,,,National,-,2030,,141,"Pilot construction of centres/facilities for the production of
specialized equipment for hydrogen transportation, storage
and distribution;","Vietnam National Petroleum Group
– Petrolimex (PLX)",,,
vnm-rmp-2023-annex-i.2-142,,,National,-,2030,,142,"Building a pilot hydrogen distribution station integrating
into Petrolimex petroleum stations to supply hydrogen buses
in the immediate future;","Vietnam National Petroleum Group
– Petrolimex (PLX)",,,
vnm-rmp-2023-annex-i.2-143,,,Tra Vinh,-,2024 - 2027,,143,Tra Vinh Green hydrogen Project,Standard Chartered (Viet Nam),,,
vnm-rmp-2023-annex-i.2-144,,,"3 potential
sites identi-
fied: Phu Quy
Island, Phu
Quoc Island,
At a site rec-
ommended by
PTSC",-,2023-2028,,144,"Development of hybrid power plant of renewable energy
combined with hydrogen and battery storage.",HDF Energy Company,,,
vnm-rmp-2023-annex-i.2-145,,,"Vung Tau/
Phu My","400 MW PV
and 100 MW
Electrolyzer",2024-2030,,145,PVN Fertilizer Plant Solar + Electrolyzer,GIZ,,,
vnm-rmp-2023-annex-i.2-146,,,"Ca Mau/ Can
Tho","400 MW PV
and 100 MW
Electrolyzer",2024-2030,,146,PVN Fertilizer Plant Solar + Electrolyzer,GIZ,,,
vnm-rmp-2023-annex-i.2-147,,,Nam Dinh,"2,000,000 TPA",-,,147,Xuan Thien Nghia Hung Green Steel Factory Project,Xuan Thien Group,,,
vnm-rmp-2023-annex-i.2-148,,,Nam Dinh,"7,500,000 TPA",-,,148,Xuan Thien Nam Green Steel Factory No. 1 Project,Xuan Thien Group,,,
vnm-rmp-2023-annex-i.2-149,,,"Vung Tau/Phy
My","8 MW PV / 2
MW electro-
lyzer",2024-2030,,149,"Renewable energy for glass manufacturer Solar + Electro-
lyzer",GIZ,,,
vnm-rmp-2023-annex-i.2-150,,,"Vung Tau/Phy
My","80 MW PV/20
MW electro-
lyzer",2024-2030,,150,"Renewable energy for various companies such as NSG (float
glass) and Nippon Sanso (industrial gas)",GIZ,,,
vnm-rmp-2023-annex-i.2-151,,,"Ho Chi Minh
City/ Binh
Duong","80 MW PV/20
MW electro-
lyzer",2024-2030,,151,"Renewable energy for various companies such as
semiconductor manufacturing and Air Liquide (industrial
gas).",GIZ,,,
vnm-rmp-2023-annex-i.2-152,,,"Ho Chi Minh
City","3.000 ton per
day",-,,152,Waste to Energy Power Plant,Standard Chartered (Viet Nam),,,
vnm-rmp-2023-annex-i.2-153,,,Phu Yen,"270.000 ton
per year",-,,153,Baigoc Ammonia Complex,Standard Chartered (Viet Nam),,,
vnm-rmp-2023-annex-i.2-154,,,Can Tho,1.050,2026-2027,,154,LNG O Mon II Project,VietinBank,,,
vnm-rmp-2023-annex-i.2-155,,,National,-,2024-2025,,155,Establish and operate Credit Enhancement Facility (CEF),UK,,,
vnm-rmp-2023-annex-i.2-156,,,Quang Ninh,-,2023 - 2025,,156,"Project to utilize residual heat to generate electricity - Lam
Thach Cement Plant",BIDV,,,
vnm-rmp-2023-annex-i.2-157,,,Thai Binh,-,2023 - 2025,,157,Investment project for solar panel manufacturing factory,BIDV,,,
vnm-rmp-2023-annex-i.2-158,,,,"8,6 MW",2024,,158,EaTih Hydropower Project,BIDV,,,
vnm-rmp-2023-annex-i.2-159,,,"Ha Tinh, Tra
Vinh",-,2030,,159,"South-East Asia Link Project to reduce transmission loss and
increase transmission capacity in North – South",Electricité de France (EDF),,,
vnm-rmp-2023-annex-i.2-160,,,"Northern Viet
Nam","50MW/
50MWh",2023 ~ 2025,,160,"Northern battery energy storage system development –
Phase 1",ADB,,,
vnm-rmp-2023-annex-i.2-161,,,"Northern Viet
Nam","100MW/
200MWh",2026 ~ 2030,,161,"Northern battery energy storage system development –
Phase 2",ADB,,,
vnm-rmp-2023-annex-i.2-162,,,"Southern Viet
Nam","150MW/
300MWh",2031 - 2050,,162,Southern battery energy storage system development,ADB,,,
vnm-rmp-2023-annex-i.2-163,,,Son La,1.200,2031 - 2050,,163,"Development of Dong Phu Yen pumped storage hydropower
plant",ADB,,,
vnm-rmp-2023-annex-i.2-164,,,Son La,1.000,2031 - 2050,,164,"Development of Tay Phu Yen pumped storage hydropower
plant",ADB,,,
vnm-rmp-2023-annex-i.2-165,,,Son La,900,2031 - 2050,,165,"Development of Moc Chau pumped storage hydropower
plant",ADB,,,
vnm-rmp-2023-annex-i.2-166,,,Thanh Hoa,1.000,2031 - 2050,,166,"Development of Chau Thon pumped storage hydropower
plant",ADB,,,
vnm-rmp-2023-annex-i.2-167,,,Lam Đong,1.200,2031 - 2050,,167,"Development of Don Duong pumped storage hydropower
plant",ADB,,,
vnm-rmp-2023-annex-i.2-168,,,Ninh Thuan,1.200,2031 - 2050,,168,Development of Ninh Son pumped storage hydropower plant,ADB,,,
vnm-rmp-2023-annex-i.2-169,,,Binh Thuan,1.200,2031 - 2050,,169,"Development of Ham Thuan Bac pumped storage
hydropower plant",ADB,,,
vnm-rmp-2023-annex-i.2-170,,,Ninh Thuan,3.600,2031 - 2050,,170,"Development of Phuoc Hoa pumped storage hydropower
plant",ADB,,,
vnm-rmp-2023-annex-i.2-171,,,Binh Thuan,150 MW,2025-2028,,171,Phong Phu pumped storage hydropower plant project,"Ecotech Vietnam Technology
Investment and Trading Joint Stock
Company",,,
vnm-rmp-2023-annex-i.2-172,,,National,-,2023-2025,,172,Smart and Energy Efficiency city Project (SEECP),ADB Proposal,,,
vnm-rmp-2023-annex-i.2-173,,,"National, and
in Ha Noi,
Ho Chi Minh,
and Da Nang
cities",-,2024-2027,,173,"Energy efficiency and electrification in administrative,
commercial, and residential buildings","MOC-MOIT-UNDP and City people’s
Committees",,,
vnm-rmp-2023-annex-i.2-174,,,National,-,2024-2030,,174,Scaling up co-processing in cement sector in Vietnam,Norway Embassy Proposal,,,
vnm-rmp-2023-annex-i.2-175,,,Quang Ngai,-,2024-2026,,175,"Installing 110/22 kV power lines and stations, using part of
the EVN grid to operate Dung Quat oil refinery",Viet Nam Oil and Gas Group -(PVN),,,
vnm-rmp-2023-annex-i.2-176,,,Vung Tau,-,2024-2026,,176,"Additional power capacity for Block 09-1 with wind turbines,
serving the needs of oil and gas exploitation",Viet Nam Oil and Gas Group -(PVN),,,
vnm-rmp-2023-annex-i.2-177,,,National,"500 Grade
3 charging
stations",2025-2030,,177,"Investment project in electric charging station system
providing charging services for electric cars of different
brands – Phase 1","Vietnam National Petroleum Group
– Petrolimex (PLX)",,,
vnm-rmp-2023-annex-i.2-178,,,National,"500 Grade
3 charging
stations",2030,,178,"Investment project in electric charging station system pro-
viding charging services for electric cars of different brands
– Phase 2","Vietnam National Petroleum Group
– Petrolimex (PLX)",,,
vnm-rmp-2023-annex-i.2-179,,,"Ca Mau/
Can Tho",-,2024-2030,,179,"Several heavy-duty trucks and corresponding hydrogen
refueling stations to connect in order to demonstrate
heavy-duty road transport",GIZ Proposal,,,
vnm-rmp-2023-annex-i.2-180,,,National,-,-,,180,"Build laboratories for new products such as hydrogen,
biofuel, synthetic fuel, etc.","Vietnam National Petroleum Group
– Petrolimex (PLX)",,,
vnm-rmp-2023-annex-i.2-181,,,National,-,2022-2030,,181,"Support the development of a database that is integrated
and synchronized with the national database system on
greenhouse gas emission reduction","Decision 896/QD-TTg:
National Climate Change Strategy",,,
vnm-rmp-2023-annex-ii-1,1,,,,,JETP Political Declaration,,,,"Technical support for the Secretariat to implement the JETP
Declaration, the Secretariat’s standing agency and working
groups supporting JETP implementation",2023-2030,"Grant ODA, and
support from
GFANZ and other
stakeholders"
vnm-rmp-2023-annex-ii-2,2,,,,,"Decision
1009/QD-TTg: Scheme to Implement the
JETP Declaration",,,,"Support the review of relevant legal documents and propose
to competent authorities to amend, supplement, abolish or
promulgate new regulations, ensuring compliance with the
process of implementing the JETP Declaration",2023-2030,"Grant ODA, and
support from
GFANZ and other
stakeholders"
vnm-rmp-2023-annex-ii-3,3,,,,,"Decision
1009/QD-TTg: Scheme to Implement the
JETP Declaration",,,,"Support research and propose a roadmap to build and
complete a long-term legal framework in accordance with
the roadmap to achieve net zero emissions and meet the
requirements of low-emission development, transition from
exploitation and use of fossil fuel to renewable energy or
low-emission energy",2024-2025,"Grant ODA, and
support from
GFANZ and other
stakeholders"
vnm-rmp-2023-annex-ii-4,4,,,,,"Decision
1009/QD-TTg: Scheme to Implement the
JETP Declaration",,,,"Support the development and completion of regulations to
create conditions for businesses implementing energy
transition projects to directly access financial resources from
international support sources without government
guarantees.",2024-2025,"Grant ODA, and
support from
GFANZ and other
stakeholders"
vnm-rmp-2023-annex-ii-5,5,,,,,MOF proposal,,,,"Conduct impact assessment for JETP implementation on Viet
Nam’s public finance.",2022-2025,"Grant ODA, and
support from
GFANZ and other
stakeholders"
vnm-rmp-2023-annex-ii-6,6,,,,,"Decree 06/2022/ND-CP,
National Climate Change Strategy,
Green Growth Action Plan",,,,"Complete the measurement, reporting, verification (MRV)
system and conduct greenhouse gas inventories at facility,
sector and area levels.",2022-2030,"State Budget,
grant ODA
business capital
and other
support sources"
vnm-rmp-2023-annex-ii-7,7,,,,,"Decison 882/QD-TTg:
National Green Growth Strategy",,,,"Support proposals to develop reasonable price and fee
mechanisms for shared energy infrastructure (power
transmission lines, gas pipelines, liquefied natural gas
warehouses...).",2022-2025,"State Budget,
grant ODA"
vnm-rmp-2023-annex-ii-8,8,,,,,"Decision 1009/QD-TTg:
Scheme to Implement the JETP Declaration",,,,"Support reviewing, proposing the development and completion
of incentive policies and support for disadvantaged groups and
groups negatively affected by employment during the energy
transition process.",2022-2025,"State Budget,
grant ODA"
vnm-rmp-2023-annex-ii-9,9,,,,,"Decision 882/QD-TTg:
National Green Growth Strategy 2021-2030",,,,"Support the construction, establishment and operation of a
domestic carbon credit exchange and connect with the world
carbon market",2022-2030,"State Budget,
grant ODA"
vnm-rmp-2023-annex-ii-10,10,,,,,"GIZ- Concept Note
Decision 896/QD-TTg:
National Climate Change Strategy to 2050",,,,"Support the proposal and implementation of measures to
promote economic restructuring towards long-term carbon
neutrality beyond fossil fuel-based growth",2024-2030,"German
Government"
vnm-rmp-2023-annex-ii-11,11,,,,,IPG proposal,,,,"Support the development and implementation of the Green
Hydrogen Development in Viet Nam",2024-2030,Grant ODA
vnm-rmp-2023-annex-ii-12,12,,,,,"Decision 1009/QD-TTg:
Scheme to Implement the JETP Declaration",,,,"Negotiate the suspension of investment in coal-fired power
plants that are behind schedule and facing difficulties in
changing shareholders and arranging capital; negotiate the
closure of inefficient and old coal-fired power plants",2023-2030,"Grant ODA, and
support from
GFANZ and
other
stakeholders"
vnm-rmp-2023-annex-ii-13,13,,,,,"Decision 1009/QD-TTg:
Scheme to Implement the JETP Declaration",,,,"Develop a roadmap to reduce greenhouse gas emissions from
coal-fired power plants in sync with the carbon market
development roadmap in Vietnam, connecting with the global
carbon market.",2023-2030,"Grant ODA, and
support from
GFANZ and
other
stakeholders"
vnm-rmp-2023-annex-ii-14,14,,,,,IPG proposal,,,,"Select coal power plants to pilot energy conversion to learn from
experiences and propose a roadmap to apply to other coal power
plants through the JETP Flexible Platform",2026-2028,"IPG, and other
Development
Partners"
vnm-rmp-2023-annex-ii-15,15,,,,,"Decision 1009/QD-TTg:
Scheme to Implement the JETP Declaration",,,,"Research and develop proposed mechanisms to support
domestic enterprises in developing, manufacturing, and
maintaining renewable energy equipment",2023-2030,"Grant ODA, and
support from
GFANZ and
other
stakeholders"
vnm-rmp-2023-annex-ii-16,16,,,,,"Decision 1009/QD-TTg:
Scheme to Implement the JETP Declaration",,,,"Research and develop two inter-regional renewable energy
industrial and service centres, including electricity production,
transmission and consumptionrenewable energy equipment
manufacturing industry, construction, installation, related
services, building renewable energy industrial ecosystems in
areas with great potential such as the North, South Central,
and South.",2024-2025,"Grant ODA, and
support from
GFANZ and
other
stakeholders"
vnm-rmp-2023-annex-ii-17,17,,,,,,,,,"Support the development and implementation of the project to
establish the National Renewable Energy Center the
development of renewable energy industry.",2024-2030,"Grant ODA, state
budget,
corporate
capital and
other sources"
vnm-rmp-2023-annex-ii-18,18,,,,,"Decision 280/QD-TTg:
National Energy Efficiency Programme",,,,Research and establish the Vietnam Energy Data Center.,2025-2030,"State Budget,
and other
support sources"
vnm-rmp-2023-annex-ii-19,19,,,,,"Decision 1009/QĐ-TTg:
Scheme to Implement the JETP Declaration",,,,"Develop and implement regulations on renewable energy ratio
for electric distribution organizations, combined with building
renewable energy credit markets",2023-2025,"Grant ODA, and
support from
GFANZ and
other
stakeholders"
vnm-rmp-2023-annex-ii-20,20,,,,,Petrovietnam,,,,Develop a map of potential off-shore wind in Vietnam,2024-2027,"Grant ODA, and
support from
GFANZ and
other
stakeholders"
vnm-rmp-2023-annex-ii-21,21,,,,,IPG proposal,,,,"Develop and implement the Offshore Wind Power Development
Support Program",2024-2030,"Federal Republic
of Germany"
vnm-rmp-2023-annex-ii-22,22,,,,,"Decision 1009/QD-TTg:
Scheme to Implement the JETP Declaration",,,,"Supporting the development of offshore wind power capacities
and provide technical assistance to MOIT, MONRE, on marine
spatial planning and offshore wind power policies",2024 - 2028,"Grant ODA, and
support from
GFANZ and
other
stakeholders"
vnm-rmp-2023-annex-ii-23,23,,,,,"Decision 1009/QD-TTg:
Scheme to Implement the JETP Declaration",,,,"Technical support for wind speed measurement, geophysical
survey for pilot installation of 2 GW of offshore wind power;
propose measures to complete processes and regulations
related to offshore wind power monitoring",2024 - 2028,"Grant ODA, and
support from
GFANZ and
other
stakeholders"
vnm-rmp-2023-annex-ii-24,24,,,,,UNDP - Norway,,,,"Support to Offshore windpower development and National
marine spatial masterplan - Phase 1",2023-2029,"Grant ODA, and
support from
GFANZ and other
stakeholders"
vnm-rmp-2023-annex-ii-25,25,,,,,UNDP - Norway,,,,"Support to Offshore windpower development and National ma-
rine spatial masterplan - Phase 2",2024-2029,"Grant ODA, and
support from
GFANZ and other
stakeholders"
vnm-rmp-2023-annex-ii-26,26,,,,,"Decision 1009/QD-TTg:
Scheme to Implement the JETP Declaration",,,,"Support the development and application of the energy saving
service company (ESCO) business model",2023 - 2025,"Grant ODA, and
support from
GFANZ and
other
stakeholders"
vnm-rmp-2023-annex-ii-27,27,,,,,"Decision 385/QD-BXD:
Construction Sector Action Plan on
Responding to Climate Change",,,,"Technical support to determine energy consumption and GHG
emissions targets, propose measures to save and improve
energy efficiency for different types of housing, construction
projects, and construction material production facilities",2022-2025,"Grant ODA, state
budget and
other sources"
vnm-rmp-2023-annex-ii-28,28,,,,,"Decree 06/2022/ND-CP:
Decision 896/QD-TTg: National Climate
Change Strategy
Decison 882/QD-TTg: National Green
Growth Strategy",,,,"Strengthen the capacity of businesses and other stakeholders
to prepare and participate in domestic and international carbon
markets",2023 - 2030,"State budget,
grant ODA,
corporate
capital and
other sources"
vnm-rmp-2023-annex-ii-29,29,,,,,"Decision 1009/QD-TTg:
Scheme to Implement the JETP Declaration",,,,"Support the development of the smart grid to enhance the
ability to integrate renewable energy into the power system and
reduce power losses on the grid",2024 – 2025,"Grant ODA, and
support from
GFANZ and
other
stakeholders"
vnm-rmp-2023-annex-ii-30,30,,,,,"Decision 1009/QD-TTg:
Scheme to Implement the JETP Declaration",,,,"Research, propose a mechanism to encourage load reduction
during peak hours of the power system or change management
methods to operate during periods of low electricity prices",2024 - 2026,"Grant ODA, and
support from
GFANZ and
other
stakeholders"
vnm-rmp-2023-annex-ii-31,31,,,,,"Decision 1009/QD-TTg:
Scheme to Implement the JETP Declaration",,,,"Research and propose the scope, priorities and models of
private sector investment in the power grid",2024 - 2026,"Grant ODA, and
support from
GFANZ and
other
stakeholders"
vnm-rmp-2023-annex-ii-32,32,,,,,"Decison 882/QD-TTg:
National Green Growth Strategy",,,,"Support to review and propose improvements to the legal
framework to facilitate private sector investment",2024 - 2026,"Grant ODA, and
support from
GFANZ and
other
stakeholders"
vnm-rmp-2023-annex-ii-33,33,,,,,"Decision 1009/QD-TTg:
Scheme to Implement the JETP Declaration",,,,"Support the development of a policy framework and improve the
capacity of officials and technicians to develop energy storage
systems",2024 - 2026,"Grant ODA, and
support from
GFANZ and
other
stakeholders"
vnm-rmp-2023-annex-ii-34,34,,,,,"Decision 1009/QD-TTg:
Scheme to Implement the JETP Declaration",,,,"Assess the need for Battery Energy Storage Systems (BESS) and
other storage units; support Feasibility Studies",2024 - 2026,"Grant ODA, and
support from
GFANZ and
other
stakeholders"
vnm-rmp-2023-annex-ii-35,35,,,,,"Decision 1009/QD-TTg:
Scheme to Implement the JETP Declaration",,,,"Support the development and implementation of regulations
and preferential policies for the development of shared charging
systems providing green energy for transport vehicles",2025-2030,"Grant ODA, and
support from
GFANZ and
other
stakeholders"
vnm-rmp-2023-annex-ii-36,36,,,,,"Decision 896/QD-TTg:
National Climate Change Strategy
Decison 882/QD-TTg:
National Green Growth Strategy",,,,"Support the proposal of measures to restructure the
transport market, promote individuals and transport enterprises
to convert to electric and high-volume transport vehicles;
enhance the connection of transport modes, reduce costs,
improve the quality of transport services",2022-2030,"State budget,
grant ODA"
vnm-rmp-2023-annex-ii-37,37,,,,,Decision No. 876/QD-TTg in 2022,,,,"Promote bus and taxi transportation business to convert to
electric vehicles",2022 - 2030,"State budget,
grant ODA"
vnm-rmp-2023-annex-ii-38,38,,,,,IPG proposal,,,,"Support the establishment of a Centre of Excellence (CoE) for
offshore wind power",2023-2024,UK Government
vnm-rmp-2023-annex-ii-39,39,,,,,"Decision 1009/QD-TTg:
Scheme to Implement the JETP Declaration",,,,"Research and propose national criteria, standards, and
technical regulations for identifying clean technologies and
green transformation projects; supplement national standards
and regulations in the field of recycling and waste utilization
from energy production",2024-2026,"Grant ODA, and
support from
GFANZ and
other
stakeholders"
vnm-rmp-2023-annex-ii-40,40,,,,,"Decision 1009/QD-TTg:
Scheme to Implement
the JETP Declaration;
Petrovietnam",,,,"Research and develop applications of new energy sources (green
hydrogen, green ammonia); pilot study for carbon capture, use
and storage (CCUS); co-firing with ammonia for boilers
(coal-fired power), methane recovery in coal mining and oil and
gas exploitation, storage, processing, and transportation of
coal, petroleum, and other fuel, include on-shore, off-shore, and
continental shelf of Vietnam.",2024-2028,"Grant ODA, and
support from
GFANZ and
other
stakeholders"
vnm-rmp-2023-annex-ii-41,41,,,,,Petrovietnam,,,,Pilot project on green hydrogen production,2024-2028,"Grant ODA, and
support from
GFANZ and
other
stakeholders"
vnm-rmp-2023-annex-ii-42,42,,,,,Petrovietnam,,,,"Pilot project on integrating green hydrogen into Ca Mau
Fertilizer Plant",2024-2028,"Grant ODA, and
support from
GFANZ and
other
stakeholders"
vnm-rmp-2023-annex-ii-43,43,,,,,"Decision 1009/QD-TTg:
Scheme to Implement
the JETP Declaration;
Petrovietnam",,,,"Support research on international experience to propose
roadmaps, solutions for transfer and application of green
hydrogen technology, green ammonia, carbon capture, use and
storage.",2024-2028,"Grant ODA, state
budget and
other sources"
vnm-rmp-2023-annex-ii-44,44,,,,,"Decision 1009/QD-TTg:
Scheme to Implement the JETP Declaration",,,,"Develop and update a list of GHG emission reduction
technologies to propose solutions and cooperation mechanisms
for transfer and application to promote energy transition
in Viet Nam.",2022-2025,"State budget,
grant ODA"
vnm-rmp-2023-annex-ii-45,45,,,,,Decision 500/QD-TTg PDP8,,,,"Research on technology and solutions to adjust the combustion
mode in boilers of the thermal power plant when the actual load
and fuel supply vary unpredictably from the original design, in
order to increase operational and energy efficiency and reduce
greenhouse gas emissions.",2024-2025,"Grant ODA, state
budget and
other sources"
vnm-rmp-2023-annex-ii-46,46,,,,,Decision 500/QD-TTg PDP8,,,,"Research on technology and solutions to co-burn biomass
pellets with coal in thermal power plants to contribute to
proactive fuel sources and reduce emissions",2024-2025,"Grant ODA, state
budget and
other sources"
vnm-rmp-2023-annex-ii-47,47,,,,,"Decision 1009/QĐ-TTg:
Scheme to Implement the JETP Declaration",,,,"Research of using heat from exhaust fumes of thermal
power plants to co-generate and supply refrigeration to reduce
self-consumption and promote energy efficiency.",2024-2026,"Grant ODA, state
budget and
other sources"
vnm-rmp-2023-annex-ii-48,48,,,,,"Decision 680/QD-TTg:
Master plan for geological baseline survey
on minerals for the period 2021-2030, with
a vision to 2050",,,,"Investigate and evaluate overall geothermal potential for green
energy production.",2024-2030,"State budget,
grant ODA and
other sources"
vnm-rmp-2023-annex-ii-49,49,,,,,"Decision 896/QD-TTg:
National Climate Change Strategy
Decison 882/QD-TTg:
National Green Growth Strategy",,,,"Assess and forecast human resource needs and the ability to
supply human resources to meet the energy transition needs of
different sectors; support the development of a national labour
market information system for green industries, connecting
supply and demand in the green labour market.",2022-2030,"State budget,
grant ODA and
other sources"
vnm-rmp-2023-annex-ii-50,50,,,,,"Decision 1009/QD-TTg:
Scheme to Implement the JETP Declaration",,,,"Research and propose a support mechanisms to ensure reason-
able electricity prices for affected, vulnerable, and low-income
groups.",2024-2026,"Grant ODA, and
support from
GFANZ and
other
stakeholders"
vnm-rmp-2023-annex-ii-51,51,,,,,"Decision 1009/QD-TTg:
Scheme to Implement the JETP Declaration",,,,"Support the development and application of guidance on impact
assessment, readiness to participate in a just energy transition
and capacity building needs of target groups",2024-2027,"State budget,
grant ODA"
vnm-rmp-2023-annex-ii-52,52,,,,,"IPG proposal;
Decision 1009/QD-TTg:
Scheme to Implement the JETP Declaration",,,,"Review and analyze the statistics of workers who have lost
their jobs due to the energy transition; develop and implement
training and retraining programs for employees; promote social
dialogue that ensures a just energy transition",2024-2028,"Grant ODA, IPG,
GFANZ"
vnm-rmp-2023-annex-ii-53,53,,,,,IPG: Concept Note 6,,,,"Support research and propose measures towards equitable and
sustainable energy transition of Quang Ninh and Thai Nguyen
coal power plants",2024-2029,"UNDP, IPG"
vnm-rmp-2023-annex-ii-54,54,,,,,"Decision 1009/QD-TTg:
Scheme to Implement the JETP Declaration",,,,"Support the implementation of economic, social and
environmental impact assessments in the process of just energy
transition for relevant stakeholders",2024-2026,"Grant ODA, and
support from
GFANZ and
other
stakeholders"
vnm-rmp-2023-annex-ii-55,55,,,,,"Decision 1009/QD-TTg:
Scheme to Implement the JETP Declaration",,,,"Establish vocational training and career centers to ensure the
objectives of a just energy transition",2024-2028,Grant ODA
vnm-rmp-2023-annex-ii-56,56,,,,,"Decision 1009/QD-TTg:
Scheme to Implement the JETP Declaration",,,,"Improve the capacity of organizations and enterprises in
proposing and implementing projects using resources from
financial institutions, funds and international private investors",2024-2030,"State Budget,
grant ODA"
vnm-rmp-2023-annex-ii-57,57,,,,,"Decision 1009/QD-TTg:
Scheme to Implement the JETP Declaration",,,,"Develop and propose advocacy programs to raise awareness of
implementing a just energy transition",2024-2030,"Grant ODA, and
support from
GFANZ and
other
stakeholders"
vnm-rmp-2023-annex-ii-58,58,,,,,,,,,"Capacity building for the National Innovation Center on green
hydrogen and related vocational training",2024-2030,"Grant ODA,
and support
from GFANZ
and other
stakeholders"
vnm-rmp-2023-annex-ii-59,59,,,,,IPG proposal,,,,"Support the development and implementation of traceability
and carbon monitoring in the production, preservation,
processing and transportation of pangasius, shrimp and dragon
fruit, contributing to promoting the application of renewable
energy and improving energy efficiency",2024-2029,"State budget,
grant ODA"
vnm-rmp-2023-annex-ii-60,60,,,,,"Decision 1009/QD-TTg:
Scheme to Implement the JETP Declaration",,,,"Establishment of the International Center for Renewable Energy
located in Viet Nam",2024 - 2025,"Grant ODA, and
support from
GFANZ and
other
stakeholders"
vnm-rmp-2023-annex-ii-61,61,,,,,"Decision 1009/QD-TTg:
Scheme to Implement the JETP Declaration",,,,"Research and propose solutions and roadmaps to promote
cooperation in connecting power grids with countries in the re-
gion to enhance system connectivity, power exchange, and take
advantage of countries’ resource strengths",2024 - 2025,"Grant ODA, and
support from
GFANZ and
other
stakeholders"
